Feature Combination,Number of Features,n_estimators,R2 Validation,MSE Validation,MAE Validation,Validation R2 CI Lower,Validation R2 CI Upper,Validation MSE CI Lower,Validation MSE CI Upper,Validation MAE CI Lower,Validation MAE CI Upper,Train R2,Train MSE,Train MAE,Train R2 CI Lower,Train R2 CI Upper,Train MSE CI Lower,Train MSE CI Upper,Train MAE CI Lower,Train MAE CI Upper
"['Lignin (wt%)', 'Co-polyol type (PTHF)', 'r', 'Copolyol (wt%)']",4,1,0.28559808199842596,500.48565323870497,17.143001495700425,0.12457182986551363,0.4466243341313383,404.62583371373245,596.3454727636774,15.668629684886358,18.61737330651449,0.33115368025484043,489.97026890398547,17.198279579739193,0.28190616839938043,0.38040119211030043,455.1229353054916,524.8176025024794,16.40206861507623,17.994490544402154
"['Lignin (wt%)', 'Co-polyol type (PTHF)', 'r', 'Copolyol (wt%)']",4,10,0.31393151538874564,483.3633108476345,16.43342162262439,0.15875754580979284,0.46910548496769844,383.81974707513854,582.9068746201305,14.663389584155592,18.20345366109319,0.3796245736254528,454.3155972907715,16.23891929204958,0.3380867870272923,0.42116236022361336,426.54189915758167,482.08929542396135,15.523239320773962,16.954599263325196
"['Lignin (wt%)', 'Co-polyol type (PTHF)', 'r', 'Copolyol (wt%)']",4,50,0.3251121439366832,474.9317902372104,16.052312497310574,0.16157044042482857,0.4886538474485378,369.72327979439603,580.1403006800248,14.269496027096677,17.835128967524472,0.3803707370905615,453.85025612571326,16.190044039090576,0.3351729075414487,0.42556856663967435,422.41389248200596,485.28661976942055,15.427064784919924,16.95302329326123
"['Lignin (wt%)', 'Co-polyol type (PTHF)', 'r', 'Copolyol (wt%)']",4,100,0.32853695403819677,471.14374730981956,16.21089297201009,0.1635032160074949,0.49357069206889864,367.9849188798896,574.3025757397495,14.399921758200014,18.021864185820164,0.3798953760799889,454.07737858428163,16.175527466041736,0.335397298603138,0.42439345355683983,424.30530396954043,483.84945319902283,15.434803191394572,16.9162517406889
"['Lignin (wt%)', 'Co-polyol type (PTHF)', 'r', 'Copolyol (wt%)']",4,200,0.33591256489167776,466.71939977379117,16.142692930923168,0.1805572226500832,0.4912679071332723,367.35565093408536,566.083148613497,14.516707968900297,17.76867789294604,0.37466652913049514,458.1299777907652,16.284951046053703,0.3352877067199885,0.4140453515410018,430.5092228028505,485.75073277867995,15.597670152401959,16.972231939705445
"['Lignin (wt%)', 'Co-polyol type (PTHF)', 'r', 'Copolyol (wt%)']",4,300,0.33205747818841036,469.4070958079272,16.061087786736977,0.1741773656197274,0.4899375907570933,368.79605185242997,570.0181397634244,14.439049090796534,17.68312648267742,0.37360843581313574,458.84068100608437,16.261126572507084,0.3297386079185989,0.4174782637076726,428.30511501546135,489.3762469967074,15.503658270605449,17.01859487440872
"['Lignin (wt%)', 'Co-polyol type (PTHF)', 'r', 'Copolyol (wt%)']",4,400,0.3248618565332563,474.5653053680704,16.043581543219293,0.16354386131021598,0.4861798517562966,371.7433666559871,577.3872440801538,14.399962377901307,17.68720070853728,0.3763362564125407,456.77043641710645,16.218038299996955,0.33070758337878303,0.4219649294462984,425.424168333996,488.1167045002169,15.458541163903485,16.977535436090427
"['Lignin (wt%)', 'Co-polyol type (PTHF)', 'r', 'Copolyol (wt%)']",4,500,0.32196205810555256,476.5597887758856,16.048104958588798,0.15973127776446439,0.48419283844664074,373.42474364957195,579.6948339021992,14.369420700188158,17.726789216989438,0.37748226902564563,455.86810002610474,16.21064451510514,0.32998116005162276,0.4249833779996685,423.52839521515995,488.20780483704954,15.456086033150466,16.965202997059816
"['Lignin (wt%)', 'Co-polyol type (PTHF)', 'r', 'Copolyol (wt%)']",4,600,0.3200027647610972,478.4893183058942,16.063770393547212,0.16023201338151163,0.47977351614068275,376.16661715536964,580.8120194564187,14.340324858141548,17.78721592895288,0.37891109271315193,454.78915510046284,16.191234347003025,0.3303180333264256,0.42750415209987824,421.8120720343334,487.76623816659225,15.41987311074762,16.96259558325843
"['Lignin (wt%)', 'Co-polyol type (PTHF)', 'r', 'Copolyol (wt%)']",4,700,0.32290468673506045,476.503001427689,16.03084452485778,0.16265077487909346,0.48315859859102744,373.7066348067048,579.2993680486732,14.268127384094655,17.793561665620906,0.3798614014090891,454.06401164613635,16.180514751718004,0.3308094712522367,0.42891333156594147,420.9224491420459,487.2055741502268,15.415078522243913,16.945950981192095
"['Lignin (wt%)', 'Co-polyol type (PTHF)', 'r', 'Copolyol (wt%)']",4,800,0.32357447272696244,475.96522754127056,16.021544630439884,0.16128883058883187,0.485860114865093,371.8746685994675,580.0557864830737,14.232998744946642,17.810090515933126,0.3798002402988465,454.1042991223265,16.18110867979673,0.3305816424182446,0.4290188381794484,420.8623841928239,487.34621405182907,15.413972138032827,16.948245221560633
"['Lignin (wt%)', 'Co-polyol type (PTHF)', 'r', 'Copolyol (wt%)']",4,900,0.3311931909252717,470.81072829516415,15.979114639244907,0.17665348306155867,0.48573289878898473,371.5786184750856,570.0428381152427,14.233784730774047,17.724444547715766,0.37822753536791137,455.286145708807,16.16303899126209,0.33041262371196234,0.4260424470238604,422.98315316607693,487.58913825153707,15.365151160298472,16.96092682222571
"['Lignin (wt%)', 'Co-polyol type (PTHF)', 'r', 'Copolyol (wt%)']",4,1000,0.33209966949800646,470.19798323711274,15.977302436786108,0.1768306845096096,0.4873686544864033,370.30863946217414,570.0873270120513,14.223768959034054,17.73083591453816,0.37792807463659933,455.5178913629337,16.165911372834973,0.3303083111710323,0.42554783810216634,423.28344670538,487.7523360204874,15.369428120630436,16.962394625039508
"['Lignin (wt%)', 'Co-polyol type (PTHF)', 'r', 'Isocyanate (wt%)']",4,1,0.28844616644645293,501.80876870499185,17.43052458066552,0.15856574405559853,0.41832658883730733,413.79706364970207,589.8204737602816,15.907643405472907,18.95340575585813,0.3372501649771166,485.66370248861205,17.26450312850601,0.2959920506753523,0.37850827927888087,455.5169034458161,515.810501531408,16.53938938167312,17.9896168753389
"['Lignin (wt%)', 'Co-polyol type (PTHF)', 'r', 'Isocyanate (wt%)']",4,10,0.3176195257243616,480.36578078513196,16.87803105896987,0.17770501938168784,0.45753403206703536,388.8523319923993,571.8792295778646,15.23691280830417,18.51914930963557,0.35034974579374845,475.97956037509687,16.942388277056285,0.30796495369875054,0.39273453788874635,445.6656652352317,506.29345551496203,16.204383284703372,17.680393269409198
"['Lignin (wt%)', 'Co-polyol type (PTHF)', 'r', 'Isocyanate (wt%)']",4,50,0.322294630684654,476.94257347912554,16.77554736367946,0.19310502904913526,0.45148423232017276,394.15068638060023,559.7344605776508,15.243739739394744,18.307354987964178,0.36149592247642026,467.8416131334219,16.832938109555435,0.3208076758566056,0.40218416909623494,438.5296657043523,497.1535605624915,16.136125921730674,17.529750297380197
"['Lignin (wt%)', 'Co-polyol type (PTHF)', 'r', 'Isocyanate (wt%)']",4,100,0.3314154408766693,470.0163654243327,16.641211878582986,0.18900364822454213,0.47382723352879647,378.7145617054813,561.3181691431842,14.989964729457027,18.292459027708944,0.3600454917506702,468.9265010991753,16.854323580621216,0.31875592589929536,0.401335057602045,438.966939851449,498.8860623469016,16.126488474590918,17.582158686651514
"['Lignin (wt%)', 'Co-polyol type (PTHF)', 'r', 'Isocyanate (wt%)']",4,200,0.32984293516713264,470.9301902400789,16.686241147443365,0.1946394995168888,0.4650463708173765,384.9399677364448,556.920412743713,15.111714872692074,18.260767422194657,0.35532844589364687,472.29527603903136,16.88597327223207,0.3104849639061945,0.40017192788109923,440.34668789973296,504.2438641783298,16.13928025139975,17.632666293064393
"['Lignin (wt%)', 'Co-polyol type (PTHF)', 'r', 'Isocyanate (wt%)']",4,300,0.32871735548087605,472.27721599561136,16.68533919759982,0.19620481908360163,0.46122989187815044,386.67613518857297,557.8782968026497,15.122976664345089,18.24770173085455,0.3523926631419073,474.485896499412,16.933513081522477,0.3107812719718024,0.39400405431201224,444.6877840181667,504.28400898065723,16.229000361926715,17.63802580111824
"['Lignin (wt%)', 'Co-polyol type (PTHF)', 'r', 'Isocyanate (wt%)']",4,400,0.32545719398715667,474.87885860478275,16.70438292911686,0.1955006999384047,0.45541368803590865,390.09489411889,559.6628230906755,15.164033167962831,18.24473269027089,0.3517725467530294,474.945645842018,16.943174125649275,0.3110745162409958,0.39247057726506296,445.7805474058789,504.1107442781571,16.25968962219748,17.62665862910107
"['Lignin (wt%)', 'Co-polyol type (PTHF)', 'r', 'Isocyanate (wt%)']",4,500,0.3270289977814832,473.8802897066582,16.75618628805526,0.19674853406931242,0.457309461493654,388.3772348755377,559.3833445377787,15.231567960218104,18.280804615892418,0.35301927750362905,474.00968448499134,16.938062839264546,0.31341184406650485,0.39262671094075324,445.90125276889245,502.11811620109023,16.258683875162916,17.617441803366177
"['Lignin (wt%)', 'Co-polyol type (PTHF)', 'r', 'Isocyanate (wt%)']",4,600,0.32760753045085494,473.54755476680594,16.75739090980362,0.19749913682583334,0.4577159240758766,387.77502967813945,559.3200798554725,15.231717371836888,18.283064447770347,0.35329341028771644,473.7985093605541,16.931256514402286,0.31351705469708685,0.393069765878346,445.64543448234326,501.9515842387649,16.2481442670113,17.614368761793273
"['Lignin (wt%)', 'Co-polyol type (PTHF)', 'r', 'Isocyanate (wt%)']",4,700,0.3254416416879173,475.1030793525636,16.784029447899695,0.19707900971690903,0.4538042736589255,390.54587910027715,559.6602796048501,15.303352695706536,18.264706200092853,0.3517712037318178,474.91897374133106,16.946062619638866,0.3093533580996336,0.394189049364002,444.727605139345,505.11034234331714,16.21516840659585,17.67695683268188
"['Lignin (wt%)', 'Co-polyol type (PTHF)', 'r', 'Isocyanate (wt%)']",4,800,0.32717261330602737,473.92037322470986,16.760644855280923,0.19891553031194317,0.45542969630011154,389.06544397555297,558.7753024738668,15.281035214054286,18.240254496507557,0.3518570726869092,474.8476299193333,16.94341365664065,0.3089000768834158,0.39481406849040257,444.316541513176,505.37871832549064,16.209406255510743,17.67742105777056
"['Lignin (wt%)', 'Co-polyol type (PTHF)', 'r', 'Isocyanate (wt%)']",4,900,0.33409836105658786,469.73404660758376,16.725433911790624,0.20400378590200163,0.4641929362111741,381.847984248007,557.6201089671605,15.204684538396366,18.246183285184884,0.3535503416252307,473.56116017442025,16.934176129915947,0.3102360654598883,0.3968646177905731,443.15988236858516,503.96243798025534,16.198275225320906,17.67007703451099
"['Lignin (wt%)', 'Co-polyol type (PTHF)', 'r', 'Isocyanate (wt%)']",4,1000,0.33468373929931505,469.3587464508817,16.724634666785317,0.20439704366582065,0.46497043493280943,381.04510358647474,557.6723893152887,15.195293945497998,18.253975388072636,0.35389875531340836,473.30010418549773,16.929499943961773,0.31042842788913055,0.3973690827376862,442.81781392374006,503.7823944472554,16.190398081401913,17.668601806521632
"['Lignin (wt%)', 'Co-polyol type (PTHF)', 'r', 'Isocyanate (mmol NCO)']",4,1,0.16808541626989598,585.1683291744279,19.00437680855669,-0.002311865640425542,0.3384826981802175,471.9326619139754,698.4039964348804,17.44546621228348,20.563287404829897,0.265453194665527,538.1359543120548,18.47203634638162,0.2148870158105828,0.3160193735204712,502.03185618826404,574.2400524358454,17.57061025362942,19.37346243913382
"['Lignin (wt%)', 'Co-polyol type (PTHF)', 'r', 'Isocyanate (mmol NCO)']",4,10,0.17473398777233368,579.9039388216821,18.90341190238661,0.016647343318523466,0.3328206322261439,480.91072344836454,678.8971541949998,17.50669148222051,20.300132322552706,0.26061147261528383,541.6809536708759,18.563333710831138,0.21083790108167672,0.31038504414889095,506.2629541430881,577.0989531986636,17.63916966364461,19.487497758017668
"['Lignin (wt%)', 'Co-polyol type (PTHF)', 'r', 'Isocyanate (mmol NCO)']",4,50,0.17446360078091522,579.0718371291883,18.814343841264225,0.01492890124820781,0.33399830031362265,481.5699081194729,676.5737661389038,17.47637896145486,20.15230872107359,0.25499016092259885,545.8261063075705,18.639262035410233,0.20152651388861215,0.30845380795658556,507.4010360705064,584.2511765446346,17.686166002403475,19.592358068416992
"['Lignin (wt%)', 'Co-polyol type (PTHF)', 'r', 'Isocyanate (mmol NCO)']",4,100,0.16855009983546196,583.2825664145032,18.895732087471064,0.01047579913750643,0.32662440053341746,487.4176493519835,679.1474834770229,17.526167820598936,20.265296354343192,0.25576855219855854,545.2808431802181,18.6511060425599,0.2057868554888903,0.3057502489082268,509.26719431897226,581.2944920414639,17.756856331516087,19.54535575360371
"['Lignin (wt%)', 'Co-polyol type (PTHF)', 'r', 'Isocyanate (mmol NCO)']",4,200,0.1674809624611757,584.7213906056664,18.926987243365595,0.01429534928644935,0.32066657563590206,490.3632081020663,679.0795731092666,17.561407611549825,20.292566875181365,0.25973000647919997,542.3884568095098,18.609951515369254,0.20991282462719055,0.30954718833120937,506.3892228906772,578.3876907283424,17.69631199907576,19.523591031662747
"['Lignin (wt%)', 'Co-polyol type (PTHF)', 'r', 'Isocyanate (mmol NCO)']",4,300,0.16857190390997392,584.0130104739351,18.921166917671037,0.017370759686115844,0.319773048133832,490.8941971075369,677.1318238403333,17.593553962280343,20.248779873061732,0.25992769284550693,542.2743065185681,18.612126652935142,0.2105509175934176,0.30930446809759626,506.39587979750206,578.1527332396341,17.69549804620342,19.528755259666866
"['Lignin (wt%)', 'Co-polyol type (PTHF)', 'r', 'Isocyanate (mmol NCO)']",4,400,0.16935045707320423,583.5969183490485,18.916245452137606,0.018527797289174308,0.32017311685723415,489.8588736940117,677.3349630040852,17.589270010990578,20.243220893284633,0.2615268843450875,541.1611742004834,18.588027653966673,0.21320156849635663,0.3098522001938183,505.61591423959885,576.706434161368,17.683345802853886,19.49270950507946
"['Lignin (wt%)', 'Co-polyol type (PTHF)', 'r', 'Isocyanate (mmol NCO)']",4,500,0.17222336883155792,581.2078053908856,18.886827990023868,0.0178909984572245,0.3265557392058913,485.89988776004293,676.5157230217283,17.576653013232576,20.19700296681516,0.2619362130815838,540.8634753991278,18.571004426258362,0.21403394394739217,0.3098384822157755,505.60385820106825,576.1230925971872,17.67807878874194,19.463930063774786
"['Lignin (wt%)', 'Co-polyol type (PTHF)', 'r', 'Isocyanate (mmol NCO)']",4,600,0.17220906582140408,581.2341859610663,18.878138254402494,0.01611530716706369,0.32830282447574444,484.3974812629678,678.0708906591648,17.557722171967495,20.198554336837493,0.2627348098668077,540.3178330236283,18.557369494131542,0.2151536117882777,0.3103160079453377,504.9905856437476,575.6450804035089,17.669272720561917,19.445466267701168
"['Lignin (wt%)', 'Co-polyol type (PTHF)', 'r', 'Isocyanate (mmol NCO)']",4,700,0.17432165608288136,579.6364641053432,18.864041403361497,0.020403178890297857,0.32824013327546486,485.1876384675151,674.0852897431712,17.581736641007108,20.146346165715887,0.2607574480998188,541.7286659673562,18.57921185762531,0.2143285583074046,0.30718633789223304,507.5411626804076,575.9161692543048,17.70758110603264,19.45084260921798
"['Lignin (wt%)', 'Co-polyol type (PTHF)', 'r', 'Isocyanate (mmol NCO)']",4,800,0.17444152703260798,579.6398027229575,18.87571878328179,0.021058398552557644,0.3278246555126583,485.205887331475,674.07371811444,17.596704395682995,20.154733170880586,0.2608343173778057,541.6757935353098,18.57975651138167,0.21484382231210894,0.3068248124435025,507.78533062891086,575.5662564417088,17.714994934674174,19.44451808808917
"['Lignin (wt%)', 'Co-polyol type (PTHF)', 'r', 'Isocyanate (mmol NCO)']",4,900,0.16441182633547421,586.3624622266258,18.9788569402808,0.013192703878723455,0.315630948792225,494.56043079005883,678.1644936631927,17.733490793290823,20.224223087270776,0.2625280353726246,540.4146544044597,18.557922433934618,0.21886769899806466,0.3061883717471845,508.44294378056117,572.3863650283582,17.722327427454463,19.393517440414772
"['Lignin (wt%)', 'Co-polyol type (PTHF)', 'r', 'Isocyanate (mmol NCO)']",4,1000,0.1597710129743693,589.5948552207617,18.97269688531586,0.011424551443628417,0.3081174745051102,500.21060886060786,678.9791015809155,17.727069411277977,20.21832435935374,0.26494743837492296,538.6447690774246,18.51616375581345,0.22425285233495984,0.3056420244148861,508.8177573915054,568.4717807633439,17.7202529578872,19.312074553739702
"['Lignin (wt%)', 'Co-polyol type (PTHF)', 'r', 'Isocyonate type']",4,1,0.29946980248672006,493.2951123732062,17.006674706158122,0.16308957107634678,0.4358500338970933,402.24769203729596,584.3425327091165,15.476735740896428,18.53661367141982,0.33808667762039757,485.20236314959845,17.053078583049743,0.291280702293933,0.38489265294686215,449.9000487540741,520.5046775451228,16.2801465943257,17.826010571773786
"['Lignin (wt%)', 'Co-polyol type (PTHF)', 'r', 'Isocyonate type']",4,10,0.2918878709957526,497.56152828166523,16.95520537740487,0.1505531583592185,0.43322258363228666,405.8795631087616,589.2434934545689,15.52427049447866,18.38614026033108,0.3444705247335477,480.4044246763572,16.845170124123435,0.29776802543712044,0.391173024029975,445.85936998864645,514.949479364068,16.024026796171675,17.666313452075194
"['Lignin (wt%)', 'Co-polyol type (PTHF)', 'r', 'Isocyonate type']",4,50,0.29467708844265045,495.76625896226733,16.82275747529454,0.14588637605612065,0.44346780082918025,398.75849584050457,592.7740220840301,15.247296212501318,18.398218738087763,0.348174213694787,477.83628360125385,16.811924026436166,0.301605867788119,0.39474255960145505,442.29014879700327,513.3824184055044,15.970622360689793,17.653225692182538
"['Lignin (wt%)', 'Co-polyol type (PTHF)', 'r', 'Isocyonate type']",4,100,0.3113609722363012,484.1363313866559,16.661490229761522,0.16349320998138817,0.45922873449121426,386.9921098401257,581.2805529331861,15.056070189034084,18.26691027048896,0.34927994602296664,476.97001280286287,16.801855161130604,0.30635816562582274,0.39220172642011053,444.41316883138586,509.5268567743399,16.02522922868779,17.578481093573416
"['Lignin (wt%)', 'Co-polyol type (PTHF)', 'r', 'Isocyonate type']",4,200,0.29682780843230355,493.92465406366,16.78980259055581,0.14739289078612375,0.4462627260784834,396.6967862810365,591.1525218462834,15.196889726917536,18.38271545419408,0.3523226729753818,474.7850261130346,16.74538302136125,0.3095677213591883,0.39507762459157525,441.9918431977879,507.57820902828126,15.945261404977364,17.545504637745132
"['Lignin (wt%)', 'Co-polyol type (PTHF)', 'r', 'Isocyonate type']",4,300,0.2880986926496918,499.91449210596477,16.932806522865224,0.1381180013748303,0.43807938392455326,403.01994377410915,596.8090404378204,15.325373873780132,18.54023917195032,0.35352507634730646,473.8566481832353,16.778640972312854,0.3117969617409268,0.3952531909536861,442.11082176634903,505.6024746001215,16.01083736683166,17.54644457779405
"['Lignin (wt%)', 'Co-polyol type (PTHF)', 'r', 'Isocyonate type']",4,400,0.29083280798965466,497.75293912537774,16.957253394751184,0.14339133745159283,0.4382742785277165,404.0605611696675,591.445317081088,15.393687737090879,18.52081905241149,0.35644124674317756,471.7428718776176,16.709265970241756,0.3147609833002813,0.39812151018607383,439.85512145912145,503.6306222961137,15.921245253780887,17.497286686702623
"['Lignin (wt%)', 'Co-polyol type (PTHF)', 'r', 'Isocyonate type']",4,500,0.28309618825433014,503.782936732932,16.98741873530103,0.13602855922732865,0.43016381728133163,408.49189773794245,599.0739757279216,15.413781491727521,18.56105597887454,0.35507435544730254,472.7739828822381,16.760424557432525,0.3125518803954626,0.39759683049914246,440.0889047189353,505.4590610455409,15.962326235444392,17.558522879420657
"['Lignin (wt%)', 'Co-polyol type (PTHF)', 'r', 'Isocyonate type']",4,600,0.280890219284358,505.6581674838343,16.951286127868762,0.13621400652979604,0.4255664320389199,412.02609068182807,599.2902442858405,15.415940273727738,18.486631982009786,0.3572867259741923,471.1690721157489,16.681350272054015,0.3129926283576686,0.401580823590716,437.1009205486768,505.237223682821,15.842075737596712,17.520624806511318
"['Lignin (wt%)', 'Co-polyol type (PTHF)', 'r', 'Isocyonate type']",4,700,0.28787816554604984,500.8898063364959,16.87370481548741,0.13671177575014454,0.43904455534195513,401.7324756997093,600.0471369732825,15.271186328596235,18.476223302378585,0.3523905644626475,474.75904937230143,16.721500315742013,0.30456772172655117,0.4002134071987438,438.20644671753587,511.311652027067,15.857323091085004,17.585677540399022
"['Lignin (wt%)', 'Co-polyol type (PTHF)', 'r', 'Isocyonate type']",4,800,0.28849440535793497,500.5701164206339,16.865168625930956,0.13644985114438574,0.4405389595714842,400.4279555292178,600.71227731205,15.253370313778987,18.476966938082924,0.3525345697801714,474.64783388753796,16.71365045814028,0.30470431459883107,0.4003648249615117,438.14088951879927,511.15477825627664,15.856108655422517,17.57119226085804
"['Lignin (wt%)', 'Co-polyol type (PTHF)', 'r', 'Isocyonate type']",4,900,0.289270752345214,500.1564113594799,16.85312367817722,0.13695426783245906,0.4415872368579689,399.50915439412336,600.8036683248364,15.231695650315695,18.474551706038742,0.35275511734270404,474.4776211526033,16.707617072696255,0.30534532647801255,0.40016490820739553,438.3340380573975,510.62120424780915,15.859011995966041,17.556222149426468
"['Lignin (wt%)', 'Co-polyol type (PTHF)', 'r', 'Isocyonate type']",4,1000,0.28957626804507713,499.9742772901524,16.846141379024882,0.13729152458646035,0.44186101150369395,399.2769359651466,600.6716186151582,15.219127419849737,18.473155338200026,0.353036040891217,474.26633718618376,16.701809258691462,0.30587311373354226,0.4001989680488917,438.3402546417117,510.19241973065584,15.858028375717135,17.545590141665787
"['Lignin (wt%)', 'Co-polyol type (PTHF)', 'r', 'tin(II) octoate']",4,1,0.2215045212363777,544.1205545635406,18.254982027576453,0.04934114455635569,0.3936678979163997,444.9990514002823,643.2420577267989,16.82443589497508,19.685528160177828,0.283608115552599,524.6940614177455,17.893197046287224,0.2330243725682471,0.33419185853695094,489.6701213040348,559.7180015314563,16.955580279996255,18.830813812578192
"['Lignin (wt%)', 'Co-polyol type (PTHF)', 'r', 'tin(II) octoate']",4,10,0.2595570972107061,519.4324675163487,17.641735716035818,0.10052315067426884,0.4185910437471433,420.45651048694026,618.408424545757,15.89978478821596,19.383686643855675,0.2930870243196507,517.8870100660135,17.67682708141311,0.24675783312817548,0.339416215511126,485.24200865759803,550.532011474429,16.854325449650077,18.49932871317614
"['Lignin (wt%)', 'Co-polyol type (PTHF)', 'r', 'tin(II) octoate']",4,50,0.25772637096271833,519.6119579383438,17.582137161564752,0.09562788102363376,0.41982486090180293,422.72149443492043,616.5024214417672,15.84813312164629,19.316141201483212,0.2925556803556039,518.2504650288258,17.680267910367057,0.2450330083340873,0.34007835237712053,484.9147269301148,551.5862031275368,16.851243978162493,18.50929184257162
"['Lignin (wt%)', 'Co-polyol type (PTHF)', 'r', 'tin(II) octoate']",4,100,0.2600652869721523,518.971135227205,17.603689178116188,0.10834512862349299,0.4117854453208116,425.70279009375366,612.2394803606563,15.945897816910673,19.261480539321703,0.2896151404354539,520.4917936909726,17.74623770112523,0.24323229050190825,0.3359979903689995,487.3210770929868,553.6625102889584,16.88526824973838,18.607207152512082
"['Lignin (wt%)', 'Co-polyol type (PTHF)', 'r', 'tin(II) octoate']",4,200,0.2589523133298207,518.853993917611,17.62015051478066,0.10123232825604228,0.41667229840359915,424.3050599989345,613.4029278362874,15.964907734599846,19.275393294961475,0.2900101875978436,520.2090892397877,17.73376381980078,0.2438532927692267,0.33616708242646043,487.15845015734084,553.2597283222344,16.87343276560806,18.5940948739935
"['Lignin (wt%)', 'Co-polyol type (PTHF)', 'r', 'tin(II) octoate']",4,300,0.26239240885747117,516.3502471513566,17.546548540361954,0.10413098412740518,0.42065383358753716,421.9520313940655,610.7484629086476,15.87808250884409,19.21501457187982,0.2910800629330739,519.4183517586509,17.709412380120703,0.24553425376311455,0.3366258721030333,486.87176571074673,551.9649378065551,16.865998503974822,18.552826256266584
"['Lignin (wt%)', 'Co-polyol type (PTHF)', 'r', 'tin(II) octoate']",4,400,0.26033844312762255,517.5999145567832,17.56332148961712,0.10075388415333328,0.4199230021019118,422.9935393332521,612.2062897803144,15.900945786817248,19.225697192416995,0.29197866575224946,518.7606257963344,17.684863917365508,0.246322497682882,0.3376348338216169,486.128949224933,551.3923023677357,16.83926312058554,18.530464714145477
"['Lignin (wt%)', 'Co-polyol type (PTHF)', 'r', 'tin(II) octoate']",4,500,0.2570830313471095,519.9409297823443,17.50686038170795,0.09734220048682987,0.4168238622073892,425.01908076414924,614.8627788005393,15.700378341473158,19.31334242194274,0.2930570600998238,517.9801152837628,17.66819820645128,0.24961624590975368,0.3364978742898939,486.9371091192693,549.0231214482562,16.87156676472122,18.46482964818134
"['Lignin (wt%)', 'Co-polyol type (PTHF)', 'r', 'tin(II) octoate']",4,600,0.255578668405566,520.974482786605,17.517582412212825,0.09519131961068358,0.41596601720044835,425.4392460816764,616.5097194915336,15.694125592848245,19.341039231577405,0.29331957477512616,517.7999230119557,17.664475616204946,0.24989044680067612,0.3367487027495762,486.66189622295315,548.9379498009582,16.866517068182464,18.462434164227428
"['Lignin (wt%)', 'Co-polyol type (PTHF)', 'r', 'tin(II) octoate']",4,700,0.25400840270205627,521.9671181310716,17.531068756324668,0.09292581495030158,0.4150909904538109,426.21765829442603,617.7165779677173,15.699677448877425,19.362460063771913,0.2938109138326273,517.436915294184,17.65676569851899,0.2502201997573948,0.3374016279078598,486.2005830613425,548.6732475270255,16.857277656994835,18.45625374004314
"['Lignin (wt%)', 'Co-polyol type (PTHF)', 'r', 'tin(II) octoate']",4,800,0.25823099165007246,519.553411112403,17.514000588978167,0.10436673186462692,0.412095251435518,426.28706405618703,612.8197581686189,15.685669163241373,19.342332014714962,0.2943371633336642,517.0426273369701,17.65905290451883,0.25055356036083754,0.3381207663064909,485.7346437834914,548.3506108904488,16.860379850078292,18.45772595895937
"['Lignin (wt%)', 'Co-polyol type (PTHF)', 'r', 'tin(II) octoate']",4,900,0.25773606775875735,519.8890358293945,17.514822356444494,0.10365605083304366,0.41181608468447106,426.49447635233685,613.2835953064522,15.681437513718834,19.348207199170155,0.29463445600827676,516.8269550639438,17.654027105584774,0.2508495080332827,0.3384194039832708,485.4999039178044,548.1540062100833,16.853904636105437,18.45414957506411
"['Lignin (wt%)', 'Co-polyol type (PTHF)', 'r', 'tin(II) octoate']",4,1000,0.2596637682035069,519.0510063863428,17.502591754792455,0.1046652783503384,0.4146622580566754,423.77284866911964,614.329164103566,15.608489446047493,19.396694063537417,0.29671549030616584,515.3383783880163,17.623522819860906,0.25309469920700944,0.34033628140532224,483.8061452935391,546.8706114824935,16.807476614530543,18.43956902519127
"['Lignin (wt%)', 'Co-polyol type (PTHF)', 'r', 'Sratio(%)']",4,1,0.3100730236018883,486.16037465913206,16.771043774757207,0.15310797474728882,0.4670380724564878,379.18850176481715,593.132247553447,14.979637726788821,18.56244982272559,0.3490262612003377,477.00177846544,17.03443681855044,0.2924000039531576,0.4056525184475178,435.7164896324544,518.2870672984257,16.167440567467914,17.901433069632965
"['Lignin (wt%)', 'Co-polyol type (PTHF)', 'r', 'Sratio(%)']",4,10,0.36781482225677137,446.5703260477374,15.77787676649804,0.24865393102179778,0.48697571349174495,362.9157526040759,530.2248994913989,14.307022551677886,17.248730981318193,0.40066472902666855,438.6955043827212,16.024164586343495,0.3498562648730959,0.4514731931802412,404.97937666211436,472.41163210332803,15.294209228586732,16.754119944100257
"['Lignin (wt%)', 'Co-polyol type (PTHF)', 'r', 'Sratio(%)']",4,50,0.3638966878892472,450.9971170980667,15.697680043830042,0.2600265649568051,0.46776681082168925,372.00119895046686,529.9930352456665,14.298194890520959,17.097165197139123,0.40662934374510923,434.5387747230121,15.765155448450756,0.36001964348552984,0.4532390440046886,402.5940078937119,466.4835415523124,15.122454947772045,16.407855949129466
"['Lignin (wt%)', 'Co-polyol type (PTHF)', 'r', 'Sratio(%)']",4,100,0.3571450071117266,454.40219637972166,15.733193571267302,0.24841590053785717,0.465874113685596,377.24567790400494,531.5587148554384,14.401302941421575,17.06508420111303,0.4111073010523376,431.2601653739165,15.741443205952844,0.36895181264058463,0.4532627894640906,402.7275923105004,459.79273843733256,15.180309972314111,16.30257643959158
"['Lignin (wt%)', 'Co-polyol type (PTHF)', 'r', 'Sratio(%)']",4,200,0.36311539266959,450.30147748353284,15.738907467568438,0.25905238991003005,0.4671783954291499,375.46087813795265,525.142076829113,14.397044279601241,17.080770655535634,0.3962801126371902,442.2593214502475,16.02172198617423,0.3514555031136452,0.4411047221607352,410.65701859927685,473.86162430121817,15.371529212674162,16.6719147596743
"['Lignin (wt%)', 'Co-polyol type (PTHF)', 'r', 'Sratio(%)']",4,300,0.3629066282947021,450.4591732528902,15.742109140996973,0.25200818920217066,0.47380506738723355,371.5125539230731,529.4057925827072,14.355214531787714,17.129003750206234,0.39602998130594813,442.3044840196435,16.026413982071023,0.3484399483341849,0.44362001427771136,409.6775008540619,474.9314671852251,15.36168631299099,16.691141651151057
"['Lignin (wt%)', 'Co-polyol type (PTHF)', 'r', 'Sratio(%)']",4,400,0.3565943907518811,454.65010812078873,15.749645698335332,0.24212003075384847,0.4710687507499137,374.18367231215393,535.1165439294235,14.347072335878602,17.15221906079206,0.3988896367048898,440.2642757979238,15.96383732183367,0.3525379834774511,0.44524128993232853,408.1618267607806,472.366724835067,15.311204343204402,16.61647030046294
"['Lignin (wt%)', 'Co-polyol type (PTHF)', 'r', 'Sratio(%)']",4,500,0.35313983024878454,457.1856362311535,15.8124832660454,0.23454619105840954,0.4717334694391595,373.2596345024533,541.1116379598537,14.427218352302969,17.19774817978783,0.3968515146943652,441.7710738713933,15.995630856674392,0.348525114097104,0.44517791529162637,408.1021816329624,475.4399661098242,15.295579911191597,16.695681802157186
"['Lignin (wt%)', 'Co-polyol type (PTHF)', 'r', 'Sratio(%)']",4,600,0.35332993707504634,457.1540769661918,15.79339985585882,0.2327762236765585,0.4738836504735342,371.1740150799199,543.1341388524636,14.398695840059196,17.18810387165844,0.3970745719962917,441.61255492756936,15.98441208798189,0.3484148785841497,0.4457342654084337,407.648438751612,475.57667110352673,15.269077545761418,16.699746630202362
"['Lignin (wt%)', 'Co-polyol type (PTHF)', 'r', 'Sratio(%)']",4,700,0.3586819999825829,454.23186404729347,15.778447461935599,0.240864334255459,0.47649966570970675,366.66330738190425,541.8004207126827,14.362891690219568,17.194003233651628,0.3945032702758451,443.6020553297499,16.009887287149954,0.3457633305853538,0.44324320996633637,408.7784338467945,478.42567681270526,15.265476336157887,16.75429823814202
"['Lignin (wt%)', 'Co-polyol type (PTHF)', 'r', 'Sratio(%)']",4,800,0.35842173893994317,454.4419500298667,15.779537266268946,0.23906754122569837,0.47777593665418794,365.7634567492835,543.1204433104499,14.359353818968508,17.199720713569384,0.3946015996643856,443.5344232178339,16.0017088470425,0.34604498753876545,0.4431582117900058,408.81728577623346,478.2515606594343,15.25805738459551,16.74536030948949
"['Lignin (wt%)', 'Co-polyol type (PTHF)', 'r', 'Sratio(%)']",4,900,0.3582059259685697,454.6377446479666,15.772894694666471,0.23893932103036758,0.47747253090677183,366.01064798164646,543.2648413142867,14.33299865356278,17.21279073577016,0.394417983140347,443.6686643321681,16.00420950801343,0.3459385586245427,0.44289740765615127,409.01285130424867,478.3244773600875,15.259258519239983,16.749160496786878
"['Lignin (wt%)', 'Co-polyol type (PTHF)', 'r', 'Sratio(%)']",4,1000,0.3570691627521098,455.44072803317414,15.784501524464812,0.2372186924184152,0.47691963308580443,366.36106732193986,544.5203887444084,14.339796144443401,17.229206904486222,0.39435142314316113,443.71539162069047,16.004537432628645,0.345860094656409,0.44284275162991327,409.05942827731445,478.3713549640665,15.259264782469488,16.7498100827878
"['Lignin (wt%)', 'Co-polyol type (PTHF)', 'r', 'Copolyol (wt%)', 'Isocyanate (wt%)']",5,1,0.2837257999890863,501.39160076787056,17.1407052472672,0.13481539627012987,0.4326362037080428,414.311561844942,588.4716396907991,15.726445004623468,18.55496548991093,0.32891098986392003,491.6326625118528,17.282045785502063,0.2869466773589918,0.37087530236884825,462.3560190998007,520.909305923905,16.57267816262507,17.991413408379056
"['Lignin (wt%)', 'Co-polyol type (PTHF)', 'r', 'Copolyol (wt%)', 'Isocyanate (wt%)']",5,10,0.3281639711183185,474.9104591315992,16.265897618790298,0.19297818539735512,0.4633497568392819,384.69805033063204,565.1228679325664,14.548885741423073,17.982909496157525,0.3659883944666549,464.42811354721596,16.44960390658955,0.3261499615210982,0.40582682741221154,436.79014893296625,492.06607816146567,15.782747843355814,17.11645996982329
"['Lignin (wt%)', 'Co-polyol type (PTHF)', 'r', 'Copolyol (wt%)', 'Isocyanate (wt%)']",5,50,0.3369467105647329,468.1467975946747,15.981497487238363,0.18420192216162928,0.48969149896783654,366.78077842941843,569.512816759931,14.276337991269617,17.686656983207108,0.3743826456988606,458.2215931564233,16.302073092163617,0.33243118163016017,0.416334109767561,429.4651530971009,486.9780332157457,15.58771891575242,17.016427268574812
"['Lignin (wt%)', 'Co-polyol type (PTHF)', 'r', 'Copolyol (wt%)', 'Isocyanate (wt%)']",5,100,0.34447622704024217,461.99367329732695,16.078531940238253,0.1868178440934021,0.5021346099870823,359.37847374439383,564.6088728502601,14.436557949403875,17.72050593107263,0.36955687966552453,461.7202430650972,16.396459400193045,0.32438020644936255,0.4147335528816865,430.8246770938956,492.61580903629874,15.655099939892056,17.137818860494033
"['Lignin (wt%)', 'Co-polyol type (PTHF)', 'r', 'Copolyol (wt%)', 'Isocyanate (wt%)']",5,200,0.34458468935028386,461.68116374159507,16.00887149682308,0.19342627375623056,0.49574310494433715,363.2793527594479,560.0829747237423,14.421171098921278,17.59657189472488,0.36639915448359567,464.15477722045824,16.437206180301338,0.3203045915679861,0.41249371739920526,431.626296436351,496.68325800456546,15.663353482485851,17.211058878116823
"['Lignin (wt%)', 'Co-polyol type (PTHF)', 'r', 'Copolyol (wt%)', 'Isocyanate (wt%)']",5,300,0.3446681846413301,462.1493745607744,15.982555295973006,0.19648528994484288,0.4928510793378173,364.8258405103484,559.4729086112004,14.392299927134546,17.572810664811463,0.3670598851237589,463.63238186641973,16.410355486058375,0.3228661574251102,0.41125361282240763,432.88935874010866,494.3754049927308,15.685811128829075,17.134899843287677
"['Lignin (wt%)', 'Co-polyol type (PTHF)', 'r', 'Copolyol (wt%)', 'Isocyanate (wt%)']",5,400,0.33718291906321385,467.3589886094893,16.032896982493018,0.18099460403427825,0.49337123409214945,364.85502524849306,569.8629519704856,14.385821775547672,17.679972189438363,0.3683516282738638,462.6744480269882,16.37016605435387,0.3244175345439757,0.4122857220037519,432.1940321544957,493.15486389948074,15.650318717507107,17.090013391200632
"['Lignin (wt%)', 'Co-polyol type (PTHF)', 'r', 'Copolyol (wt%)', 'Isocyanate (wt%)']",5,500,0.3401809612393495,465.1123554883144,15.959738641244423,0.18411669800608357,0.49624522447261543,362.7096841600061,567.5150268166227,14.31523978848555,17.604237494003293,0.3679094173902226,463.0028910866984,16.36855955662519,0.32345229816417037,0.4123665366162748,432.0733502726875,493.93243190070933,15.644888050336341,17.09223106291404
"['Lignin (wt%)', 'Co-polyol type (PTHF)', 'r', 'Copolyol (wt%)', 'Isocyanate (wt%)']",5,600,0.3400408298187895,465.7235423812132,15.940510677803122,0.18714496791538682,0.49293669172219223,364.16647323330386,567.2806115291224,14.259924693908204,17.62109666169804,0.3699635928139398,461.5451121960443,16.31839118058983,0.3257831309817631,0.41414405464611653,430.417455796194,492.6727685958945,15.576523190172844,17.06025917100682
"['Lignin (wt%)', 'Co-polyol type (PTHF)', 'r', 'Copolyol (wt%)', 'Isocyanate (wt%)']",5,700,0.3405409807276957,465.34323838637386,15.939662233373104,0.1881614343909349,0.49292052706445644,364.09984072230475,566.586636050443,14.274845351320536,17.604479115425672,0.370396255380008,461.2279871322488,16.312199196472037,0.326013430972107,0.41477907978790896,429.9486050118782,492.5073692526194,15.570751660232956,17.053646732711115
"['Lignin (wt%)', 'Co-polyol type (PTHF)', 'r', 'Copolyol (wt%)', 'Isocyanate (wt%)']",5,800,0.34022856544802565,465.4345123158766,15.94068019668245,0.18696573140159448,0.49349139949445686,363.8173234357079,567.0517011960453,14.266918162939458,17.614442230425443,0.37026835006526937,461.3257003539612,16.318072994069173,0.32596478071765117,0.41457191941288757,430.0864169836078,492.56498372431463,15.580795614778816,17.055350373359527
"['Lignin (wt%)', 'Co-polyol type (PTHF)', 'r', 'Copolyol (wt%)', 'Isocyanate (wt%)']",5,900,0.3409346321734661,464.7661814133403,15.926502317995894,0.18824997508424407,0.4936192892626881,363.82873137148897,565.7036314551916,14.252351133377358,17.600653502614428,0.37021817704846954,461.3677476719191,16.32289187895759,0.3257636893691458,0.4146726647277933,429.9748568244129,492.76063851942536,15.583058164050746,17.06272559386444
"['Lignin (wt%)', 'Co-polyol type (PTHF)', 'r', 'Copolyol (wt%)', 'Isocyanate (wt%)']",5,1000,0.34430567619466956,462.5025901131873,15.87389173350346,0.19032719611051058,0.49828415627882855,360.42517741368675,564.5800028126878,14.164250979533081,17.583532487473835,0.370636787865977,461.06243114464814,16.306577340885877,0.3265423001896027,0.4147312755423513,429.9466545821661,492.1782077071302,15.580676488716335,17.032478193055418
"['Lignin (wt%)', 'Co-polyol type (PTHF)', 'r', 'Copolyol (wt%)', 'Isocyanate (mmol NCO)']",5,1,0.2787740955255062,504.3332222596835,17.12036626519169,0.14710750753029544,0.41044068352071694,432.9549718048483,575.7114727145187,15.680004872897472,18.560727657485913,0.3096411024605804,506.07386020200227,17.4627029794162,0.25449368393183436,0.36478852098932646,464.44844335852184,547.6992770454826,16.543823719790236,18.381582239042164
"['Lignin (wt%)', 'Co-polyol type (PTHF)', 'r', 'Copolyol (wt%)', 'Isocyanate (mmol NCO)']",5,10,0.2743118806152979,514.5363136369058,17.006201284259593,0.14862372677733773,0.40000003445325805,424.65290897923154,604.41971829458,15.386602457103084,18.6258001114161,0.34428623010972287,480.6642808348526,16.737026317645764,0.289600317799097,0.39897214242034873,439.5962988194894,521.7322628502159,15.754403890421916,17.719648744869612
"['Lignin (wt%)', 'Co-polyol type (PTHF)', 'r', 'Copolyol (wt%)', 'Isocyanate (mmol NCO)']",5,50,0.29660516361298017,500.2389189200085,16.65564897590744,0.16820186346039237,0.425008463765568,402.167905786754,598.309932053263,14.95447673216926,18.35682121964562,0.34808073788951654,477.7456854189193,16.67765320372731,0.2909958078866558,0.4051656678923773,435.81601194569555,519.6753588921431,15.655628772189601,17.69967763526502
"['Lignin (wt%)', 'Co-polyol type (PTHF)', 'r', 'Copolyol (wt%)', 'Isocyanate (mmol NCO)']",5,100,0.30496821390617546,493.31890458118124,16.668498160770632,0.17170986239654484,0.43822656541580607,395.5359609917152,591.1018481706473,14.983531130375033,18.353465191166233,0.3438923464566516,480.8371821746929,16.749257409260018,0.28918926996044697,0.39859542295285627,440.5162036333086,521.1581607160772,15.739841594744897,17.75867322377514
"['Lignin (wt%)', 'Co-polyol type (PTHF)', 'r', 'Copolyol (wt%)', 'Isocyanate (mmol NCO)']",5,200,0.2934353497120052,500.18411676880334,16.773683335372002,0.16831255150767452,0.41855814791633583,411.01369335330526,589.3545401843014,15.21651466410567,18.330852006638334,0.3371660869259041,485.87556879975,16.8258573042982,0.2848543928734675,0.38947778097834074,446.5790101094262,525.1721274900738,15.856255584223504,17.795459024372896
"['Lignin (wt%)', 'Co-polyol type (PTHF)', 'r', 'Copolyol (wt%)', 'Isocyanate (mmol NCO)']",5,300,0.3004123831850503,495.67687439246055,16.699343461743673,0.17902982750180993,0.42179493886829067,407.61033222749916,583.7434165574219,15.189765409471455,18.20892151401589,0.3352515240023421,487.16186489699896,16.822595078154635,0.2812683700172155,0.3892346779874687,447.4682128386506,526.8555169553474,15.843531577603056,17.801658578706213
"['Lignin (wt%)', 'Co-polyol type (PTHF)', 'r', 'Copolyol (wt%)', 'Isocyanate (mmol NCO)']",5,400,0.3044215347864072,492.8701861844426,16.553824607868627,0.18106653456078292,0.4277765350120315,402.9821681077343,582.7582042611509,14.97102203001218,18.136627185725075,0.33851874093641554,484.7535015103898,16.73119471880884,0.28505601879104636,0.3919814630817847,445.51982210523545,523.9871809155442,15.755276669861054,17.707112767756627
"['Lignin (wt%)', 'Co-polyol type (PTHF)', 'r', 'Copolyol (wt%)', 'Isocyanate (mmol NCO)']",5,500,0.30931732340057805,489.6717089841692,16.491276607806125,0.1850860382399423,0.4335486085612138,398.2223471308081,581.1210708375303,14.886441846680507,18.096111368931744,0.3402058152344293,483.52547722718657,16.70526306244239,0.2860596271507974,0.39435200331806114,443.7624928008805,523.2884616534926,15.73622087615795,17.674305248726835
"['Lignin (wt%)', 'Co-polyol type (PTHF)', 'r', 'Copolyol (wt%)', 'Isocyanate (mmol NCO)']",5,600,0.3081091874461003,490.72317895401756,16.390809288006565,0.17962718215005444,0.4365911927421461,396.01747785956087,585.4288800484743,14.740215511921239,18.04140306409189,0.34407128588538927,480.6130710111523,16.639720376652214,0.28882620939796017,0.39931636237281837,440.5580458817224,520.6680961405822,15.670214074923996,17.609226678380434
"['Lignin (wt%)', 'Co-polyol type (PTHF)', 'r', 'Copolyol (wt%)', 'Isocyanate (mmol NCO)']",5,700,0.2969894287001057,498.5516460630217,16.481320244681523,0.15565549663546685,0.43832336076474454,395.9242966931144,601.1789954329289,14.714309102981998,18.248331386381047,0.3451375661392694,479.8170663396252,16.60073241200113,0.2892713151086412,0.4010038171698976,439.4015826438941,520.2325500353564,15.609247245828094,17.592217578174164
"['Lignin (wt%)', 'Co-polyol type (PTHF)', 'r', 'Copolyol (wt%)', 'Isocyanate (mmol NCO)']",5,800,0.2935261003238742,501.1143708360338,16.496903688994923,0.15192594913575092,0.4351262515119975,397.85038466851563,604.378357003552,14.715917397180998,18.277889980808848,0.3476125732783014,477.9700685515794,16.548084335377307,0.29324609706055044,0.4019790494960524,438.9305301899342,517.0096069132246,15.590162920003605,17.50600575075101
"['Lignin (wt%)', 'Co-polyol type (PTHF)', 'r', 'Copolyol (wt%)', 'Isocyanate (mmol NCO)']",5,900,0.29324605226383554,501.6058947722784,16.51962602002045,0.1486991140512603,0.4377929904764108,395.6908677901314,607.5209217544254,14.736636981778963,18.302615058261935,0.3493102644806233,476.6819034050517,16.54656957737252,0.2940743778469799,0.4045461511142667,437.2653126823033,516.0984941278001,15.585675109585521,17.507464045159516
"['Lignin (wt%)', 'Co-polyol type (PTHF)', 'r', 'Copolyol (wt%)', 'Isocyanate (mmol NCO)']",5,1000,0.2907322015525449,503.4681682363068,16.55550094941625,0.1444876962502116,0.4369767068548782,396.0697649134389,610.8665715591746,14.74824196473401,18.362759934098488,0.3493038020115632,476.6713781395254,16.550553838353302,0.29381534776143214,0.40479225626169424,437.14648462731,516.1962716517409,15.588869215837057,17.512238460869547
"['Lignin (wt%)', 'Co-polyol type (PTHF)', 'r', 'Copolyol (wt%)', 'Isocyonate type']",5,1,0.2903328140690776,498.7285002603562,17.04024068418203,0.1394418031193329,0.44122382501882235,402.9793148377074,594.477685683005,15.458207599315676,18.622273769048384,0.3242028195714703,495.2823934164967,17.23563285964612,0.27510296319547534,0.37330267594746525,458.93780457380547,531.6269822591879,16.376814304335763,18.094451414956477
"['Lignin (wt%)', 'Co-polyol type (PTHF)', 'r', 'Copolyol (wt%)', 'Isocyonate type']",5,10,0.3267809397538312,474.7050435640991,16.316472105031842,0.16755493115960474,0.4860069483480577,371.00835013633053,578.4017369918677,14.520010695276785,18.1129335147869,0.3672060740063365,463.39917452326017,16.323124308466497,0.31866914685906333,0.4157430011536096,430.11011051154173,496.6882385349786,15.510327412289385,17.13592120464361
"['Lignin (wt%)', 'Co-polyol type (PTHF)', 'r', 'Copolyol (wt%)', 'Isocyonate type']",5,50,0.31888653616976886,479.5092921181452,16.059908688483567,0.13956982116361472,0.498203251175923,362.2671638575725,596.751420378718,14.132077434520442,17.987739942446694,0.3808896083457551,453.48023238382655,16.134648117696518,0.3274243344146601,0.43435488227685004,415.50288481754205,491.45757995011104,15.184361093096157,17.084935142296878
"['Lignin (wt%)', 'Co-polyol type (PTHF)', 'r', 'Copolyol (wt%)', 'Isocyonate type']",5,100,0.3245274604614427,475.12254210283356,16.235698777637666,0.14720484374948714,0.5018500771733982,360.15620472029366,590.0888794853735,14.309105738824403,18.162291816450928,0.38143098901412886,452.97774043873324,16.163004874371687,0.3289415066081324,0.43392047142012535,416.5658898696302,489.38959100783626,15.276397581614354,17.04961216712902
"['Lignin (wt%)', 'Co-polyol type (PTHF)', 'r', 'Copolyol (wt%)', 'Isocyonate type']",5,200,0.33609344159603527,468.61713778290806,16.018770321607672,0.17288432623455818,0.49930255695751236,359.691888212784,577.542387353032,14.250975796505156,17.78656484671019,0.3699058331510003,461.56308910097016,16.26515456881583,0.31665168331448884,0.42315998298751173,423.6308254295267,499.49535277241364,15.324606056647461,17.2057030809842
"['Lignin (wt%)', 'Co-polyol type (PTHF)', 'r', 'Copolyol (wt%)', 'Isocyonate type']",5,300,0.3391795833868407,465.75038060889074,15.951364302993193,0.17617814748031846,0.5021810192933629,358.0001625376164,573.5005986801651,14.208627854907785,17.6941007510786,0.3671140884593552,463.66015595524703,16.27979125323559,0.31367341477424254,0.4205547621444679,425.2426779658255,502.07763394466855,15.334109046961395,17.225473459509786
"['Lignin (wt%)', 'Co-polyol type (PTHF)', 'r', 'Copolyol (wt%)', 'Isocyonate type']",5,400,0.3334591270089213,469.60451398191725,15.895316977618682,0.16046667575807366,0.5064515782597689,355.6270172905262,583.5820106733083,14.061771623090335,17.72886233214703,0.3722218547039278,459.80865815835796,16.18786658300747,0.31669698989711875,0.4277467195107369,420.4589173224325,499.1583989942834,15.236830063392588,17.13890310262235
"['Lignin (wt%)', 'Co-polyol type (PTHF)', 'r', 'Copolyol (wt%)', 'Isocyonate type']",5,500,0.33180358318253206,470.76838049651116,15.87907429342992,0.1543334305299175,0.5092737358351467,353.88481416009637,587.6519468329259,13.970360170717557,17.78778841614228,0.37448767100365055,458.0554948518714,16.155200069276333,0.3165363627159762,0.4324389792913249,417.39581272687394,498.71517697686886,15.207697459174186,17.102702679378478
"['Lignin (wt%)', 'Co-polyol type (PTHF)', 'r', 'Copolyol (wt%)', 'Isocyonate type']",5,600,0.32659350904013607,474.85164657316966,15.896393663829361,0.15126436706031943,0.5019226510199527,358.7661481823096,590.9371449640297,13.943326134815987,17.849461192842735,0.3772901882920688,455.97169202136155,16.0970659607306,0.3187420509165079,0.43583832566762964,415.01240244953124,496.93098159319186,15.153005522724282,17.041126398736917
"['Lignin (wt%)', 'Co-polyol type (PTHF)', 'r', 'Copolyol (wt%)', 'Isocyonate type']",5,700,0.3365875050024272,468.17245458855297,15.714126248610711,0.1744920614504691,0.4986829485543852,360.2040384378848,576.1408707392211,13.969882121089574,17.45837037613185,0.3756644184594129,457.18230306974,16.10468954888898,0.3189202241657516,0.4324086127530742,417.521271647512,496.843334491968,15.177660639420731,17.03171845835723
"['Lignin (wt%)', 'Co-polyol type (PTHF)', 'r', 'Copolyol (wt%)', 'Isocyonate type']",5,800,0.3281218999213558,473.7294410458047,15.799060914737955,0.17150620402280162,0.48473759581991005,370.2584823122099,577.2003997793995,14.101611912064392,17.49650991741152,0.3786882940830052,454.9460055139987,16.056874229474708,0.3251332678571477,0.4322433203088627,417.97908044779626,491.9129305802012,15.174474665446331,16.939273793503087
"['Lignin (wt%)', 'Co-polyol type (PTHF)', 'r', 'Copolyol (wt%)', 'Isocyonate type']",5,900,0.32833584649918607,473.6180386653558,15.782970987834224,0.17014032962655545,0.4865313633718167,368.8988534510787,578.3372238796329,14.049251847471412,17.516690128197034,0.37848832385169767,455.0998124767977,16.055222682558348,0.32497663392358334,0.432000013779812,418.1313256282356,492.0682993253598,15.168352432226657,16.942092932890038
"['Lignin (wt%)', 'Co-polyol type (PTHF)', 'r', 'Copolyol (wt%)', 'Isocyonate type']",5,1000,0.3281943203539709,473.75310396469087,15.772276316353473,0.1683341345717485,0.4880545061361933,367.8515836320631,579.6546242973186,14.02511582229503,17.519436810411918,0.3791866293501584,454.61067262303095,16.036439009845765,0.325945213500926,0.4324280451993908,417.68812774993864,491.53321749612326,15.148551854340877,16.924326165350653
"['Lignin (wt%)', 'Co-polyol type (PTHF)', 'r', 'Copolyol (wt%)', 'tin(II) octoate']",5,1,0.3131356172885361,481.6246480107817,16.959938389187247,0.16200276720069662,0.4642684673763756,386.8354282188384,576.413867802725,15.545446979710293,18.374429798664202,0.29636043627030356,515.752184256555,17.721278146570295,0.24322017674183227,0.34950069579877485,475.99051588344565,555.5138526296644,16.801620354231414,18.640935938909177
"['Lignin (wt%)', 'Co-polyol type (PTHF)', 'r', 'Copolyol (wt%)', 'tin(II) octoate']",5,10,0.34614446841436053,461.8998546187892,16.12447316255102,0.22780178828103292,0.46448714854768813,379.240810872799,544.5588983647795,14.60017958959923,17.64876673550281,0.34603429036605776,479.23130638122393,16.631738551707468,0.30344646316935325,0.38862211756276227,447.9988968350779,510.46371592736995,15.86463113893317,17.398845964481765
"['Lignin (wt%)', 'Co-polyol type (PTHF)', 'r', 'Copolyol (wt%)', 'tin(II) octoate']",5,50,0.33747753599811803,468.9134482028882,16.294760919334156,0.202672846855884,0.47228222514035206,373.45900752578865,564.3678888799878,14.56050794400631,18.029013894662,0.35793693765968065,470.482757407838,16.394667071740795,0.3052985294764157,0.4105753458429456,432.06036736828884,508.90514744738715,15.440906014094987,17.348428129386605
"['Lignin (wt%)', 'Co-polyol type (PTHF)', 'r', 'Copolyol (wt%)', 'tin(II) octoate']",5,100,0.33851202840094247,467.02058864841166,16.264116899284108,0.19594093407373173,0.48108312272815323,371.24212512335583,562.7990521734674,14.58588748668932,17.942346311878897,0.35789124675410033,470.4388060412495,16.423546460873126,0.30364528990677,0.4121372036014307,431.4066332862882,509.47097879621083,15.477669114032134,17.369423807714117
"['Lignin (wt%)', 'Co-polyol type (PTHF)', 'r', 'Copolyol (wt%)', 'tin(II) octoate']",5,200,0.34242338759887564,464.31783237969904,16.18833556114522,0.20676251444561144,0.47808426075213983,370.4310622759833,558.2046024834148,14.629507174574183,17.747163947716256,0.3455135643488745,479.6373246834358,16.615146564252477,0.29462742979662015,0.3963996989011288,442.2651432525997,517.0095061142719,15.715116948259467,17.515176180245486
"['Lignin (wt%)', 'Co-polyol type (PTHF)', 'r', 'Copolyol (wt%)', 'tin(II) octoate']",5,300,0.3407759006166058,466.1321700631298,16.196474205799326,0.20281684375880166,0.4787349574744099,369.56013964262917,562.7042004836304,14.532281084095208,17.860667327503446,0.34905821759452726,477.0180396074749,16.538751680469204,0.29747654688351294,0.4006398883055416,439.32584881754656,514.7102303974033,15.645931846187299,17.43157151475111
"['Lignin (wt%)', 'Co-polyol type (PTHF)', 'r', 'Copolyol (wt%)', 'tin(II) octoate']",5,400,0.3375708832451427,468.73548718508937,16.245517659741704,0.19782206973389174,0.47731969675639374,370.0755630814058,567.395411288773,14.482439575507783,18.008595743975626,0.3547545237951589,472.83629702670913,16.439804107567653,0.30172180191727943,0.4077872456730384,434.15491470306023,511.51767935035804,15.517756067617587,17.36185214751772
"['Lignin (wt%)', 'Co-polyol type (PTHF)', 'r', 'Copolyol (wt%)', 'tin(II) octoate']",5,500,0.338817419648752,468.0937521324919,16.20545045042954,0.20021609896608067,0.47741874033142334,369.7266259097459,566.4608783552379,14.39944831484833,18.011452586010755,0.35626512760506035,471.72108480505875,16.415216066273043,0.3025359665092165,0.4099942887009042,432.5661943122916,510.8759752978259,15.471834419073106,17.358597713472978
"['Lignin (wt%)', 'Co-polyol type (PTHF)', 'r', 'Copolyol (wt%)', 'tin(II) octoate']",5,600,0.3405280949367957,467.1277271007481,16.167253775197768,0.20320511202081973,0.4778510778527717,368.8592401012516,565.3962141002446,14.332732281736389,18.00177526865915,0.356859614088955,471.2582051617052,16.398552095768103,0.3034974311000198,0.4102217970778902,432.53656476710495,509.9798455563054,15.462361099526758,17.33474309200945
"['Lignin (wt%)', 'Co-polyol type (PTHF)', 'r', 'Copolyol (wt%)', 'tin(II) octoate']",5,700,0.34377856847345195,464.7207471881432,16.09630334872461,0.20780476176087495,0.479752375186029,367.5571357107077,561.8843586655787,14.277904702650169,17.914701994799053,0.35752682471423985,470.77135324160236,16.387209138337262,0.3043090285517246,0.4107446208767551,432.13155871524765,509.41114776795706,15.450255686913845,17.32416258976068
"['Lignin (wt%)', 'Co-polyol type (PTHF)', 'r', 'Copolyol (wt%)', 'tin(II) octoate']",5,800,0.3437931604155563,464.6422634565245,16.088203414679903,0.20838626183434503,0.47920005899676754,367.95408068502843,561.3304462280206,14.282940734675515,17.89346609468429,0.35775674347005565,470.597776593868,16.393272341131187,0.30502074633504295,0.41049274060506835,432.3327935743506,508.8627596133854,15.46384285154891,17.322701830713463
"['Lignin (wt%)', 'Co-polyol type (PTHF)', 'r', 'Copolyol (wt%)', 'tin(II) octoate']",5,900,0.3456062467857429,463.4528839384181,16.070277717086384,0.20864061942892556,0.4825718741425603,365.5093270946475,561.3964407821886,14.253870682199082,17.886684751973686,0.35881649149737155,469.81047569739746,16.37060889477676,0.3064122697115309,0.4112207132832122,431.8601385227233,507.76081287207165,15.465103744641073,17.276114044912443
"['Lignin (wt%)', 'Co-polyol type (PTHF)', 'r', 'Copolyol (wt%)', 'tin(II) octoate']",5,1000,0.34518695957008266,463.8311690375099,16.073853661594157,0.2086213247965074,0.4817525943436579,365.7843439813218,561.8779940936979,14.259444057778591,17.888263265409723,0.35909502063247956,469.6001696625846,16.367527779815326,0.30655537092601154,0.4116346703389476,431.58592876993293,507.6144105552363,15.463455886728804,17.271599672901846
"['Lignin (wt%)', 'Co-polyol type (PTHF)', 'r', 'Copolyol (wt%)', 'Sratio(%)']",5,1,0.31009948488090944,482.7064893222836,16.75056251397849,0.1715283053774122,0.44867066438440667,402.7612496047882,562.651729039779,15.190788602464217,18.310336425492764,0.3267086091549853,493.12069888899623,17.35433057888169,0.27406855784838546,0.3793486604615851,456.22532174404193,530.0160760339505,16.48092899407754,18.22773216368584
"['Lignin (wt%)', 'Co-polyol type (PTHF)', 'r', 'Copolyol (wt%)', 'Sratio(%)']",5,10,0.3662509425728677,447.14700776263714,15.721939140677904,0.2638738610068427,0.46862802413889276,378.930487796527,515.3635277287473,14.20784055355811,17.236037727797697,0.4176283234423243,426.1895907055211,15.637500135745388,0.36732397124342153,0.4679326756412271,393.4146972362928,458.9644841747494,14.993621363438715,16.28137890805206
"['Lignin (wt%)', 'Co-polyol type (PTHF)', 'r', 'Copolyol (wt%)', 'Sratio(%)']",5,50,0.3614841062914945,452.0284943914954,15.476277604585425,0.24712663838649807,0.475841574196491,370.24731568943696,533.8096730935539,13.900703248372004,17.051851960798846,0.42416054867517394,421.86699905529514,15.378756615585294,0.3735079524904969,0.474813144859851,385.590459660027,458.14353845056326,14.664564340086544,16.092948891084045
"['Lignin (wt%)', 'Co-polyol type (PTHF)', 'r', 'Copolyol (wt%)', 'Sratio(%)']",5,100,0.3628712441790959,451.00135338310946,15.599363040740243,0.24495317604102984,0.48078931231716193,367.184570177139,534.8181365890799,14.089165784893785,17.109560296586704,0.422926143048835,422.66818229360206,15.463472259646327,0.37126192626685744,0.4745903598308126,386.50563285903445,458.83073172816967,14.678540729566006,16.24840378972665
"['Lignin (wt%)', 'Co-polyol type (PTHF)', 'r', 'Copolyol (wt%)', 'Sratio(%)']",5,200,0.3529613896488434,457.8526683554845,15.694425413670103,0.23778457009605236,0.4681382092016344,376.37841685875645,539.3269198522125,14.204429972099248,17.18442085524096,0.4215734523151447,423.75396963887033,15.472060303923097,0.375233843186858,0.4679130614434314,390.9361747271327,456.57176455060795,14.788786715302443,16.15533389254375
"['Lignin (wt%)', 'Co-polyol type (PTHF)', 'r', 'Copolyol (wt%)', 'Sratio(%)']",5,300,0.3622613113246275,451.23994721600457,15.609976313357944,0.2540002206042965,0.47052240204495854,374.1826137143195,528.2972807176897,14.178048543405074,17.041904083310815,0.4198251504428304,425.17229143467466,15.518091099375658,0.37391867265004475,0.4657316282356161,391.6348433599992,458.70973950935013,14.842781993035787,16.193400205715527
"['Lignin (wt%)', 'Co-polyol type (PTHF)', 'r', 'Copolyol (wt%)', 'Sratio(%)']",5,400,0.35912056718663604,453.38830145935856,15.605286344611262,0.24681144413067718,0.4714296902425949,374.49593707502186,532.2806658436953,14.128285003862434,17.08228768536009,0.4179193841788284,426.5299660745883,15.52647238398364,0.37145871597853447,0.46438005237912233,392.83067897040456,460.229253178772,14.851691820411542,16.201252947555737
"['Lignin (wt%)', 'Co-polyol type (PTHF)', 'r', 'Copolyol (wt%)', 'Sratio(%)']",5,500,0.3565972550192439,455.3799504007787,15.593714999588874,0.2400321198045679,0.47316239023391987,373.321403820117,537.4384969814404,14.055209534374061,17.132220464803687,0.4181097738432138,426.3749520818452,15.503187967358446,0.3709937837610478,0.4652257639253798,392.3200153696436,460.4298887940468,14.82350508580106,16.182870848915833
"['Lignin (wt%)', 'Co-polyol type (PTHF)', 'r', 'Copolyol (wt%)', 'Sratio(%)']",5,600,0.3563400962445309,455.54640291752713,15.522826872438667,0.23572123549092996,0.47695895699813184,370.39765376666594,540.6951520683883,13.925838496819624,17.11981524805771,0.418840505418578,425.82991030280675,15.46996131150512,0.371324562618093,0.46635644821906297,391.54742313718964,460.11239746842386,14.797852664881022,16.142069958129216
"['Lignin (wt%)', 'Co-polyol type (PTHF)', 'r', 'Copolyol (wt%)', 'Sratio(%)']",5,700,0.3542095457966678,457.0947591121997,15.508423612998826,0.23070181163458817,0.47771727995874746,369.7673767346071,544.4221414897924,13.893662915559098,17.123184310438553,0.420192004317952,424.82609326438535,15.443736186313918,0.37156614939427784,0.46881785924162617,389.81695542370915,459.83523110506155,14.750415449279867,16.13705692334797
"['Lignin (wt%)', 'Co-polyol type (PTHF)', 'r', 'Copolyol (wt%)', 'Sratio(%)']",5,800,0.3532406530383196,457.83823995310047,15.51533693915816,0.22716209796094639,0.4793192081156928,368.63369945651,547.042780449691,13.883377017994214,17.147296860322108,0.42138484063996084,423.9296307814537,15.412498436144977,0.37253502511559583,0.47023465616432586,388.9226806286702,458.93658093423716,14.71645354749174,16.108543324798212
"['Lignin (wt%)', 'Co-polyol type (PTHF)', 'r', 'Copolyol (wt%)', 'Sratio(%)']",5,900,0.352816795846352,458.18254104521003,15.50874686941626,0.22652537689221156,0.4791082148004925,368.7135476435061,547.651534446914,13.879139291966219,17.138354446866302,0.4220978155050587,423.40401807511114,15.394368029726962,0.3725571666994603,0.4716384643106571,387.90484276840346,458.9031933818188,14.684646776968998,16.104089282484928
"['Lignin (wt%)', 'Co-polyol type (PTHF)', 'r', 'Copolyol (wt%)', 'Sratio(%)']",5,1000,0.35275913738104914,458.23912679127545,15.497800594286229,0.22676994415812576,0.4787483306039725,368.931404704133,547.5468488784179,13.87504518538065,17.12055600319181,0.4227242282961002,422.9409175456441,15.383936005278306,0.37270440874877747,0.4727440478434229,387.1125481964879,458.76928689480025,14.666915614297707,16.100956396258905
"['Lignin (wt%)', 'Co-polyol type (PTHF)', 'r', 'Isocyanate (wt%)', 'Isocyanate (mmol NCO)']",5,1,0.2016775512253497,567.8810844488295,17.993576575557967,0.0409127900499191,0.3624423124007803,435.9963494013467,699.7658194963122,16.10811190055226,19.879041250563674,0.33633777075241733,486.9404277158834,17.1503779579244,0.2766615219130326,0.39601401959180205,439.65693797938917,534.2239174523776,16.043154678135092,18.257601237713704
"['Lignin (wt%)', 'Co-polyol type (PTHF)', 'r', 'Isocyanate (wt%)', 'Isocyanate (mmol NCO)']",5,10,0.23545272352876018,544.0394708090836,17.40955167004133,0.053159592410279455,0.4177458546472409,396.6042452210954,691.4746963970717,15.339058589693966,19.480044750388696,0.3420132296398962,482.8186019703011,16.9339418676462,0.2843436483973474,0.39968281088244506,436.67973742854286,528.9574665120592,15.836763219977083,18.03112051531532
"['Lignin (wt%)', 'Co-polyol type (PTHF)', 'r', 'Isocyanate (wt%)', 'Isocyanate (mmol NCO)']",5,50,0.2438490656514197,539.693134254717,17.477920899478175,0.06503338317821722,0.4226647481246222,389.76517546510206,689.621093044332,15.251996608085019,19.70384519087133,0.34279535993884136,482.20401814921087,16.900793625755302,0.28609217420387145,0.39949854567381127,437.0097668568668,527.3982694415549,15.82073878770932,17.980848463801284
"['Lignin (wt%)', 'Co-polyol type (PTHF)', 'r', 'Isocyanate (wt%)', 'Isocyanate (mmol NCO)']",5,100,0.2279081995207391,551.8695784186303,17.603228713076476,0.026780146981062736,0.42903625206041546,383.05663857171396,720.6825182655467,15.218949758804666,19.987507667348286,0.3454141241191733,480.19560660541157,16.887775098749575,0.29260164957247015,0.3982265986658765,438.0762948169983,522.3149183938249,15.841883268048703,17.933666929450446
"['Lignin (wt%)', 'Co-polyol type (PTHF)', 'r', 'Isocyanate (wt%)', 'Isocyanate (mmol NCO)']",5,200,0.22330441301359416,555.5805805833882,17.602716719442945,0.025589747311356992,0.42101907871583133,388.17766215499233,722.983499011784,15.3268294563087,19.87860398257719,0.3419101261762422,482.8231348179823,16.946571408728317,0.2890529180518317,0.39476733430065275,440.2834583222034,525.3628113137612,15.871303813721353,18.021839003735284
"['Lignin (wt%)', 'Co-polyol type (PTHF)', 'r', 'Isocyanate (wt%)', 'Isocyanate (mmol NCO)']",5,300,0.21829705740329025,559.6559905418264,17.684687671051385,0.017792227710934805,0.4188018870956457,388.91011497856925,730.4018661050836,15.378221865729826,19.991153476372943,0.3407840999992281,483.6516836402275,16.97331212454406,0.2882935669180784,0.3932746330803778,441.35851929163437,525.9448479888206,15.91795408751848,18.028670161569636
"['Lignin (wt%)', 'Co-polyol type (PTHF)', 'r', 'Isocyanate (wt%)', 'Isocyanate (mmol NCO)']",5,400,0.21764052184012805,560.2156117434665,17.687304334482867,0.01863089489732339,0.4166501487829327,390.55074225587464,729.8804812310584,15.38952194371339,19.985086725252344,0.3415029862969906,483.1229788443713,16.97167848059071,0.29056375616326585,0.39244221643071536,441.8935401381873,524.3524175505553,15.938209170200972,18.00514779098045
"['Lignin (wt%)', 'Co-polyol type (PTHF)', 'r', 'Isocyanate (wt%)', 'Isocyanate (mmol NCO)']",5,500,0.22325579370410442,555.8959776459186,17.549361312597778,0.024711944120792723,0.42179964328741615,387.43763688042225,724.354318411415,15.25059283192333,19.84812979327223,0.3380098292205491,485.6706559315054,17.000892434959162,0.28334250892952295,0.3926771495115753,442.0350543863643,529.3062574766465,15.94466271226017,18.057122157658153
"['Lignin (wt%)', 'Co-polyol type (PTHF)', 'r', 'Isocyanate (wt%)', 'Isocyanate (mmol NCO)']",5,600,0.22211394759535935,556.8417006475204,17.61681427552921,0.022586540720540255,0.4216413544701785,387.0641582589773,726.6192430360635,15.294574330043353,19.93905422101507,0.33713874898379254,486.27140294311084,17.009688838804337,0.28304459799205184,0.39123289997553323,443.2630194939679,529.2797863922539,15.96526693701098,18.054110740597693
"['Lignin (wt%)', 'Co-polyol type (PTHF)', 'r', 'Isocyanate (wt%)', 'Isocyanate (mmol NCO)']",5,700,0.2231968605558361,556.196307381771,17.610065957834195,0.02342574404830372,0.42296797706336847,385.85080531101994,726.5418094525221,15.286159294518214,19.933972621150176,0.33762802999762104,485.9172981458572,17.005026184983688,0.2836281691609408,0.3916278908343013,442.9505901573004,528.884006134414,15.958956545816832,18.051095824150543
"['Lignin (wt%)', 'Co-polyol type (PTHF)', 'r', 'Isocyanate (wt%)', 'Isocyanate (mmol NCO)']",5,800,0.2249108764956827,555.113890598661,17.596962356112023,0.025056537778571225,0.4247652152127942,384.3826878794748,725.8450933178472,15.270536360146435,19.92338835207761,0.3376776630104722,485.8811323475819,17.004673686809276,0.28354598177504486,0.3918093442458995,442.8278782330989,528.9343864620649,15.956162706575208,18.053184667043343
"['Lignin (wt%)', 'Co-polyol type (PTHF)', 'r', 'Isocyanate (wt%)', 'Isocyanate (mmol NCO)']",5,900,0.2178238926968402,559.8176460773734,17.61193249112189,0.01488105618249963,0.42076672921118075,388.1593342002735,731.4759579544733,15.248385210994137,19.975479771249645,0.3403418722624362,483.9165810458088,16.96947538016538,0.2852120359695109,0.39547170855536146,440.22619068424746,527.6069714073701,15.897508862915362,18.0414418974154
"['Lignin (wt%)', 'Co-polyol type (PTHF)', 'r', 'Isocyanate (wt%)', 'Isocyanate (mmol NCO)']",5,1000,0.21844587965429535,559.3375800648366,17.607419303994753,0.01598394006991677,0.42090781923867393,388.1810754665178,730.4940846631555,15.247099107555542,19.967739500433964,0.34046512780257154,483.82302850009336,16.968684144654542,0.28552653549737816,0.3954037201077649,440.2808059819457,527.365251018241,15.897111521415834,18.04025676789325
"['Lignin (wt%)', 'Co-polyol type (PTHF)', 'r', 'Isocyanate (wt%)', 'Isocyonate type']",5,1,0.2771279168966677,508.9467847217608,17.415659310798482,0.15314855755086232,0.4011072762424731,426.51891935003255,591.3746500934891,16.087071577386514,18.74424704421045,0.3306466873748892,490.6458847455321,17.229732072151847,0.2817780561886688,0.37951531856110965,453.9768304347232,527.314939056341,16.34342086292963,18.116043281374065
"['Lignin (wt%)', 'Co-polyol type (PTHF)', 'r', 'Isocyanate (wt%)', 'Isocyonate type']",5,10,0.3044347005900928,490.2894407049991,16.84751718294789,0.1628555441451935,0.44601385703499213,394.84536078426817,585.73352062573,15.258793534029543,18.436240831866236,0.34374036136957303,481.04197584235806,16.934376172283585,0.29269425007342104,0.39478647266572503,442.685938650933,519.3980130337832,15.98688429683243,17.88186804773474
"['Lignin (wt%)', 'Co-polyol type (PTHF)', 'r', 'Isocyanate (wt%)', 'Isocyonate type']",5,50,0.30765895880843536,487.809496000231,16.84285956655295,0.16841911516441904,0.44689880245245167,395.16973872030565,580.4492532801563,15.248085356169488,18.437633776936412,0.3527658487483134,474.4723726225972,16.842779390671076,0.3012421478396678,0.404289549656959,435.48547177241767,513.4592734727768,15.902600547420542,17.78295823392161
"['Lignin (wt%)', 'Co-polyol type (PTHF)', 'r', 'Isocyanate (wt%)', 'Isocyonate type']",5,100,0.3154242636493991,481.7706166322626,16.765694595346023,0.16965014977558193,0.46119837752321624,386.16403640678357,577.3771968577416,15.197453213618099,18.333935977073946,0.35284606630967125,474.4400425190387,16.899408258105268,0.30208656565122965,0.40360556696811284,435.8220562191674,513.05802881891,15.937702577802355,17.86111393840818
"['Lignin (wt%)', 'Co-polyol type (PTHF)', 'r', 'Isocyanate (wt%)', 'Isocyonate type']",5,200,0.31402511608982187,482.8574877703771,16.833753908359483,0.17521053505740256,0.45283969712224115,390.89536051088305,574.8196150298711,15.284842315333599,18.382665501385368,0.3494868866318579,476.8184119138147,16.91245084511588,0.29552901801327575,0.40344475525044005,436.4075394492551,517.2292843783744,15.947230473375269,17.87767121685649
"['Lignin (wt%)', 'Co-polyol type (PTHF)', 'r', 'Isocyanate (wt%)', 'Isocyonate type']",5,300,0.3101126946920583,486.1827444610386,16.887828769613787,0.1734939219858712,0.44673146739824543,394.1403168155552,578.225172106522,15.35462676564018,18.421030773587393,0.34524858602313957,479.9164069078148,16.977093401131103,0.2937755848139092,0.39672158723236994,441.3639773024441,518.4688365131856,16.05879233888127,17.89539446338094
"['Lignin (wt%)', 'Co-polyol type (PTHF)', 'r', 'Isocyanate (wt%)', 'Isocyonate type']",5,400,0.30495226483941085,490.1132139499356,16.93243413574922,0.16876679128016497,0.4411377383986567,397.4737493660166,582.7526785338546,15.385056943557771,18.479811327940666,0.34415047462533926,480.71281950498087,16.98283211922133,0.29427399755209177,0.39402695169858676,443.373402097135,518.0522369128267,16.092711125454713,17.87295311298795
"['Lignin (wt%)', 'Co-polyol type (PTHF)', 'r', 'Isocyanate (wt%)', 'Isocyonate type']",5,500,0.30412927024332576,490.7845559982337,16.953162816812775,0.16628460982654464,0.4419739306601069,396.53116101468135,585.037950981786,15.384155875503232,18.522169758122317,0.34302992669185517,481.529025413596,17.002193460936134,0.29321476451205947,0.39284508887165087,444.26117371234386,518.7968771148481,16.122619102570436,17.88176781930183
"['Lignin (wt%)', 'Co-polyol type (PTHF)', 'r', 'Isocyanate (wt%)', 'Isocyonate type']",5,600,0.30330949604693574,491.2463789142278,16.96466907337281,0.1554907812186337,0.4511282108752378,392.1777445874301,590.3150132410256,15.395020896760602,18.53431724998502,0.34638356139140836,478.93279705933793,16.937836738262813,0.2952768578792071,0.3974902649036096,441.6223649246498,516.2432291940261,16.050181712609056,17.82549176391657
"['Lignin (wt%)', 'Co-polyol type (PTHF)', 'r', 'Isocyanate (wt%)', 'Isocyonate type']",5,700,0.30466924647212246,490.207915899769,16.93770765257552,0.15636211498182392,0.45297637796242096,391.01281790567236,589.4030138938656,15.371050167080401,18.504365138070636,0.34628511772489334,479.00363610667785,16.93519774557568,0.2952039195776879,0.3973663158720988,441.7166980336298,516.2905741797258,16.047626160683613,17.82276933046775
"['Lignin (wt%)', 'Co-polyol type (PTHF)', 'r', 'Isocyanate (wt%)', 'Isocyonate type']",5,800,0.3054444038299766,489.60678000535574,16.955848162964234,0.1565998936072571,0.4542889140526961,390.174371533474,589.0391884772374,15.406759384308149,18.50493694162032,0.34715099061021115,478.3479516575112,16.94075301996023,0.29724670488374894,0.39705527633667337,442.11696828524947,514.578935029773,16.057632543092634,17.823873496827826
"['Lignin (wt%)', 'Co-polyol type (PTHF)', 'r', 'Isocyanate (wt%)', 'Isocyonate type']",5,900,0.30558849652791087,489.4496605182675,16.949635982397716,0.15619485198081295,0.4549821410750088,389.67652825201054,589.2227927845245,15.395398589295343,18.50387337550009,0.34723816386959727,478.28094657186875,16.942003247287833,0.2971329908168342,0.39734333692236035,441.92154915483064,514.6403439889069,16.055676560815343,17.828329933760322
"['Lignin (wt%)', 'Co-polyol type (PTHF)', 'r', 'Isocyanate (wt%)', 'Isocyonate type']",5,1000,0.3049154545226179,489.89638078361406,16.951355872442907,0.154182069730481,0.45564883931475486,389.17751760889524,590.6152439583328,15.384776066810538,18.517935678075276,0.34756779848624947,478.0398388339072,16.937924870152802,0.29749519049925544,0.3976404064732435,441.7010449955344,514.37863267228,16.0509719271727,17.824877813132904
"['Lignin (wt%)', 'Co-polyol type (PTHF)', 'r', 'Isocyanate (wt%)', 'tin(II) octoate']",5,1,0.2855548503915403,501.5626531744796,17.188341579930064,0.1551683781837457,0.4159413225993349,423.1019401897399,580.0233661592192,15.993054099677055,18.383629060183075,0.32658738872208615,493.58377477803515,17.17095315798195,0.2815168209558748,0.37165795648829747,459.8694097887693,527.298139767301,16.265175765432517,18.07673055053138
"['Lignin (wt%)', 'Co-polyol type (PTHF)', 'r', 'Isocyanate (wt%)', 'tin(II) octoate']",5,10,0.3155600247793725,482.4774486736718,16.67186330098781,0.17163590120703762,0.45948414835170737,386.55246503331733,578.4024323140263,14.88057317527794,18.46315342669768,0.3434914452350401,481.126391857793,16.733435139870245,0.29728647460461916,0.38969641586546105,446.9609744611922,515.2918092543938,15.881069067659292,17.585801212081197
"['Lignin (wt%)', 'Co-polyol type (PTHF)', 'r', 'Isocyanate (wt%)', 'tin(II) octoate']",5,50,0.3289797179325431,472.04980078132894,16.48360432090662,0.19481833917217037,0.4631410966929158,386.3182188442462,557.7813827184117,14.92991172157263,18.037296920240607,0.3507995815851021,475.70374848551285,16.623886664770588,0.3106906840484825,0.3909084791217217,446.66976241921043,504.73773455181527,15.824491757628865,17.423281571912312
"['Lignin (wt%)', 'Co-polyol type (PTHF)', 'r', 'Isocyanate (wt%)', 'tin(II) octoate']",5,100,0.3330325668032025,469.49130759862544,16.31795599986026,0.18514422466071023,0.4809209089456947,372.8387710115809,566.14384418567,14.631243315916848,18.004668683803672,0.35232204489911767,474.6198609064762,16.62558492834473,0.31155917409546674,0.3930849157027686,444.8038964995369,504.43582531341553,15.852691111871314,17.398478744818142
"['Lignin (wt%)', 'Co-polyol type (PTHF)', 'r', 'Isocyanate (wt%)', 'tin(II) octoate']",5,200,0.3312157048385314,470.8846425965251,16.467930502200662,0.19113381481396585,0.47129759486309697,379.95887400949294,561.8104111835573,14.797995047483948,18.137865956917377,0.3476809046945527,478.05499460897363,16.673486074533404,0.3008039140543319,0.39455789533477353,443.45618278038995,512.6538064375573,15.822052536803968,17.52491961226284
"['Lignin (wt%)', 'Co-polyol type (PTHF)', 'r', 'Isocyanate (wt%)', 'tin(II) octoate']",5,300,0.3295513830039774,472.3329855048405,16.49153900499449,0.18911367925783099,0.46998908675012385,380.3939629480257,564.2720080616554,14.776647050875097,18.206430959113884,0.34854061651087054,477.3669025273583,16.682483818107112,0.302310018667023,0.39477121435471807,443.6593333798287,511.07447167488795,15.842879424759772,17.522088211454452
"['Lignin (wt%)', 'Co-polyol type (PTHF)', 'r', 'Isocyanate (wt%)', 'tin(II) octoate']",5,400,0.33225450973764886,470.5374129083128,16.461996329855324,0.1946671282593945,0.46984189121590325,380.3560799741683,560.7187458424572,14.738273399366445,18.185719260344204,0.3473024920329557,478.25021985404135,16.685467281503502,0.3009670950885294,0.393637888977382,444.6439037543639,511.8565359537188,15.843217778298165,17.52771678470884
"['Lignin (wt%)', 'Co-polyol type (PTHF)', 'r', 'Isocyanate (wt%)', 'tin(II) octoate']",5,500,0.3349539491161277,468.5245414119715,16.420699328904654,0.197847157393279,0.4720607408389764,379.1024634817962,557.9466193421467,14.705648082035564,18.13575057577374,0.34570964946496263,479.4023980109329,16.708388467827234,0.29822050715870896,0.3931987917712163,445.04158342046054,513.7632126014054,15.85763669970467,17.559140235949798
"['Lignin (wt%)', 'Co-polyol type (PTHF)', 'r', 'Isocyanate (wt%)', 'tin(II) octoate']",5,600,0.33584274032140254,467.8784366480098,16.39380833765889,0.19841164944297832,0.4732738311998268,378.22745297892635,557.5294203170932,14.686082839177226,18.101533836140554,0.34617278346741276,479.06173966053564,16.697441984578834,0.29873238835393934,0.3936131785808862,444.7342115451899,513.3892677758813,15.852508805601355,17.542375163556315
"['Lignin (wt%)', 'Co-polyol type (PTHF)', 'r', 'Isocyanate (wt%)', 'tin(II) octoate']",5,700,0.3359088926721914,467.8135783385577,16.39499146980392,0.19935213387556472,0.472465651468818,379.03397513328616,556.5931815438292,14.703967073839213,18.086015865768626,0.34611320021572467,479.1054419105785,16.69056295092897,0.29757599902424836,0.394650401407201,443.96110240497234,514.2497814161848,15.836853669969486,17.544272231888456
"['Lignin (wt%)', 'Co-polyol type (PTHF)', 'r', 'Isocyanate (wt%)', 'tin(II) octoate']",5,800,0.33665442493438985,467.20218317424377,16.376488564680237,0.1999780842985872,0.4733307655701925,378.5584215247505,555.845944823737,14.690614130138991,18.06236299922148,0.3460786354805887,479.12246893243827,16.688905346179226,0.29736638521629355,0.39479088574488386,443.9104422200152,514.3344956448614,15.837854551048839,17.539956141309613
"['Lignin (wt%)', 'Co-polyol type (PTHF)', 'r', 'Isocyanate (wt%)', 'tin(II) octoate']",5,900,0.33712911476085033,466.8200004157313,16.367085063277024,0.19996126668774616,0.4742969628339545,377.95019805380866,555.6898027776539,14.679548602730366,18.05462152382368,0.34639721168903403,478.88808063130665,16.682664616130545,0.29781156375989126,0.3949828596181768,443.7794941139366,513.9966671486767,15.836534433524825,17.528794798736264
"['Lignin (wt%)', 'Co-polyol type (PTHF)', 'r', 'Isocyanate (wt%)', 'tin(II) octoate']",5,1000,0.33741356476446005,466.6057268430601,16.361236291767735,0.1997157939798537,0.47511133554906637,377.35348389187254,555.8579697942477,14.672004995199824,18.050467588335646,0.34668677745312515,478.6734219245729,16.678773757524688,0.2978481486978969,0.3955254062083534,443.3925195840237,513.9543242651221,15.828340247153633,17.529207267895742
"['Lignin (wt%)', 'Co-polyol type (PTHF)', 'r', 'Isocyanate (wt%)', 'Sratio(%)']",5,1,0.33438740167250736,470.01077270786936,16.700437354468665,0.2212082424301131,0.4475665609149016,390.53042074518055,549.4911246705582,15.272692262503671,18.12818244643366,0.340033930631468,483.65049819642866,17.174903314283483,0.2941443040537415,0.38592355720919447,449.72566194360127,517.575334449256,16.479012001338308,17.87079462722866
"['Lignin (wt%)', 'Co-polyol type (PTHF)', 'r', 'Isocyanate (wt%)', 'Sratio(%)']",5,10,0.36613681591702335,446.3215880473077,15.962942254711809,0.2709460073207362,0.4613276245133105,384.21658157558744,508.426594519028,14.796939446267558,17.12894506315606,0.4021970528731117,437.5496858440486,16.08490599967929,0.35446021241485653,0.44993389333136685,406.4350913495567,468.6642803385405,15.467147513585681,16.7026644857729
"['Lignin (wt%)', 'Co-polyol type (PTHF)', 'r', 'Isocyanate (wt%)', 'Sratio(%)']",5,50,0.3722392414230157,443.1964211018775,15.899485214385948,0.2798244453994469,0.46465403744658446,379.27025613817443,507.12258606558055,14.763994624151351,17.034975804620544,0.3977378497859952,440.97598323277043,16.074246859042955,0.3515747274829342,0.44390097208905616,410.1033981803016,471.84856828523925,15.480434134223731,16.668059583862178
"['Lignin (wt%)', 'Co-polyol type (PTHF)', 'r', 'Isocyanate (wt%)', 'Sratio(%)']",5,100,0.37792457043545014,437.53180263495716,15.828170829777378,0.2786960008803583,0.477153139990542,375.87814419942396,499.18546107049036,14.782847082818323,16.87349457673643,0.4075314776557423,433.9411465118028,15.975678632095963,0.36475971366149185,0.4503032416499928,404.57472056889753,463.30757245470807,15.426567076683996,16.524790187507932
"['Lignin (wt%)', 'Co-polyol type (PTHF)', 'r', 'Isocyanate (wt%)', 'Sratio(%)']",5,200,0.3659099069550417,446.4552973459412,15.913309198345734,0.2671309956866701,0.46468881822341335,382.69175250304795,510.2188421888344,14.846676922672955,16.979941474018514,0.39949283940518754,439.86269980235227,16.068088446417736,0.3539687577121514,0.44501692109822366,408.40618077831255,471.319218826392,15.452233478579364,16.683943414256106
"['Lignin (wt%)', 'Co-polyol type (PTHF)', 'r', 'Isocyanate (wt%)', 'Sratio(%)']",5,300,0.37423547807226054,441.0192158752574,15.79833555804095,0.28068445538732106,0.4677865007572,379.0342161448401,503.00421560567463,14.74399423861118,16.85267687747072,0.39929015181836813,439.96552885281733,16.10055017975062,0.3551458457265861,0.4434344579101502,409.8611270933549,470.06993061227973,15.539530063071805,16.661570296429435
"['Lignin (wt%)', 'Co-polyol type (PTHF)', 'r', 'Isocyanate (wt%)', 'Sratio(%)']",5,400,0.3690158469130692,445.39533430270455,15.902126053227494,0.2782452936954846,0.4597864001306538,382.48229185402784,508.3083767513813,14.814867653306987,16.989384453148002,0.3901758478320841,446.74010977962644,16.219702023709978,0.35030024225213297,0.4300514534120352,419.02134937662447,474.4588701826284,15.694047553516901,16.745356493903056
"['Lignin (wt%)', 'Co-polyol type (PTHF)', 'r', 'Isocyanate (wt%)', 'Sratio(%)']",5,500,0.3661242864659703,447.28718767348374,15.91912606565231,0.27346354107647874,0.4587850318554618,383.69239455381705,510.88198079315043,14.823388891274991,17.01486324002963,0.38898500898031607,447.63241395261775,16.23767606719983,0.34896606746296055,0.4290039504976716,419.6133521858378,475.6514757193977,15.710114563474324,16.765237570925333
"['Lignin (wt%)', 'Co-polyol type (PTHF)', 'r', 'Isocyanate (wt%)', 'Sratio(%)']",5,600,0.36588403977161693,447.46152518511707,15.932174725900001,0.27271204237354174,0.4590560371696921,383.44689631918374,511.4761540510504,14.830514167194094,17.03383528460591,0.38944884954138115,447.2966802561784,16.23093403433811,0.3496242030079199,0.4292734960748424,419.38502239116184,475.2083381211949,15.693547199843962,16.768320868832255
"['Lignin (wt%)', 'Co-polyol type (PTHF)', 'r', 'Isocyanate (wt%)', 'Sratio(%)']",5,700,0.3655249623117573,447.72227720801527,15.945107813143485,0.2718236894566545,0.45922623516686006,383.2095958462662,512.2349585697643,14.842165208660427,17.048050417626545,0.3902223421943814,446.7416195770772,16.225162171553706,0.3509716834175201,0.4294730009712427,419.1474393889614,474.335799765193,15.692472612979635,16.757851730127776
"['Lignin (wt%)', 'Co-polyol type (PTHF)', 'r', 'Isocyanate (wt%)', 'Sratio(%)']",5,800,0.3630176303157125,449.367813810741,15.977301436241351,0.266048581160619,0.45998667947080596,383.1198964793067,515.6157311421753,14.844876195733404,17.109726676749297,0.3909078302085632,446.23052250823673,16.21276087997121,0.3521461076924338,0.42966955272469254,419.07746759626866,473.3835774202048,15.679112216879139,16.746409543063283
"['Lignin (wt%)', 'Co-polyol type (PTHF)', 'r', 'Isocyanate (wt%)', 'Sratio(%)']",5,900,0.3628303413953683,449.5933811698409,15.980115917744033,0.2655535719044774,0.46010711088625916,382.7586144510405,516.4281478886412,14.84100498476708,17.119226850720988,0.3913261895977893,445.9247059926005,16.208596585320354,0.3523648540501696,0.430287525145409,418.6038230727228,473.2455889124782,15.668981158216274,16.748212012424432
"['Lignin (wt%)', 'Co-polyol type (PTHF)', 'r', 'Isocyanate (wt%)', 'Sratio(%)']",5,1000,0.36264240216673266,449.7420843912475,15.978001283729645,0.26451949821778914,0.4607653061156762,382.16400605082237,517.3201627316726,14.828992728938907,17.127009838520383,0.3912467206588827,445.9788646602891,16.214552387353905,0.3523059229903004,0.43018751832746505,418.70131776368385,473.25641155689436,15.675126511407186,16.753978263300624
"['Lignin (wt%)', 'Co-polyol type (PTHF)', 'r', 'Isocyanate (mmol NCO)', 'Isocyonate type']",5,1,0.26666751371561187,516.17710736264,17.370924153003013,0.11715299191538156,0.4161820355158422,415.87760400256946,616.4766107227105,15.535669894970102,19.206178411035925,0.3353796163616477,487.3264040917371,17.063060435687557,0.2937882496701156,0.37697098305317983,454.4622105555903,520.190597627884,16.318717400265328,17.807403471109787
"['Lignin (wt%)', 'Co-polyol type (PTHF)', 'r', 'Isocyanate (mmol NCO)', 'Isocyonate type']",5,10,0.2679599506679349,515.8062850471786,17.32871318377746,0.12979695784690184,0.40612294348896794,422.5470979011235,609.0654721932336,15.72036369537783,18.93706267217709,0.3337068753911205,488.43006922357335,17.04215739612014,0.29061013111528555,0.3768036196669554,455.2147137592388,521.645424687908,16.2487084640515,17.835606328188778
"['Lignin (wt%)', 'Co-polyol type (PTHF)', 'r', 'Isocyanate (mmol NCO)', 'Isocyonate type']",5,50,0.28019476567518625,507.42961393877357,17.087134893026636,0.14141862119037552,0.418970910159997,412.42228426374356,602.4369436138036,15.50592070786531,18.668349078187966,0.33524633876454263,487.3405496710819,17.004616293053857,0.29223365105462257,0.3782590264744627,453.97110392425225,520.7099954179115,16.28198109614614,17.727251489961574
"['Lignin (wt%)', 'Co-polyol type (PTHF)', 'r', 'Isocyanate (mmol NCO)', 'Isocyonate type']",5,100,0.2757977417749814,510.4839323809232,17.10300118849798,0.13367052520853598,0.41792495834142684,413.491977491154,607.4758872706924,15.437677778575523,18.76832459842044,0.34005093963863625,483.8107757994174,16.915547525467492,0.2973197384340747,0.3827821408431978,450.6980653189394,516.9234862798953,16.17486928898191,17.656225761953074
"['Lignin (wt%)', 'Co-polyol type (PTHF)', 'r', 'Isocyanate (mmol NCO)', 'Isocyonate type']",5,200,0.26755008186225665,517.0121381405406,17.133425837536876,0.12421284039554564,0.41088732332896766,416.00059887434384,618.0236774067374,15.373157351515697,18.893694323558055,0.3481358582137958,477.9466387253997,16.8241776447479,0.310213959144964,0.38605775728262753,447.6105857969455,508.2826916538539,16.094605197618005,17.55375009187779
"['Lignin (wt%)', 'Co-polyol type (PTHF)', 'r', 'Isocyanate (mmol NCO)', 'Isocyonate type']",5,300,0.26780647889229636,517.3651970575071,17.24170083336264,0.12304170403488648,0.41257125374970627,413.4833881895404,621.2470059254738,15.541733751087088,18.94166791563819,0.33719354745030333,485.9543843122594,16.941640219944624,0.29223013163024036,0.3821569632703663,450.94050643771703,520.9682621868017,16.14249258777567,17.740787852113577
"['Lignin (wt%)', 'Co-polyol type (PTHF)', 'r', 'Isocyanate (mmol NCO)', 'Isocyonate type']",5,400,0.27753450457026674,509.37989588004893,17.12737623544013,0.13578991158163595,0.41927909755889753,412.3535020498009,606.406289710297,15.531779201103994,18.72297326977627,0.33547327524403825,487.15872195508183,16.971392724759415,0.2927802293651151,0.3781663211229614,454.0739537216507,520.243490188513,16.21826191240275,17.72452353711608
"['Lignin (wt%)', 'Co-polyol type (PTHF)', 'r', 'Isocyanate (mmol NCO)', 'Isocyonate type']",5,500,0.27312518291486454,512.8193876250245,17.146539247063664,0.1306372859500042,0.41561307987972484,413.94595970592945,611.6928155441196,15.527628253338591,18.765450240788738,0.33486614051666475,487.6191995478208,16.96825424866791,0.29062453510795816,0.37910774592537133,453.3285566681755,521.9098424274662,16.194242307369972,17.74226618996585
"['Lignin (wt%)', 'Co-polyol type (PTHF)', 'r', 'Isocyanate (mmol NCO)', 'Isocyonate type']",5,600,0.272840216219979,513.2727115128769,17.147195379343657,0.13030152348403765,0.41537890895592033,413.31799869519773,613.227424330556,15.509566642333908,18.784824116353406,0.33421323897290656,488.1084777409136,16.98007661522316,0.2899683256020016,0.3784581523438115,453.7375765166689,522.4793789651583,16.19863415886756,17.761519071578764
"['Lignin (wt%)', 'Co-polyol type (PTHF)', 'r', 'Isocyanate (mmol NCO)', 'Isocyonate type']",5,700,0.2715656985246401,514.3441899826457,17.167725772432473,0.12922083536197276,0.4139105616873074,413.9675602583726,614.7208197069189,15.515538341119838,18.81991320374511,0.33475797793160667,487.7139278279857,16.968720781525093,0.290663049322849,0.37885290654036435,453.4098457728811,522.0180098830903,16.18489144334813,17.752550119702057
"['Lignin (wt%)', 'Co-polyol type (PTHF)', 'r', 'Isocyanate (mmol NCO)', 'Isocyonate type']",5,800,0.26949779212781283,516.0292865552734,17.185550129927314,0.12656178437171728,0.4124337998839084,414.370741891991,617.6878312185559,15.516236832869195,18.854863426985435,0.33516089244851244,487.4303101359973,16.96321279185238,0.29061236812498537,0.3797094167720395,452.72774621928374,522.1328740527108,16.169043156740546,17.757382426964217
"['Lignin (wt%)', 'Co-polyol type (PTHF)', 'r', 'Isocyanate (mmol NCO)', 'Isocyonate type']",5,900,0.26907605678545615,516.4459806810088,17.189870486319517,0.12557012689522118,0.4125819866756911,413.88035693095037,619.0116044310672,15.509014260628916,18.870726712010118,0.3354704997502607,487.2066764425942,16.95828478402935,0.29091514238618044,0.380025857114341,452.47580868582634,521.937544199362,16.162377969267563,17.754191598791135
"['Lignin (wt%)', 'Co-polyol type (PTHF)', 'r', 'Isocyanate (mmol NCO)', 'Isocyonate type']",5,1000,0.2693862636223572,516.2802298545946,17.17700733925174,0.12592806733996798,0.4128444599047464,413.4837694370333,619.0766902721559,15.48532809291897,18.868686585584513,0.3357977562141756,486.97468825591216,16.956632634772422,0.29205281448023823,0.379542697948113,452.76733382846487,521.1820426833594,16.17030383892304,17.742961430621804
"['Lignin (wt%)', 'Co-polyol type (PTHF)', 'r', 'Isocyanate (mmol NCO)', 'tin(II) octoate']",5,1,0.20896822438563617,555.3428461900254,18.341009305363787,0.05698806144823451,0.3609483873230378,457.4849049511979,653.2007874288529,16.98721971855516,19.694798892172415,0.2868129160324962,522.4805997346131,17.95235306264726,0.23675225943368955,0.33687357263130285,486.80802942270003,558.153170046526,17.05387287773405,18.850833247560466
"['Lignin (wt%)', 'Co-polyol type (PTHF)', 'r', 'Isocyanate (mmol NCO)', 'tin(II) octoate']",5,10,0.21915114579559578,550.8147836669558,18.296004307026685,0.05864228777832614,0.3796600038128654,439.9444221963202,661.6851451375915,16.47430868954883,20.11769992450454,0.3015226118144297,511.7853546764155,17.660117665423122,0.2463091332369297,0.35673609039192966,471.7827279388144,551.7879814140167,16.678803342730326,18.64143198811592
"['Lignin (wt%)', 'Co-polyol type (PTHF)', 'r', 'Isocyanate (mmol NCO)', 'tin(II) octoate']",5,50,0.2321063764207069,542.2828593749445,18.091074976705222,0.09337923100321374,0.37083352183820006,442.7160983016396,641.8496204482493,16.32973921795742,19.852410735453024,0.30440756769172517,509.6324462028332,17.61871403508984,0.24946432045814793,0.3593508149253024,469.9691492584692,549.2957431471972,16.684236323430614,18.553191746749068
"['Lignin (wt%)', 'Co-polyol type (PTHF)', 'r', 'Isocyanate (mmol NCO)', 'tin(II) octoate']",5,100,0.21799067285457935,551.5024793425625,18.207477468512224,0.0725817049965187,0.36339964071263997,451.05851780656076,651.9464408785643,16.488684465461688,19.92627047156276,0.29346264240185127,517.668336852816,17.793500188273025,0.24147796130342905,0.3454473235002735,480.16924527295686,555.167428432675,16.885491052424186,18.701509324121865
"['Lignin (wt%)', 'Co-polyol type (PTHF)', 'r', 'Isocyanate (mmol NCO)', 'tin(II) octoate']",5,200,0.22033887561642357,550.7137413784592,18.167813649183852,0.08249842990149905,0.3581793213313481,452.0096786347701,649.4178041221483,16.511192429745503,19.824434868622202,0.29948098125422307,513.2411282342595,17.68928145196285,0.24320486195465732,0.35575710055378884,472.651110937076,553.8311455314429,16.706759458834618,18.67180344509108
"['Lignin (wt%)', 'Co-polyol type (PTHF)', 'r', 'Isocyanate (mmol NCO)', 'tin(II) octoate']",5,300,0.21302490718135797,555.9609649074308,18.22375391368358,0.07377334139842626,0.35227647296428966,456.01656130792577,655.9053685069359,16.54960149082627,19.897906336540892,0.30238265210117743,511.1121504234986,17.676646368036128,0.24552387985719587,0.359241424345159,470.0879160908751,552.1363847561221,16.69634788228873,18.656944853783525
"['Lignin (wt%)', 'Co-polyol type (PTHF)', 'r', 'Isocyanate (mmol NCO)', 'tin(II) octoate']",5,400,0.22346188497767824,548.8059816354187,18.09360477372413,0.07881837286502097,0.3681053970903355,445.2586725392385,652.3532907315989,16.36277227866119,19.824437268787072,0.30267320518553553,510.8597273961328,17.679306686886726,0.24755388786283555,0.3577925225082355,471.39448266919936,550.3249721230662,16.71924665604451,18.63936671772894
"['Lignin (wt%)', 'Co-polyol type (PTHF)', 'r', 'Isocyanate (mmol NCO)', 'tin(II) octoate']",5,500,0.22257725289360475,549.3558782347876,18.10147865230392,0.07825187851264892,0.3669026272745606,446.01750735475446,652.6942491148208,16.369488857822848,19.833468446784995,0.3021303132994567,511.2497049643299,17.69287744937351,0.24697817191860333,0.3572824546803101,471.7934079289816,550.7060019996783,16.738190679179443,18.647564219567574
"['Lignin (wt%)', 'Co-polyol type (PTHF)', 'r', 'Isocyanate (mmol NCO)', 'tin(II) octoate']",5,600,0.21934879402458668,552.0072224620666,18.119471351756914,0.07702787552812448,0.36166971252104885,448.93400350409473,655.0804414200385,16.38925945060447,19.849683252909358,0.30375589767005806,510.0629725883946,17.660916618057694,0.2491752351472526,0.35833656019286353,470.9597857817134,549.1661593950757,16.723777165236562,18.598056070878826
"['Lignin (wt%)', 'Co-polyol type (PTHF)', 'r', 'Isocyanate (mmol NCO)', 'tin(II) octoate']",5,700,0.21960616049160664,551.9200653280842,18.119024751681614,0.07716333944208198,0.3620489815411313,448.3365710509993,655.5035596051691,16.380274150923757,19.85777535243947,0.3033515824122953,510.35369024526136,17.663093622524237,0.2485088015211375,0.3581943633034531,471.091628409634,549.6157520808887,16.724506220872332,18.60168102417614
"['Lignin (wt%)', 'Co-polyol type (PTHF)', 'r', 'Isocyanate (mmol NCO)', 'tin(II) octoate']",5,800,0.22308239061575746,549.3528719628299,18.066944608030504,0.0755774138663218,0.37058736736519315,442.5131987812497,656.1925451444101,16.274475246198335,19.859413969862672,0.30089975954484544,512.1501853664109,17.692048419728277,0.24335951262122085,0.35844000646847,470.85942717227726,553.4409435605446,16.71646821386539,18.667628625591163
"['Lignin (wt%)', 'Co-polyol type (PTHF)', 'r', 'Isocyanate (mmol NCO)', 'tin(II) octoate']",5,900,0.22339990941548335,549.0773906841357,18.065092003732783,0.07501533322854115,0.37178448560242555,441.7992647199333,656.3555166483382,16.261910411079782,19.868273596385784,0.300473257558382,512.4471886746868,17.69741701558732,0.24289682863858272,0.35804968647818125,471.2178646867554,553.6765126626182,16.723934568031986,18.670899463142653
"['Lignin (wt%)', 'Co-polyol type (PTHF)', 'r', 'Isocyanate (mmol NCO)', 'tin(II) octoate']",5,1000,0.2274151429747814,546.5833236938379,17.97440946710521,0.07743749151398127,0.37739279443558155,437.37588213811864,655.7907652495571,16.13031265505023,19.818506279160193,0.3027279954838682,510.824280573332,17.652267426820234,0.24506660151349346,0.3603893894542429,469.32937750222334,552.3191836444406,16.66033038937471,18.64420446426576
"['Lignin (wt%)', 'Co-polyol type (PTHF)', 'r', 'Isocyanate (mmol NCO)', 'Sratio(%)']",5,1,0.23135076029237278,553.3069386932223,17.459344368451088,0.052470496207955075,0.4102310243767905,391.0346618297104,715.5792155567342,15.489859121074707,19.42882961582747,0.32921297167224106,491.9259934443846,17.325867629069275,0.26193487049234054,0.3964910728521416,441.0044767493948,542.8475101393743,16.185306049704153,18.4664292084344
"['Lignin (wt%)', 'Co-polyol type (PTHF)', 'r', 'Isocyanate (mmol NCO)', 'Sratio(%)']",5,10,0.23649041060234133,548.2648828329993,16.941694352108765,0.0722645961839665,0.40071622502071613,394.8715381276187,701.65822753838,15.28368246087531,18.59970624334222,0.40037082130481166,439.56804686984117,16.16544802586987,0.34610381148002867,0.45463783112959466,399.2533031574267,479.8827905822556,15.365150558213687,16.965745493526057
"['Lignin (wt%)', 'Co-polyol type (PTHF)', 'r', 'Isocyanate (mmol NCO)', 'Sratio(%)']",5,50,0.24780861091248604,543.1400437251929,16.809422921823533,0.04692491423456838,0.4486923075904037,358.91303229676663,727.367055153619,14.920136368776944,18.69870947487012,0.40211082464945724,438.1712339088439,15.943583147958316,0.3369900224189399,0.4672316268799746,390.7920632196977,485.55040459799005,14.910387859648656,16.976778436267978
"['Lignin (wt%)', 'Co-polyol type (PTHF)', 'r', 'Isocyanate (mmol NCO)', 'Sratio(%)']",5,100,0.23384265029052126,554.8259536695434,16.839443755260497,0.006484543515476893,0.4612007570655656,349.4110514696948,760.240855869392,14.76948522651556,18.909402284005434,0.4177861569695985,426.83362216798986,15.732345381764693,0.3601667582432951,0.47540555569590187,383.96729236898534,469.6999519669944,14.788109481387618,16.67658128214177
"['Lignin (wt%)', 'Co-polyol type (PTHF)', 'r', 'Isocyanate (mmol NCO)', 'Sratio(%)']",5,200,0.2505730610375816,542.7055346382177,16.844444514901767,0.021166782537878487,0.47997933953728467,336.7185465934226,748.6925226830128,14.806236926885038,18.882652102918495,0.40169492120844497,438.4284407053764,15.949325515364285,0.334632828687841,0.46875701372904893,389.89199098222696,486.9648904285258,14.871881794070827,17.026769236657742
"['Lignin (wt%)', 'Co-polyol type (PTHF)', 'r', 'Isocyanate (mmol NCO)', 'Sratio(%)']",5,300,0.24701163284606426,545.2702228039303,16.803699528912922,0.0156738783643679,0.4783493873277606,337.5814640954078,752.9589815124529,14.756587073739496,18.85081198408635,0.39996680508162624,439.6718623922945,15.976647421627623,0.33121558073976204,0.46871802942349045,390.0205169671671,489.32320781742186,14.879754860410126,17.073539982845123
"['Lignin (wt%)', 'Co-polyol type (PTHF)', 'r', 'Isocyanate (mmol NCO)', 'Sratio(%)']",5,400,0.24998137781638002,544.4128863591925,16.778470501616248,0.014373859806120132,0.4855888958266399,331.8203249593299,757.0054477590551,14.68757466925883,18.869366333973666,0.39962070882818806,440.00802825866504,15.962123824715793,0.33205508655756577,0.46718633109881036,390.77233294269666,489.2437235746334,14.881939007281844,17.04230864214974
"['Lignin (wt%)', 'Co-polyol type (PTHF)', 'r', 'Isocyanate (mmol NCO)', 'Sratio(%)']",5,500,0.2484065448788134,545.6826661486068,16.785790850883455,0.009833877548879627,0.4869792122087472,330.65466042443893,760.7106718727747,14.683898077398736,18.887683624368172,0.3985963644295933,440.77288006007194,15.977403684336767,0.33081218921746597,0.4663805396417206,391.2917700216244,490.25399009851947,14.894311572161206,17.06049579651233
"['Lignin (wt%)', 'Co-polyol type (PTHF)', 'r', 'Isocyanate (mmol NCO)', 'Sratio(%)']",5,600,0.24822917302049358,545.8813810203568,16.794468725746967,0.009786831958586067,0.48667151408240106,330.9107547739659,760.8520072667477,14.691563123073793,18.897374328420142,0.3979193906855273,441.2721882713857,15.98578431284373,0.3297694287982669,0.4660693525727877,391.50056170050493,491.04381484226644,14.901070369828346,17.070498255859114
"['Lignin (wt%)', 'Co-polyol type (PTHF)', 'r', 'Isocyanate (mmol NCO)', 'Sratio(%)']",5,700,0.24994800157914332,544.3924678145465,16.754317615484247,0.013019065931261842,0.4868769372270248,330.860214004579,757.9247216245141,14.664464814129271,18.844170416839223,0.39751681513466164,441.5617906586702,15.990597262633987,0.32894607231345774,0.46608755795586554,391.5092209762243,491.6143603411161,14.905328325368323,17.07586619989965
"['Lignin (wt%)', 'Co-polyol type (PTHF)', 'r', 'Isocyanate (mmol NCO)', 'Sratio(%)']",5,800,0.2511954501102608,543.3930496040332,16.735671896567787,0.01369032627170183,0.4887005739488197,329.5905137923004,757.195585415766,14.643742949298858,18.827600843836716,0.397920205149578,441.25968266013996,15.981974822251777,0.3295543181795812,0.4662860921195748,391.400089485477,491.1192758348029,14.901430161881061,17.06251948262249
"['Lignin (wt%)', 'Co-polyol type (PTHF)', 'r', 'Isocyanate (mmol NCO)', 'Sratio(%)']",5,900,0.2517065455312827,543.0503599695348,16.7236514261728,0.01386287723714294,0.4895502138254224,329.02014962003983,757.0805703190299,14.628263348293714,18.819039504051887,0.39828069550873374,440.9972808482348,15.97335920573472,0.32992966794532624,0.46663172307214124,391.1402793475292,490.85428234894044,14.894040519843326,17.052677891626114
"['Lignin (wt%)', 'Co-polyol type (PTHF)', 'r', 'Isocyanate (mmol NCO)', 'Sratio(%)']",5,1000,0.2529122740998251,542.1341452670688,16.717765298126956,0.014558446962286392,0.4912661012373638,327.87504518401,756.3932453501276,14.621491510059503,18.81403908619441,0.39746242497869405,441.58140338443565,15.975478868115307,0.32819963550774345,0.46672521444964465,391.15154882369836,492.01125794517293,14.88822339593451,17.062734340296103
"['Lignin (wt%)', 'Co-polyol type (PTHF)', 'r', 'Isocyonate type', 'tin(II) octoate']",5,1,0.2867193355833665,500.3418403960777,17.457329674733344,0.14530913087103492,0.42812954029569805,413.26570973204116,587.4179710601143,16.06486762730108,18.84979172216561,0.3213509550632175,497.2130421162632,17.27678663194228,0.2690651142951525,0.37363679583128245,459.44479204029346,534.9812921922329,16.421661885056793,18.131911378827766
"['Lignin (wt%)', 'Co-polyol type (PTHF)', 'r', 'Isocyonate type', 'tin(II) octoate']",5,10,0.28915288131283956,499.111896135149,17.003021335616687,0.1381932190014574,0.4401125436242217,401.8642733729598,596.3595188973381,15.301665856040703,18.70437681519267,0.32696714754832373,493.14012903277063,17.083897895545608,0.27760263269449564,0.3763316624021518,457.26719635768166,529.0130617078596,16.25890929835372,17.908886492737494
"['Lignin (wt%)', 'Co-polyol type (PTHF)', 'r', 'Isocyonate type', 'tin(II) octoate']",5,50,0.2974397718960395,493.09293780988656,16.96787251357798,0.151630450809877,0.44324909298220194,400.5004775400614,585.6853980797117,15.362183925365459,18.573561101790503,0.3242300526120151,495.12081483544546,17.160043307217183,0.27569591853566533,0.37276418668836486,460.05856563397197,530.183064036919,16.343206296092156,17.97688031834221
"['Lignin (wt%)', 'Co-polyol type (PTHF)', 'r', 'Isocyonate type', 'tin(II) octoate']",5,100,0.29396103504787485,495.312762960173,16.917078612492443,0.14237361741400673,0.445548452681743,398.21483983937463,592.4106860809713,15.149037753638414,18.68511947134647,0.3275282263993304,492.6837510898498,17.08984319171957,0.2846006003402164,0.37045585245844437,461.9823292696778,523.3851729100218,16.3803007387801,17.79938564465904
"['Lignin (wt%)', 'Co-polyol type (PTHF)', 'r', 'Isocyonate type', 'tin(II) octoate']",5,200,0.2956149034838679,494.12379763128195,16.991391539576874,0.14921189595231077,0.442017911015425,400.87852901269986,587.3690662498641,15.302247275237729,18.68053580391602,0.32414816144296965,495.1302554772583,17.14795129917868,0.27959715736849633,0.368699165517443,463.46144037021656,526.7990705843,16.41172571502153,17.88417688333583
"['Lignin (wt%)', 'Co-polyol type (PTHF)', 'r', 'Isocyonate type', 'tin(II) octoate']",5,300,0.29592738880558145,493.93613520343536,17.00281117915646,0.14866466752929433,0.4431901100818686,399.9490309062999,587.9232395005708,15.361585040729302,18.644037317583617,0.32319765356529606,495.84076336858107,17.185288088170513,0.276476969127375,0.3699183380032171,462.41135725374977,529.2701694834124,16.42099819061383,17.949577985727196
"['Lignin (wt%)', 'Co-polyol type (PTHF)', 'r', 'Isocyonate type', 'tin(II) octoate']",5,400,0.2946864267420656,495.1460187942368,17.06298068561784,0.14787813262249702,0.4414947208616341,400.4209555369518,589.8710820515217,15.392588456205095,18.73337291503059,0.32726671902161236,492.96044071754505,17.126189648802672,0.27992965457250896,0.37460378347071577,458.33154925717474,527.5893321779154,16.32161292656479,17.930766371040555
"['Lignin (wt%)', 'Co-polyol type (PTHF)', 'r', 'Isocyonate type', 'tin(II) octoate']",5,500,0.2949133696604417,495.06782684024,16.97181573661895,0.14865798565469304,0.44116875366619035,400.0206403985248,590.1150132819553,15.202302835815743,18.741328637422157,0.3294557199163949,491.3198648279289,17.089286734639778,0.28261496828239335,0.3762964715503964,457.2738444366209,525.3658852192369,16.307711358867486,17.87086211041207
"['Lignin (wt%)', 'Co-polyol type (PTHF)', 'r', 'Isocyonate type', 'tin(II) octoate']",5,600,0.29265329854769656,496.8640299086725,17.01221343785209,0.14680006469115905,0.4385065324042341,401.427019729967,592.3010400873779,15.221571967559537,18.802854908144642,0.3305063404755615,490.5657674656115,17.065375627220767,0.28305932277648654,0.37795335817463643,455.9599230229552,525.1716119082678,16.258051765674708,17.872699488766827
"['Lignin (wt%)', 'Co-polyol type (PTHF)', 'r', 'Isocyonate type', 'tin(II) octoate']",5,700,0.2885772510301879,499.9663950047733,17.060341908533996,0.14543556912550604,0.43171893293486974,406.34387721161625,593.5889127979303,15.30431190299701,18.81637191407098,0.33124908354922683,490.0265349457444,17.042350475077573,0.2842373312195649,0.37826083587888876,455.7043868318843,524.3486830596046,16.24607146889961,17.838629481255534
"['Lignin (wt%)', 'Co-polyol type (PTHF)', 'r', 'Isocyonate type', 'tin(II) octoate']",5,800,0.28791404591926717,500.3672811716332,17.068149766204748,0.1440126035013802,0.4318154883371541,406.34072667144636,594.3938356718199,15.308680218829569,18.827619313579927,0.3315359097828118,489.80971674032133,17.03770262646612,0.2841811076084098,0.37889071195721374,455.28042078214344,524.3390126984992,16.23825788040547,17.837147372526772
"['Lignin (wt%)', 'Co-polyol type (PTHF)', 'r', 'Isocyonate type', 'tin(II) octoate']",5,900,0.28744173450189026,500.66935986556365,17.067796995040766,0.14305537037191085,0.43182809863186966,406.33646951027237,595.0022502208549,15.306176349650022,18.829417640431508,0.3316251858214766,489.7472871845215,17.03613876422653,0.28414687734471356,0.37910349429823964,455.1055621901462,524.3890121788968,16.233304303662837,17.83897322479022
"['Lignin (wt%)', 'Co-polyol type (PTHF)', 'r', 'Isocyonate type', 'tin(II) octoate']",5,1000,0.2844193916321489,502.6389461872318,17.10285185715143,0.13771036039171217,0.4311284228725857,407.1570024110726,598.120889963391,15.303322276010432,18.902381438292426,0.3317475752151046,489.6538281778139,17.028453834120977,0.28419274285460366,0.37930240757560557,454.9783426606005,524.3293136950274,16.22118499214804,17.835722676093916
"['Lignin (wt%)', 'Co-polyol type (PTHF)', 'r', 'Isocyonate type', 'Sratio(%)']",5,1,0.34394017821868894,464.3351433211259,16.48044684911353,0.2227643268217593,0.4651160296156186,373.80985077181555,554.8604358704362,15.091621855963009,17.86927184226405,0.3377764277491025,485.5528169323478,17.18913640100947,0.2865518078435362,0.3890010476546688,446.27569037779745,524.8299434868982,16.366900832188904,18.011371969830037
"['Lignin (wt%)', 'Co-polyol type (PTHF)', 'r', 'Isocyonate type', 'Sratio(%)']",5,10,0.3682473430567392,445.87251145029296,15.642789088188593,0.2582985638828237,0.47819612223065466,370.114326955171,521.6306959454149,14.347288963311957,16.93828921306523,0.39716594469824446,441.47994559428327,16.057278944975476,0.351400250210561,0.44293163918592793,410.3058143066145,472.65407688195205,15.446673425470598,16.667884464480355
"['Lignin (wt%)', 'Co-polyol type (PTHF)', 'r', 'Isocyonate type', 'Sratio(%)']",5,50,0.34963249461843693,460.9034994419475,15.80100663203057,0.24577972067192116,0.4534852685649527,383.6617873824419,538.1452115014531,14.418368736954061,17.183644527107077,0.4119363400300074,430.575211249967,15.64187852921805,0.3620599547185075,0.4618127253415073,396.51827260412625,464.6321498958078,14.985485340863333,16.298271717572767
"['Lignin (wt%)', 'Co-polyol type (PTHF)', 'r', 'Isocyonate type', 'Sratio(%)']",5,100,0.32976352957591215,474.2022913261453,15.919418891651597,0.2127837384989379,0.4467433206528864,389.9237497186737,558.4808329336169,14.519659585736267,17.319178197566927,0.40954759894624504,432.6390526124801,15.734222174081001,0.36487055173479827,0.4542246461576918,400.27428089757814,465.00382432738206,15.010431701191678,16.458012646970325
"['Lignin (wt%)', 'Co-polyol type (PTHF)', 'r', 'Isocyonate type', 'Sratio(%)']",5,200,0.35978336279875817,453.2905583132382,15.779811723760925,0.26122745498342925,0.4583392706140871,379.905203582828,526.6759130436484,14.455105917622964,17.104517529898885,0.3962209318653402,442.35350760787725,15.96988648117971,0.3516366221362769,0.4408052415944035,410.5381416953524,474.1688735204021,15.304419731362042,16.635353230997378
"['Lignin (wt%)', 'Co-polyol type (PTHF)', 'r', 'Isocyonate type', 'Sratio(%)']",5,300,0.35641016668069947,455.7891632751989,15.787306916780096,0.2583458549134714,0.45447447844792754,382.56646992469985,529.011856625698,14.467026857805205,17.107586975754987,0.3978804596331186,441.1745750970457,15.946496085339842,0.3507845243699207,0.44497639489631646,407.2034320934427,475.1457181006487,15.25829676686267,16.634695403817013
"['Lignin (wt%)', 'Co-polyol type (PTHF)', 'r', 'Isocyonate type', 'Sratio(%)']",5,400,0.35284777902321096,458.49205599649906,15.796478338250575,0.25315310698807086,0.45254245105835106,383.39852770743664,533.5855842855615,14.455739085769764,17.137217590731385,0.3992360559349144,440.2117935732622,15.894097448853236,0.35160148857326967,0.44687062329655913,405.6139320965243,474.80965505000006,15.164295003083883,16.62389989462259
"['Lignin (wt%)', 'Co-polyol type (PTHF)', 'r', 'Isocyonate type', 'Sratio(%)']",5,500,0.3486575671727361,461.62196688324093,15.831796486098057,0.2449663478500829,0.45234878649538934,383.1536255358779,540.0903082306039,14.477430271165838,17.186162701030277,0.3980069918454413,441.1397209960372,15.905148094493835,0.349334718159783,0.4466792655310996,405.59381816742916,476.6856238246453,15.148311040243128,16.66198514874454
"['Lignin (wt%)', 'Co-polyol type (PTHF)', 'r', 'Isocyonate type', 'Sratio(%)']",5,600,0.3470769654082283,462.851451607192,15.823528174642993,0.23828977576138405,0.45586415505507255,380.3891764284424,545.3137267859416,14.452071170149209,17.194985179136776,0.39850901632015223,440.7838883375249,15.895206881198039,0.34972120651129934,0.4472968261290051,405.0793717015252,476.4884049735246,15.124385353356635,16.666028409039445
"['Lignin (wt%)', 'Co-polyol type (PTHF)', 'r', 'Isocyonate type', 'Sratio(%)']",5,700,0.3456196615977297,463.96297128051276,15.835933203741693,0.23371311727223915,0.4575262059232203,378.99124417950617,548.9346983815194,14.453578762988656,17.21828764449473,0.39856607858744425,440.75426385407826,15.894304433159657,0.3493288714316854,0.4478032857432031,404.6161940411198,476.8923336670367,15.10722494576828,16.681383920551035
"['Lignin (wt%)', 'Co-polyol type (PTHF)', 'r', 'Isocyonate type', 'Sratio(%)']",5,800,0.3538577477762091,459.26499464968873,15.802064630793007,0.24245289710200824,0.46526259845040996,370.9665556973485,547.5634336020289,14.400437342815323,17.20369191877069,0.3983292231257153,440.96824532463904,15.880635586687863,0.34942263974169535,0.4472358065097352,404.75888529245117,477.1776053568269,15.094696887905368,16.666574285470357
"['Lignin (wt%)', 'Co-polyol type (PTHF)', 'r', 'Isocyonate type', 'Sratio(%)']",5,900,0.3526887589197712,460.18661107778064,15.814817205556801,0.24063381226378577,0.4647437055757566,371.2321215427935,549.1411006127678,14.410297259390743,17.21933715172286,0.3981603267470171,441.0963543030645,15.886164261411484,0.34964513993620816,0.4466755135578261,405.1416770013121,477.05103160481696,15.101915664019648,16.670412858803317
"['Lignin (wt%)', 'Co-polyol type (PTHF)', 'r', 'Isocyonate type', 'Sratio(%)']",5,1000,0.35216864487677896,460.61958843205775,15.828657761367555,0.23996611368986276,0.46437117606369516,371.45023245605887,549.7889444080566,14.41965686777382,17.23765865496129,0.3980544189806715,441.16711535857047,15.888133674852494,0.34984700729800733,0.4462618306633357,405.47029056544727,476.86394015169367,15.109542022592892,16.666725327112097
"['Lignin (wt%)', 'Co-polyol type (PTHF)', 'r', 'tin(II) octoate', 'Sratio(%)']",5,1,0.3324130162595585,470.88244601491516,16.20578234491566,0.21907202276432874,0.44575400975478824,392.3558601305857,549.4090318992446,15.074242220927871,17.33732246890345,0.369869409535395,461.8518003881894,16.53013899920923,0.3193466599343081,0.42039215913648187,424.0961977697476,499.6074030066312,15.754517624101327,17.30576037431713
"['Lignin (wt%)', 'Co-polyol type (PTHF)', 'r', 'tin(II) octoate', 'Sratio(%)']",5,10,0.35202524413049885,456.3742060411984,15.751535583704982,0.2399240134688914,0.46412647479210634,379.8348517113377,532.9135603710591,14.48947043339531,17.013600734014652,0.3916227040499655,445.5034949508972,16.091646875003914,0.3504376293313816,0.4328077787685494,418.0476039211194,472.95938598067505,15.55255194814725,16.630741801860577
"['Lignin (wt%)', 'Co-polyol type (PTHF)', 'r', 'tin(II) octoate', 'Sratio(%)']",5,50,0.3722938398262585,443.75924416488795,15.549293531179828,0.26545471006091204,0.479132969591605,366.66747570171634,520.8510126280596,14.280624218508889,16.81796284385077,0.39612724343017064,442.20394157820584,15.970632202783491,0.35094464479450405,0.44130984206583723,411.41421223128924,472.99367092512244,15.36390761391112,16.577356791655863
"['Lignin (wt%)', 'Co-polyol type (PTHF)', 'r', 'tin(II) octoate', 'Sratio(%)']",5,100,0.3658767521539918,447.9384068076856,15.544118315913417,0.25515120349216125,0.47660230081582233,369.44308071789203,526.4337328974792,14.23116638513029,16.857070246696544,0.3986065752325088,440.57631349034466,15.983544536566416,0.3591699689222202,0.4380431815427974,412.8185863706253,468.334040610064,15.47195195511736,16.495137118015474
"['Lignin (wt%)', 'Co-polyol type (PTHF)', 'r', 'tin(II) octoate', 'Sratio(%)']",5,200,0.36796233824528957,446.8200879403663,15.579283539510584,0.2635502422974771,0.47237443419310204,371.15202451189896,522.4881513688337,14.34627240524893,16.81229467377224,0.39495930756894165,443.1229388645068,16.00071078117781,0.35251527623239104,0.43740333890549227,414.19578830177875,472.05008942723487,15.428876475040198,16.57254508731542
"['Lignin (wt%)', 'Co-polyol type (PTHF)', 'r', 'tin(II) octoate', 'Sratio(%)']",5,300,0.36940432715661065,446.1354682888873,15.563470477503841,0.2638466758896768,0.4749619784235445,368.3920209601604,523.8789156176142,14.285256257713316,16.84168469729437,0.3919614829801067,445.3654737124581,16.049996005425374,0.3512049548703096,0.43271801108990376,417.37887185041325,473.3520755745029,15.503656408230377,16.59633560262037
"['Lignin (wt%)', 'Co-polyol type (PTHF)', 'r', 'tin(II) octoate', 'Sratio(%)']",5,400,0.372172943098745,444.51622448979407,15.624008879980702,0.26400213785993454,0.48034374833755544,364.2887632033551,524.7436857762331,14.410998403626659,16.837019356334743,0.39370721263117947,444.07718947736896,16.021448764719405,0.3514712443260699,0.43594318093628903,414.9424180291887,473.21196092554925,15.45960824972016,16.58328927971865
"['Lignin (wt%)', 'Co-polyol type (PTHF)', 'r', 'tin(II) octoate', 'Sratio(%)']",5,500,0.3707891860446302,445.5474764830262,15.631425445361112,0.26131837311514217,0.4802599989741182,364.3642436888199,526.7307092772324,14.422307604564345,16.840543286157878,0.391972632773686,445.36300654730576,16.04246337141301,0.3501177504944561,0.4338275150529159,416.4221105238258,474.30390257078574,15.487226617785526,16.597700125040493
"['Lignin (wt%)', 'Co-polyol type (PTHF)', 'r', 'tin(II) octoate', 'Sratio(%)']",5,600,0.3702833868577004,445.9031982246461,15.628894802290294,0.25984975925771325,0.48071701445768755,364.06678594029086,527.7396105090013,14.419004606818719,16.838784997761866,0.3918003458542104,445.5130315870888,16.03884721185483,0.34975070634204825,0.4338499853663726,416.21766847830577,474.8083946958718,15.47132762155849,16.606366802151168
"['Lignin (wt%)', 'Co-polyol type (PTHF)', 'r', 'tin(II) octoate', 'Sratio(%)']",5,700,0.37119368019760196,445.39383545893486,15.603004099232843,0.2601873011868008,0.48220005920840314,362.64039189232017,528.1472790255496,14.3807050834116,16.825303115054087,0.3911787841161409,445.99115084631256,16.04735353096803,0.34911415606299345,0.4332434121692883,416.4877972569205,475.49450443570464,15.483304361435742,16.61140270050032
"['Lignin (wt%)', 'Co-polyol type (PTHF)', 'r', 'tin(II) octoate', 'Sratio(%)']",5,800,0.3711020862919408,445.5235192581484,15.617442497591455,0.2603770421780166,0.481827130405865,362.7633987852626,528.2836397310341,14.39312066037166,16.84176433481125,0.3903790444212637,446.5803092103418,16.065418717741817,0.3480452820693965,0.4327128067731309,416.86043992501857,476.300178495665,15.491691601698278,16.639145833785356
"['Lignin (wt%)', 'Co-polyol type (PTHF)', 'r', 'tin(II) octoate', 'Sratio(%)']",5,900,0.3713150633934257,445.435697319244,15.603864108747185,0.26038396147522747,0.4822461653116239,362.3795046476939,528.4918899907941,14.371939193115434,16.835789024378936,0.3901260328867243,446.77246753368746,16.070597993824613,0.34751630865723254,0.4327357571162161,416.7895388193003,476.75539624807465,15.49068388671087,16.650512100938357
"['Lignin (wt%)', 'Co-polyol type (PTHF)', 'r', 'tin(II) octoate', 'Sratio(%)']",5,1000,0.3719098679760922,445.25096275992684,15.589470905010444,0.2620742891040429,0.4817454468481415,362.1569486455531,528.3449768743006,14.350399022762444,16.828542787258446,0.38862156788393465,447.8918288027097,16.07648145129604,0.3451532367954732,0.4320898989723961,417.1257815818493,478.6578760235701,15.490170606921692,16.662792295670386
"['Lignin (wt%)', 'Co-polyol type (PTHF)', 'r', 'Copolyol (wt%)', 'Isocyanate (wt%)', 'Isocyanate (mmol NCO)']",6,1,0.21934477919902626,551.8489543489065,18.0500559808773,0.10552925180978175,0.3331603065882708,471.53933622532907,632.158572472484,16.655057221744254,19.445054740010345,0.3027527929543776,511.307855959051,17.712756232544965,0.24681486809067893,0.3586907178180763,467.95842826164096,554.657283656461,16.63665101878812,18.788861446301812
"['Lignin (wt%)', 'Co-polyol type (PTHF)', 'r', 'Copolyol (wt%)', 'Isocyanate (wt%)', 'Isocyanate (mmol NCO)']",6,10,0.22907568734797615,551.1245881761771,17.59859795808262,0.10756552104113826,0.35058585365481404,441.8122386222705,660.4369377300837,15.949087505478891,19.24810841068635,0.33579315579131164,486.92882674475476,16.984223690694588,0.2852113159229251,0.3863749956596982,448.3797700431125,525.4778834463971,15.961369668052642,18.007077713336532
"['Lignin (wt%)', 'Co-polyol type (PTHF)', 'r', 'Copolyol (wt%)', 'Isocyanate (wt%)', 'Isocyanate (mmol NCO)']",6,50,0.23629574640419665,546.2436989076648,17.257192467248597,0.10195985488659018,0.3706316379218031,429.28337252764317,663.2040252876864,15.5934460205448,18.920938913952394,0.3458095555836938,479.4030938217023,16.745354587688713,0.2934624340934009,0.3981566770739867,440.8784714579514,517.9277161854533,15.649120513723364,17.84158866165406
"['Lignin (wt%)', 'Co-polyol type (PTHF)', 'r', 'Copolyol (wt%)', 'Isocyanate (wt%)', 'Isocyanate (mmol NCO)']",6,100,0.24563881263837364,538.435395416693,17.395261729389368,0.11541119756922119,0.3758664277075261,424.6653594330995,652.2054314002866,15.909471624936797,18.88105183384194,0.33976546887903736,483.862857699797,16.867089997980703,0.28758444179047604,0.3919464959675987,445.32997891632306,522.395736483271,15.784610855685683,17.94956914027572
"['Lignin (wt%)', 'Co-polyol type (PTHF)', 'r', 'Copolyol (wt%)', 'Isocyanate (wt%)', 'Isocyanate (mmol NCO)']",6,200,0.24965634613491966,536.0728049815627,17.31882610144656,0.12064502102776636,0.37866767124207296,424.0821394289905,648.0634705341349,15.787981794814417,18.849670408078705,0.3395865565102524,484.0377905962465,16.809812818344653,0.2872588144221313,0.39191429859837346,445.04778324821035,523.0277979442826,15.751671296272454,17.86795434041685
"['Lignin (wt%)', 'Co-polyol type (PTHF)', 'r', 'Copolyol (wt%)', 'Isocyanate (wt%)', 'Isocyanate (mmol NCO)']",6,300,0.2517831201208254,534.738760267517,17.214413242792265,0.11623355395224144,0.3873326862894093,418.9721881208277,650.5053324142064,15.61359049644446,18.81523598914007,0.34026667348448086,483.43699318545305,16.76440395023869,0.2877462083730059,0.3927871385959558,445.0188116857801,521.855174685126,15.73469075158424,17.794117148893143
"['Lignin (wt%)', 'Co-polyol type (PTHF)', 'r', 'Copolyol (wt%)', 'Isocyanate (wt%)', 'Isocyanate (mmol NCO)']",6,400,0.2498569203505446,536.6439030649778,17.150383605473955,0.10380455463508201,0.39590928606600717,411.6268916844378,661.660914445518,15.455068179249793,18.845699031698118,0.34180866425329787,482.2806326021373,16.720500440489747,0.2892195775539276,0.39439775095266816,444.00758320773343,520.5536819965412,15.700768295438479,17.740232585541015
"['Lignin (wt%)', 'Co-polyol type (PTHF)', 'r', 'Copolyol (wt%)', 'Isocyanate (wt%)', 'Isocyanate (mmol NCO)']",6,500,0.2548992540050497,533.3407586063277,17.070604947687663,0.10868237893369473,0.4011161290764047,407.0539773506175,659.6275398620378,15.34583491424658,18.795374981128745,0.3421942358120664,481.9441317139307,16.706258252785695,0.28834601346551736,0.3960424581586155,443.09902746576637,520.7892359620951,15.683551882052717,17.72896462351867
"['Lignin (wt%)', 'Co-polyol type (PTHF)', 'r', 'Copolyol (wt%)', 'Isocyanate (wt%)', 'Isocyanate (mmol NCO)']",6,600,0.25670567810885603,531.9438092613749,17.042321767059512,0.10910126903503559,0.40431008718267647,404.8822008438545,659.0054176788954,15.300281723981733,18.78436181013729,0.3424786126972529,481.7323944794659,16.700546933514623,0.28867800350095035,0.3962792218935554,442.95300139509465,520.5117875638371,15.679896302892821,17.721197564136425
"['Lignin (wt%)', 'Co-polyol type (PTHF)', 'r', 'Copolyol (wt%)', 'Isocyanate (wt%)', 'Isocyanate (mmol NCO)']",6,700,0.26034300269439803,529.0987853850161,16.983757077612193,0.11269365930839284,0.40799234608040325,402.61530371091385,655.5822670591183,15.248958493917186,18.7185556613072,0.34277807181826764,481.5127469954896,16.689038892699735,0.28864189683347313,0.39691424680306214,442.4896553312,520.5358386597792,15.664641113656153,17.713436671743317
"['Lignin (wt%)', 'Co-polyol type (PTHF)', 'r', 'Copolyol (wt%)', 'Isocyanate (wt%)', 'Isocyanate (mmol NCO)']",6,800,0.26122177504556415,528.4047278495738,16.975208779466733,0.11347301839381677,0.40897053169731157,402.0250007981251,654.7844549010224,15.235416599069032,18.715000959864437,0.3429258072677401,481.41158257901316,16.686122558973324,0.2889204652609759,0.39693114927450424,442.4417446593357,520.3814204986905,15.662763920418293,17.709481197528355
"['Lignin (wt%)', 'Co-polyol type (PTHF)', 'r', 'Copolyol (wt%)', 'Isocyanate (wt%)', 'Isocyanate (mmol NCO)']",6,900,0.2609205862905749,528.7230720648222,16.96807760245484,0.11214711804582206,0.40969405453532776,401.27689945435367,656.1692446752907,15.215101641566909,18.721053563342775,0.3431546930309807,481.2483982014106,16.683679185778118,0.28939933945476576,0.3969100466071956,442.42912940472814,520.067666998093,15.66140511349841,17.70595325805783
"['Lignin (wt%)', 'Co-polyol type (PTHF)', 'r', 'Copolyol (wt%)', 'Isocyanate (wt%)', 'Isocyanate (mmol NCO)']",6,1000,0.26196026416814633,527.958390269148,16.957097795895162,0.11302990786218242,0.41089062047411024,400.7048756051767,655.2119049331193,15.20598265699304,18.708212934797285,0.3432395799340281,481.1925739983082,16.68285672291873,0.2892118994488305,0.39726726041922567,442.1301455259301,520.2550024706863,15.653945960990356,17.7117674848471
"['Lignin (wt%)', 'Co-polyol type (PTHF)', 'r', 'Copolyol (wt%)', 'Isocyanate (wt%)', 'Isocyonate type']",6,1,0.2536014401763622,526.3280468828766,17.13394527918954,0.10969976241320781,0.39750311793951665,427.63062717550997,625.0254665902432,15.713668502179656,18.55422205619942,0.3244759219519505,495.01195421653966,17.28873226946848,0.26610382521593257,0.38284801868796847,452.20162220632017,537.8222862267592,16.266000100480042,18.311464438456916
"['Lignin (wt%)', 'Co-polyol type (PTHF)', 'r', 'Copolyol (wt%)', 'Isocyanate (wt%)', 'Isocyonate type']",6,10,0.3070378134766555,491.28052942711946,16.250408369612177,0.18116282116783675,0.4329128057854742,400.1647054995847,582.3963533546543,14.662772822093014,17.83804391713134,0.36167159063897814,467.60093699657784,16.477627469964347,0.3069985614137114,0.41634461986424487,428.3337693277001,506.8681046654556,15.491797289180662,17.463457650748033
"['Lignin (wt%)', 'Co-polyol type (PTHF)', 'r', 'Copolyol (wt%)', 'Isocyanate (wt%)', 'Isocyonate type']",6,50,0.3041705994796978,494.2837746584849,16.22763557844418,0.1561000490108592,0.4522411499485365,385.9793044954924,602.5882448214774,14.436085473801315,18.019185683087045,0.3711692471647436,460.6709463882513,16.29433218158571,0.32149576348601533,0.42084273084347185,425.0496190596054,496.2922737168972,15.408738449952772,17.179925913218646
"['Lignin (wt%)', 'Co-polyol type (PTHF)', 'r', 'Copolyol (wt%)', 'Isocyanate (wt%)', 'Isocyonate type']",6,100,0.3119600241941118,486.83205736505533,16.137867957802037,0.16022164795919577,0.46369840042902777,381.74562313849896,591.9184915916117,14.495249179707558,17.780486735896513,0.3646307413285371,465.4609792071766,16.44615798951076,0.3096214379223545,0.4196400447347197,425.8738516275385,505.0481067868147,15.44332324853407,17.448992730487447
"['Lignin (wt%)', 'Co-polyol type (PTHF)', 'r', 'Copolyol (wt%)', 'Isocyanate (wt%)', 'Isocyonate type']",6,200,0.3109523945729076,488.1031752197384,16.132172939719528,0.16310263311044945,0.45880215603536567,383.85452376444505,592.3518266750317,14.52929856002874,17.735047319410313,0.3629590120001952,466.75567895753403,16.43699943195943,0.30561200237746333,0.4203060216229271,425.02782658980044,508.4835313252676,15.407230452726719,17.466768411192138
"['Lignin (wt%)', 'Co-polyol type (PTHF)', 'r', 'Copolyol (wt%)', 'Isocyanate (wt%)', 'Isocyonate type']",6,300,0.30822551482253846,491.3273212803373,16.201766571160523,0.15927064626383367,0.4571803833812432,381.9865433645595,600.668099196115,14.402442521233077,18.001090621087968,0.3640513978825466,465.9538904046316,16.404351635962378,0.3095066131979012,0.418596182567192,426.2849893539664,505.62279145529675,15.454604668486375,17.35409860343838
"['Lignin (wt%)', 'Co-polyol type (PTHF)', 'r', 'Copolyol (wt%)', 'Isocyanate (wt%)', 'Isocyonate type']",6,400,0.3030119575627436,494.93116298805353,16.24989649956627,0.1494559507513588,0.45656796437412833,383.3260806569997,606.5362453191074,14.436376147954604,18.063416851177934,0.364636894997351,465.48991366509983,16.375841805840242,0.3105768977889074,0.41869689220579465,426.4026066456196,504.5772206845801,15.439849107800084,17.311834503880398
"['Lignin (wt%)', 'Co-polyol type (PTHF)', 'r', 'Copolyol (wt%)', 'Isocyanate (wt%)', 'Isocyonate type']",6,500,0.3065357077789148,492.32429967648403,16.193265130748376,0.15332073596398713,0.4597506795938425,381.06310683360437,603.5854925193637,14.395751438080627,17.990778823416125,0.3648083957542193,465.3577492661825,16.36520250780386,0.31065189593260206,0.41896489557583655,426.2399207492935,504.4755777830715,15.434483390084681,17.295921625523043
"['Lignin (wt%)', 'Co-polyol type (PTHF)', 'r', 'Copolyol (wt%)', 'Isocyanate (wt%)', 'Isocyonate type']",6,600,0.30933155774169663,490.25933379819196,16.132600861487465,0.15522113202449894,0.4634419834588943,378.4268500089959,602.091817587388,14.306697483579187,17.95850423939574,0.3655040337193343,464.8460410953302,16.341220785759514,0.31138447095448063,0.419623596484188,425.75502258666927,503.9370596039911,15.412611260333275,17.269830311185753
"['Lignin (wt%)', 'Co-polyol type (PTHF)', 'r', 'Copolyol (wt%)', 'Isocyanate (wt%)', 'Isocyonate type']",6,700,0.31146703541088266,488.6913356922185,16.10201284509212,0.15822514674753713,0.4647089240742282,377.5545755871744,599.8280957972627,14.270599671424469,17.933426018759768,0.3667355565286188,463.9321560975973,16.31275030423984,0.3141523155453954,0.41931879751184215,426.0683434184951,501.79596877669945,15.428728664099722,17.19677194437996
"['Lignin (wt%)', 'Co-polyol type (PTHF)', 'r', 'Copolyol (wt%)', 'Isocyanate (wt%)', 'Isocyonate type']",6,800,0.31119593859653616,488.87205645986506,16.10734158647804,0.1585456773736716,0.46384619981940073,377.91344940307687,599.8306635166532,14.274911311540242,17.939771861415835,0.367128051930775,463.64350623125256,16.313334202823363,0.31428776825161076,0.4199683356099393,425.5892135250863,501.69779893741884,15.428006305517073,17.198662100129653
"['Lignin (wt%)', 'Co-polyol type (PTHF)', 'r', 'Copolyol (wt%)', 'Isocyanate (wt%)', 'Isocyonate type']",6,900,0.3102766482877487,489.4933214427242,16.12956768639933,0.15571806840604582,0.46483522816945155,377.3118451373495,601.6747977480989,14.279984152029892,17.97915122076877,0.3676314517293475,463.2755480726779,16.309204854194522,0.3142124409369371,0.42105046252175793,424.7749290556053,501.7761670897505,15.408881923362046,17.209527785027
"['Lignin (wt%)', 'Co-polyol type (PTHF)', 'r', 'Copolyol (wt%)', 'Isocyanate (wt%)', 'Isocyonate type']",6,1000,0.3114229695486509,488.72142612577164,16.111679644981443,0.15592537768348008,0.4669205614138217,375.870377025288,601.5724752262553,14.240680002979326,17.982679286983558,0.3685657471716941,462.57601633201404,16.30685282048675,0.31451059070637155,0.42262090363701665,423.68837243357666,501.4636602304514,15.39844541958814,17.215260221385357
"['Lignin (wt%)', 'Co-polyol type (PTHF)', 'r', 'Copolyol (wt%)', 'Isocyanate (wt%)', 'tin(II) octoate']",6,1,0.3027222357636635,488.8318126138004,16.809362906974673,0.1513292213895847,0.45411525013774234,395.6851991171619,581.9784261104389,15.540735842552328,18.077989971397017,0.30900012621850426,506.3525468885881,17.42225519346285,0.25415622699628765,0.36384402544072086,466.2425737850336,546.4625199921427,16.441917340571415,18.402593046354284
"['Lignin (wt%)', 'Co-polyol type (PTHF)', 'r', 'Copolyol (wt%)', 'Isocyanate (wt%)', 'tin(II) octoate']",6,10,0.31115782463651476,486.531991774874,16.5022766712703,0.19173795661422002,0.4305776926588095,405.62019519872376,567.4437883510242,15.113554899709767,17.89099844283084,0.3486922050387011,477.08357128697924,16.602716835203065,0.30374532208717453,0.3936390879902276,445.5069504794691,508.6601920944894,15.804534850246144,17.400898820159988
"['Lignin (wt%)', 'Co-polyol type (PTHF)', 'r', 'Copolyol (wt%)', 'Isocyanate (wt%)', 'tin(II) octoate']",6,50,0.3267323857538718,475.8782772784186,16.20358560338672,0.19573155646442467,0.457733215043319,385.42879493766867,566.3277596191685,14.61635515055129,17.790816056222152,0.3590641093241422,469.52826814402096,16.397427426394362,0.3117198643451732,0.4064083543031112,435.9909646711684,503.0655716168735,15.58763455784524,17.207220294943486
"['Lignin (wt%)', 'Co-polyol type (PTHF)', 'r', 'Copolyol (wt%)', 'Isocyanate (wt%)', 'tin(II) octoate']",6,100,0.334285326205864,469.69333256800775,16.042660654931296,0.20298975873496447,0.4655808936767635,381.01187944998435,558.3747856860311,14.551818796442669,17.533502513419922,0.35346336486736685,473.63178947311144,16.529098795156038,0.30210904982555703,0.40481767990917666,437.09511134769593,510.16846759852695,15.66334198511292,17.394855605199158
"['Lignin (wt%)', 'Co-polyol type (PTHF)', 'r', 'Copolyol (wt%)', 'Isocyanate (wt%)', 'tin(II) octoate']",6,200,0.3348712654040872,469.4475519938581,16.07207223068742,0.19711670291264416,0.4726258278955302,375.34379356744626,563.5513104202699,14.562613711866089,17.581530749508754,0.34974678094176775,476.4256555558991,16.57663598268413,0.2977380729432063,0.4017554889403292,438.94244174246364,513.9088693693345,15.716727801216765,17.436544164151496
"['Lignin (wt%)', 'Co-polyol type (PTHF)', 'r', 'Copolyol (wt%)', 'Isocyanate (wt%)', 'tin(II) octoate']",6,300,0.34294398828117745,464.7216103775081,16.06027900874476,0.2126283714387459,0.473259605123609,373.262661607222,556.1805591477942,14.559479263401194,17.561078754088328,0.34880128125346477,477.0699352860094,16.570936908024912,0.2984293222657496,0.39917324024117995,441.18730720643055,512.9525633655883,15.749780091543718,17.392093724506104
"['Lignin (wt%)', 'Co-polyol type (PTHF)', 'r', 'Copolyol (wt%)', 'Isocyanate (wt%)', 'tin(II) octoate']",6,400,0.3394759810856782,467.0140909682119,16.06213108511497,0.20793366359893087,0.4710182985724256,374.86662833751905,559.1615535989048,14.532113386264392,17.59214878396555,0.35284623934823933,474.05325287905754,16.489317758797608,0.3020237427407653,0.40366873595571334,438.18607360341156,509.9204321547035,15.664324867827165,17.31431064976805
"['Lignin (wt%)', 'Co-polyol type (PTHF)', 'r', 'Copolyol (wt%)', 'Isocyanate (wt%)', 'tin(II) octoate']",6,500,0.3410133274891323,465.810345187178,16.013463421773277,0.20816143378812366,0.47386522119014096,372.9597826879046,558.6609076864513,14.45197728410561,17.574949559440945,0.35374965464523206,473.39739729556334,16.477372536172997,0.3023390586584579,0.4051602506320062,437.0188564630014,509.7759381281253,15.639823034567417,17.314922037778576
"['Lignin (wt%)', 'Co-polyol type (PTHF)', 'r', 'Copolyol (wt%)', 'Isocyanate (wt%)', 'tin(II) octoate']",6,600,0.34013638856820455,466.4063894518698,15.998719037971345,0.20665857155590733,0.47361420558050177,373.036548487885,559.7762304158546,14.433330838931033,17.564107237011655,0.3544622884579655,472.8601397377398,16.46699722912512,0.3040912333229982,0.4048333435929328,437.3627390344845,508.35754044099514,15.648030714595967,17.28596374365427
"['Lignin (wt%)', 'Co-polyol type (PTHF)', 'r', 'Copolyol (wt%)', 'Isocyanate (wt%)', 'tin(II) octoate']",6,700,0.3454941401589193,462.26059018417425,15.865622676811554,0.21039556814200275,0.4805927121758359,368.6570697696777,555.8641105986708,14.27039067222024,17.46085468140287,0.3536940224267184,473.4284339551672,16.471490841968457,0.30480702313010716,0.4025810217233296,438.9869114639928,507.8699564463416,15.681611193953374,17.26137048998354
"['Lignin (wt%)', 'Co-polyol type (PTHF)', 'r', 'Copolyol (wt%)', 'Isocyanate (wt%)', 'tin(II) octoate']",6,800,0.3447026871910389,462.9754951582163,15.860112589315483,0.2082056396177661,0.48119973476431177,368.09122770415433,557.8597626122782,14.24099605742905,17.479229121201914,0.3565081314082261,471.4133577612168,16.43195314824004,0.3073293631802697,0.40568689963618254,436.39039999650356,506.43631552593,15.628438434010409,17.235467862469672
"['Lignin (wt%)', 'Co-polyol type (PTHF)', 'r', 'Copolyol (wt%)', 'Isocyanate (wt%)', 'tin(II) octoate']",6,900,0.34468618880352986,462.9344370427278,15.844489474850628,0.2057503421614777,0.483622035445582,366.7774938775992,559.0913802078563,14.207440410218586,17.48153853948267,0.35689289710585237,471.13098226761866,16.42517363313453,0.3073944387466918,0.4063913554650129,435.86035317558,506.40161135965735,15.618227277858896,17.232119988410165
"['Lignin (wt%)', 'Co-polyol type (PTHF)', 'r', 'Copolyol (wt%)', 'Isocyanate (wt%)', 'tin(II) octoate']",6,1000,0.34576132753574546,462.0073100021744,15.817715713777863,0.20640540332204643,0.4851172517494445,366.4405626869402,557.5740573174086,14.179885754146797,17.45554567340893,0.3574830463576704,470.6901367972782,16.410204573301787,0.30744839042902006,0.4075177022863208,435.065497621538,506.31477597301847,15.594451398500025,17.22595774810355
"['Lignin (wt%)', 'Co-polyol type (PTHF)', 'r', 'Copolyol (wt%)', 'Isocyanate (wt%)', 'Sratio(%)']",6,1,0.2925414809839565,499.54679743541175,16.93430476178204,0.16871869390572458,0.4163642680621884,410.4921026276591,588.6014922431643,15.233600585596994,18.63500893796709,0.344809095161048,479.9976188367708,16.992175015350945,0.29385439793715556,0.39576379238494047,443.560347803313,516.4348898702286,16.0537213910698,17.93062863963209
"['Lignin (wt%)', 'Co-polyol type (PTHF)', 'r', 'Copolyol (wt%)', 'Isocyanate (wt%)', 'Sratio(%)']",6,10,0.3222459418651167,479.89174343536405,16.35825335303564,0.24243503584708886,0.4020568478831445,416.2017520129662,543.5817348577618,14.938433226675587,17.778073479395694,0.4075813086247021,433.8952269854378,15.823817478030984,0.36317770438541885,0.45198491286398534,403.10086469883527,464.6895892720403,15.224357442572009,16.42327751348996
"['Lignin (wt%)', 'Co-polyol type (PTHF)', 'r', 'Copolyol (wt%)', 'Isocyanate (wt%)', 'Sratio(%)']",6,50,0.3549165733217389,458.10345198709445,15.996682262653385,0.27236921489081223,0.4374639317526656,391.2294213827969,524.977482591392,14.800855872968683,17.192508652338088,0.4186283160467732,426.0477959156783,15.599289382986786,0.36914921398953315,0.46810741810401324,389.8886525366251,462.2069392947315,14.904206256936543,16.29437250903703
"['Lignin (wt%)', 'Co-polyol type (PTHF)', 'r', 'Copolyol (wt%)', 'Isocyanate (wt%)', 'Sratio(%)']",6,100,0.3536519602535101,459.2596886560235,15.901604827878185,0.2635412305173655,0.4437626899896547,386.0763563282298,532.4430209838172,14.659236624308248,17.14397303144812,0.41004205980955855,432.28001682977384,15.762330930834162,0.3619129467735549,0.4581711728455622,397.64914517379594,466.91088848575174,15.044972763657505,16.47968909801082
"['Lignin (wt%)', 'Co-polyol type (PTHF)', 'r', 'Copolyol (wt%)', 'Isocyanate (wt%)', 'Sratio(%)']",6,200,0.3555167941552842,457.65301290280587,15.844544300348598,0.270648890270276,0.4403846980402924,388.9523891013929,526.3536367042188,14.660640234561804,17.028448366135393,0.4134031999772468,429.9899682593399,15.68580337697708,0.3657612967540019,0.4610451032004917,394.55290515210675,465.42703136657303,14.945033055509532,16.426573698444628
"['Lignin (wt%)', 'Co-polyol type (PTHF)', 'r', 'Copolyol (wt%)', 'Isocyanate (wt%)', 'Sratio(%)']",6,300,0.36766060692250807,448.3378985168796,15.752407940323986,0.27830187908449777,0.45701933476051837,379.3945055447947,517.2812914889645,14.609341404431559,16.89547447621641,0.4128550093189487,430.4807239040858,15.726502750567823,0.36357209755874204,0.46213792107915536,393.2657298500328,467.69571795813874,14.983470044875638,16.469535456260008
"['Lignin (wt%)', 'Co-polyol type (PTHF)', 'r', 'Copolyol (wt%)', 'Isocyanate (wt%)', 'Sratio(%)']",6,400,0.3616123454755742,452.53183336640706,15.815086163520814,0.2704821329694468,0.4527425579817016,382.8057648907581,522.2579018420561,14.677921515319008,16.95225081172262,0.4115498442715001,431.41985992114695,15.714699916110538,0.3635020603074021,0.4595976282355981,395.1446304174003,467.6950894248936,15.018592336250219,16.410807495970857
"['Lignin (wt%)', 'Co-polyol type (PTHF)', 'r', 'Copolyol (wt%)', 'Isocyanate (wt%)', 'Sratio(%)']",6,500,0.3515086003786966,459.8637337127084,15.948480019147771,0.2604084632567881,0.44260873750060503,389.5052267029837,530.2222407224331,14.809565705223319,17.087394333072222,0.4104484207843761,432.1731526610882,15.705781095846646,0.3628678951352785,0.4580289464334737,396.6181932042372,467.7281121179392,15.013097171460325,16.398465020232965
"['Lignin (wt%)', 'Co-polyol type (PTHF)', 'r', 'Copolyol (wt%)', 'Isocyanate (wt%)', 'Sratio(%)']",6,600,0.35024751095295453,460.7496514104884,15.966424688908862,0.25781304796434884,0.4426819739415602,389.3035049373793,532.1957978835976,14.82392224656789,17.108927131249835,0.40823102448294096,433.7609116925945,15.733688027432517,0.36107355603751967,0.45538849292836225,398.78396250280116,468.73786088238785,15.049454398940805,16.41792165592423
"['Lignin (wt%)', 'Co-polyol type (PTHF)', 'r', 'Copolyol (wt%)', 'Isocyanate (wt%)', 'Sratio(%)']",6,700,0.34781566559726446,462.73908936210125,15.985845746864438,0.2552454966706007,0.4403858345239282,390.1639188922976,535.3142598319049,14.841881088043422,17.129810405685454,0.4054109717048786,435.744617137094,15.77303159751985,0.3584956838024717,0.4523262596072855,401.4784481464155,470.0107861277725,15.117260695336693,16.428802499703007
"['Lignin (wt%)', 'Co-polyol type (PTHF)', 'r', 'Copolyol (wt%)', 'Isocyanate (wt%)', 'Sratio(%)']",6,800,0.34876193330341937,462.03280179180217,15.97455239573932,0.2572257210839844,0.44029814552285435,389.95311343835647,534.1124901452479,14.832400545763544,17.116704245715095,0.4061054834016401,435.209312902031,15.764744800064046,0.35892557577140416,0.45328539103187604,400.9396123547558,469.4790134493062,15.110789682467285,16.418699917660806
"['Lignin (wt%)', 'Co-polyol type (PTHF)', 'r', 'Copolyol (wt%)', 'Isocyanate (wt%)', 'Sratio(%)']",6,900,0.3510738103796889,460.29133826331565,15.959240719480508,0.2599740511461115,0.44217356961326626,389.0889400589701,531.4937364676612,14.811682271039176,17.106799167921842,0.4068311789250152,434.70923970323855,15.746115620880555,0.35981798650911767,0.4538443713409127,400.3644502322438,469.0540291742333,15.079889132038971,16.41234210972214
"['Lignin (wt%)', 'Co-polyol type (PTHF)', 'r', 'Copolyol (wt%)', 'Isocyanate (wt%)', 'Sratio(%)']",6,1000,0.3512159065912108,460.1057009895941,15.94964292180568,0.2612845842339836,0.44114722894843805,389.96585297599813,530.24554900319,14.809684744138703,17.089601099472656,0.406395712605539,435.0183896006837,15.752820833088688,0.35962121595376245,0.4531702092573155,400.909417629731,469.12736157163636,15.09435945592368,16.411282210253695
"['Lignin (wt%)', 'Co-polyol type (PTHF)', 'r', 'Copolyol (wt%)', 'Isocyanate (mmol NCO)', 'Isocyonate type']",6,1,0.23807866576495212,539.0803569593273,17.603955397653145,0.10672230383209849,0.3694350276978058,441.28245345136554,636.8782604672891,16.105304015214003,19.102606780092287,0.31441428755792067,502.5215972122672,17.433836184796732,0.25936049721762816,0.3694680778982132,461.3419120774562,543.7012823470782,16.549866046459826,18.317806323133638
"['Lignin (wt%)', 'Co-polyol type (PTHF)', 'r', 'Copolyol (wt%)', 'Isocyanate (mmol NCO)', 'Isocyonate type']",6,10,0.24679233871701084,537.7166227657231,17.14946559462557,0.12250923909099261,0.3710754383430291,432.57444397840527,642.8588015530408,15.333874421176908,18.965056768074234,0.3454919658968378,479.5821451227679,16.72637201780821,0.29675782382311877,0.3942261079705568,444.1878019845737,514.9764882609621,15.845866620013155,17.606877415603265
"['Lignin (wt%)', 'Co-polyol type (PTHF)', 'r', 'Copolyol (wt%)', 'Isocyanate (mmol NCO)', 'Isocyonate type']",6,50,0.2706719699705548,519.75204535635,16.77644812486803,0.14499309647005043,0.3963508434710592,416.38694758953886,623.1171431231611,15.161713085817517,18.39118316391854,0.34451920322887736,480.3714493615088,16.693800135690942,0.2935109506723763,0.3955274557853784,442.7617265437454,517.9811721792722,15.751051321298574,17.63654895008331
"['Lignin (wt%)', 'Co-polyol type (PTHF)', 'r', 'Copolyol (wt%)', 'Isocyanate (mmol NCO)', 'Isocyonate type']",6,100,0.2745809059281103,515.5238084943992,16.863004151638233,0.14409894291446965,0.4050628689417509,412.65436444676516,618.3932525420332,15.329715948975922,18.39629235430054,0.3423112959915221,482.0131685712771,16.781779172312852,0.2935780929672125,0.3910444990158317,445.90851443228956,518.1178227102646,15.855703979803831,17.707854364821873
"['Lignin (wt%)', 'Co-polyol type (PTHF)', 'r', 'Copolyol (wt%)', 'Isocyanate (mmol NCO)', 'Isocyonate type']",6,200,0.26807155898924595,520.6409142518429,16.892098013419876,0.13009886247185481,0.4060442555066371,411.71993279100946,629.5618957126763,15.277198251905789,18.50699777493396,0.33993222875558127,483.72558620340624,16.790202918226832,0.290592785379084,0.38927167213207853,447.39769966445226,520.0534727423602,15.883561023718475,17.69684481273519
"['Lignin (wt%)', 'Co-polyol type (PTHF)', 'r', 'Copolyol (wt%)', 'Isocyanate (mmol NCO)', 'Isocyonate type']",6,300,0.2739095091805311,516.9649656854264,16.83001629302651,0.142108752454959,0.40571026590610315,410.7805260753254,623.1494052955273,15.25967084673098,18.40036173932204,0.3372929852108698,485.5798988895507,16.793432892665628,0.28592413230386554,0.3886618381178741,448.3509146269562,522.8088831521452,15.856532549338365,17.73033323599289
"['Lignin (wt%)', 'Co-polyol type (PTHF)', 'r', 'Copolyol (wt%)', 'Isocyanate (mmol NCO)', 'Isocyonate type']",6,400,0.275468004523498,516.1486209480781,16.738510909453435,0.14327415576756625,0.4076618532794298,409.1645487895996,623.1326931065566,15.150119198128658,18.326902620778213,0.34069019344803503,483.079898898439,16.71102919336513,0.28954439954610145,0.3918359873499686,446.0588561511557,520.1009416457223,15.77772068629754,17.644337700432718
"['Lignin (wt%)', 'Co-polyol type (PTHF)', 'r', 'Copolyol (wt%)', 'Isocyanate (mmol NCO)', 'Isocyonate type']",6,500,0.2777623009551099,514.5135198206293,16.607952857292968,0.14357005990293753,0.41195454200728227,406.44122537169363,622.5858142695649,14.983969387296998,18.23193632728894,0.345203152687514,479.68073993628406,16.623319292338874,0.29159486997369793,0.39881143540133007,441.43017365453716,517.931306218031,15.672023354758917,17.57461522991883
"['Lignin (wt%)', 'Co-polyol type (PTHF)', 'r', 'Copolyol (wt%)', 'Isocyanate (mmol NCO)', 'Isocyonate type']",6,600,0.27748004976154783,515.0472239276668,16.588616022555293,0.14059021020568552,0.41436988931741014,404.0495781610998,626.0448696942337,14.933991593779535,18.24324045133105,0.347099215806137,478.28329438113735,16.57880123052669,0.2932692648206561,0.40092916679161794,439.93924535241064,516.6273434098641,15.62174539447935,17.53585706657403
"['Lignin (wt%)', 'Co-polyol type (PTHF)', 'r', 'Copolyol (wt%)', 'Isocyanate (mmol NCO)', 'Isocyonate type']",6,700,0.27693036685719685,515.8662405360662,16.58840016935317,0.13608392992989968,0.417776803784494,400.9308868982763,630.8015941738562,14.903873257369426,18.272927081336917,0.3481340938602354,477.51312186485757,16.553595087909795,0.29388642238320295,0.4023817653372679,438.9466571760152,516.0795865536999,15.591804066964619,17.51538610885497
"['Lignin (wt%)', 'Co-polyol type (PTHF)', 'r', 'Copolyol (wt%)', 'Isocyanate (mmol NCO)', 'Isocyonate type']",6,800,0.27707839271455204,516.0621004701188,16.57941052863926,0.1337381582348726,0.4204186271942315,398.68968670227497,633.4345142379626,14.88125474202685,18.277566315251672,0.3481550365853231,477.5037130098018,16.544057015294605,0.2934605780124639,0.4028494951581823,438.5618555727083,516.4455704468953,15.577926718242603,17.510187312346606
"['Lignin (wt%)', 'Co-polyol type (PTHF)', 'r', 'Copolyol (wt%)', 'Isocyanate (mmol NCO)', 'Isocyonate type']",6,900,0.27720776977608946,516.1524617752361,16.575479597323863,0.13204031864876628,0.4223752209034126,397.07405877644214,635.2308647740301,14.871819900988946,18.27913929365878,0.3478282546639493,477.7394020197704,16.546981323733682,0.2931228167240067,0.4025336926038919,438.8145683479356,516.6642356916052,15.58263140910759,17.511331238359773
"['Lignin (wt%)', 'Co-polyol type (PTHF)', 'r', 'Copolyol (wt%)', 'Isocyanate (mmol NCO)', 'Isocyonate type']",6,1000,0.2754609828730553,517.5587844125852,16.595858015130297,0.12834674195609716,0.42257522379001344,396.73418834425917,638.3833804809112,14.86707471421186,18.324641316048734,0.34745457155505255,478.0083503086018,16.552546820418364,0.29273172070159337,0.40217742240851173,439.09608270149226,516.9206179157113,15.589229521289859,17.51586411954687
"['Lignin (wt%)', 'Co-polyol type (PTHF)', 'r', 'Copolyol (wt%)', 'Isocyanate (mmol NCO)', 'tin(II) octoate']",6,1,0.27929757163068974,503.5935923820813,17.227594521459544,0.12591072308967952,0.43268442017169995,415.57814818393297,591.6090365802296,15.977873806389901,18.477315236529186,0.3165674745533752,500.90020017377645,17.27825725364811,0.2524406940114959,0.3806942550952545,453.49725403173676,548.3031463158161,16.130891092459905,18.425623414836316
"['Lignin (wt%)', 'Co-polyol type (PTHF)', 'r', 'Copolyol (wt%)', 'Isocyanate (mmol NCO)', 'tin(II) octoate']",6,10,0.27446982510891466,514.3220473929091,17.121271120985785,0.15023226796979422,0.3987073822480351,421.0927886841195,607.5513061016986,15.538326991629894,18.704215250341676,0.3509525917452964,475.9544176741856,16.670248357220473,0.2868983076570197,0.41500687583357315,427.26177175829446,524.6470635900768,15.553022480334832,17.787474234106114
"['Lignin (wt%)', 'Co-polyol type (PTHF)', 'r', 'Copolyol (wt%)', 'Isocyanate (mmol NCO)', 'tin(II) octoate']",6,50,0.2804410521522966,510.8509233001097,16.791985002114206,0.1454423489316476,0.4154397553729456,405.82883685447956,615.8730097457398,15.166271176449186,18.417698827779226,0.36020936642143203,469.1334036218817,16.517595227769487,0.3018078644464665,0.41861086839639755,424.7264722842866,513.5403349594768,15.428641672591509,17.606548782947463
"['Lignin (wt%)', 'Co-polyol type (PTHF)', 'r', 'Copolyol (wt%)', 'Isocyanate (mmol NCO)', 'tin(II) octoate']",6,100,0.2836989726334426,507.3602464820211,16.86102401369501,0.15176399701531115,0.41563394825157407,407.7919401427101,606.9285528213322,15.38710875070733,18.334939276682686,0.353147794908326,474.23498509505754,16.635062061675058,0.29002599174910476,0.4162695980675472,426.89730901883627,521.5726611712788,15.504604081057165,17.76552004229295
"['Lignin (wt%)', 'Co-polyol type (PTHF)', 'r', 'Copolyol (wt%)', 'Isocyanate (mmol NCO)', 'tin(II) octoate']",6,200,0.2778403368818533,510.6836562739833,16.99134742574064,0.14312305682211277,0.41255761694159376,414.07810045970024,607.2892120882664,15.56181813915576,18.420876712325516,0.34910067973440007,477.21518826015983,16.692522468461863,0.2849122408097809,0.41328911865901924,428.9826380155997,525.44773850472,15.56811320662419,17.816931730299537
"['Lignin (wt%)', 'Co-polyol type (PTHF)', 'r', 'Copolyol (wt%)', 'Isocyanate (mmol NCO)', 'tin(II) octoate']",6,300,0.28347648627343724,506.7382626798155,16.82658716207889,0.14899422760832357,0.4179587449385509,410.36901836909317,603.1075069905378,15.277342165853623,18.375832158304156,0.3546095338051079,473.1591574812684,16.592441902414,0.2950113126509018,0.414207754959314,428.25206121838283,518.0662537441539,15.548714282213526,17.636169522614473
"['Lignin (wt%)', 'Co-polyol type (PTHF)', 'r', 'Copolyol (wt%)', 'Isocyanate (mmol NCO)', 'tin(II) octoate']",6,400,0.28189666566575267,508.0483616991078,16.855511187962918,0.14685237650342814,0.4169409548280772,410.2927480533875,605.803975344828,15.263422804191574,18.447599571734262,0.3517360767359663,475.2752315200598,16.633965592514453,0.29280829176837314,0.41066386170355945,430.82473212053605,519.7257309195835,15.5988057707148,17.669125414314106
"['Lignin (wt%)', 'Co-polyol type (PTHF)', 'r', 'Copolyol (wt%)', 'Isocyanate (mmol NCO)', 'tin(II) octoate']",6,500,0.2818233577030682,508.12846932612786,16.827406828330034,0.1454057645220244,0.41824095088411206,408.7895297291952,607.4674089230606,15.22805354260018,18.42676011405989,0.3517833743136053,475.23410906551817,16.627410224379464,0.29020023247550103,0.41336651615170955,428.9047520746278,521.5634660564085,15.55278402630033,17.702036422458598
"['Lignin (wt%)', 'Co-polyol type (PTHF)', 'r', 'Copolyol (wt%)', 'Isocyanate (mmol NCO)', 'tin(II) octoate']",6,600,0.27820588560138415,511.3381103159203,16.838385196462976,0.13950852662730717,0.41690324457546113,407.59629423217353,615.0799263996671,15.185202020001077,18.491568372924874,0.35500070715575843,472.88840996369527,16.571271476194422,0.29138652145820015,0.4186148928533167,425.07234068988447,520.7044792375061,15.458926452797117,17.68361649959173
"['Lignin (wt%)', 'Co-polyol type (PTHF)', 'r', 'Copolyol (wt%)', 'Isocyanate (mmol NCO)', 'tin(II) octoate']",6,700,0.2789766610009676,510.85128967905075,16.821572042172626,0.1396495011381126,0.41830382086382256,406.4868295880417,615.2157497700598,15.156108785847534,18.487035298497716,0.3554758827368346,472.5296371409261,16.56000187193356,0.2910216034451944,0.41993016202847483,424.15174657815135,520.9075277037009,15.433987056388633,17.686016687478492
"['Lignin (wt%)', 'Co-polyol type (PTHF)', 'r', 'Copolyol (wt%)', 'Isocyanate (mmol NCO)', 'tin(II) octoate']",6,800,0.27426723559837596,513.2460079658565,16.765761023935777,0.12626207151024302,0.42227239968650887,406.6905415083773,619.8014744233357,15.090122433066114,18.44139961480544,0.3590780317147754,469.7947656026498,16.51688338665854,0.2930808552366102,0.42507520819294065,420.730422902939,518.8591083023607,15.372021286589273,17.66174548672781
"['Lignin (wt%)', 'Co-polyol type (PTHF)', 'r', 'Copolyol (wt%)', 'Isocyanate (mmol NCO)', 'tin(II) octoate']",6,900,0.27945152597779044,509.8921359178172,16.701452776899842,0.12932992256563186,0.429573129389949,401.3128825718061,618.4713892638283,15.004462344806683,18.398443208993,0.360309034851846,468.88373907336836,16.489002244859066,0.295740425561565,0.42487764414212703,420.90987753519533,516.8576006115413,15.380469031777174,17.597535457940957
"['Lignin (wt%)', 'Co-polyol type (PTHF)', 'r', 'Copolyol (wt%)', 'Isocyanate (mmol NCO)', 'tin(II) octoate']",6,1000,0.2795315792312844,509.884312719859,16.708388720873632,0.12980347696430677,0.42925968149826205,401.3955371669276,618.3730882727904,15.022113332240167,18.394664109507097,0.3603943014112331,468.8187818944545,16.488937330062278,0.29556540201324993,0.4252232008092162,420.667962978493,516.9696008104161,15.375786340249824,17.60208831987473
"['Lignin (wt%)', 'Co-polyol type (PTHF)', 'r', 'Copolyol (wt%)', 'Isocyanate (mmol NCO)', 'Sratio(%)']",6,1,0.24271900855667913,540.4627160785178,17.58882240515299,0.09374875158377216,0.3916892655295861,411.74354312703963,669.181889029996,16.123759986202327,19.05388482410365,0.31166063424344415,504.85524386773915,17.60685137885719,0.25191009952325455,0.37141116896363374,458.77134045172755,550.9391472837508,16.493597156804825,18.720105600909555
"['Lignin (wt%)', 'Co-polyol type (PTHF)', 'r', 'Copolyol (wt%)', 'Isocyanate (mmol NCO)', 'Sratio(%)']",6,10,0.26182438492945365,532.1285531513436,16.783215303484422,0.08515121685930521,0.4384975529996021,367.87416171577263,696.3829445869145,15.0466247935485,18.519805813420344,0.38551875648386086,450.35011888752445,16.23473314020213,0.3298411674456713,0.4411963455220504,409.5478327384622,491.1524050365867,15.371747896962518,17.097718383441745
"['Lignin (wt%)', 'Co-polyol type (PTHF)', 'r', 'Copolyol (wt%)', 'Isocyanate (mmol NCO)', 'Sratio(%)']",6,50,0.255489583572165,537.0237382916276,16.620136095607307,0.06622875841173415,0.44475040873259586,365.04308917205583,709.0043874111994,14.679331651195742,18.560940540018873,0.3925483929244804,445.3537115019246,16.017701924990504,0.3267855747675023,0.4583112110814585,396.4232970808286,494.28412592302055,14.92024532009619,17.115158529884816
"['Lignin (wt%)', 'Co-polyol type (PTHF)', 'r', 'Copolyol (wt%)', 'Isocyanate (mmol NCO)', 'Sratio(%)']",6,100,0.2539662435072988,537.8500289211286,16.625821535514852,0.06353505566832565,0.44439743134627196,364.5379353331161,711.162122509141,14.752483968757389,18.499159102272316,0.40312479441065585,437.5285231569761,15.91354737144086,0.3448904340582492,0.4613591547630625,394.4633444989636,480.59370181498866,14.90109298550476,16.92600175737696
"['Lignin (wt%)', 'Co-polyol type (PTHF)', 'r', 'Copolyol (wt%)', 'Isocyanate (mmol NCO)', 'Sratio(%)']",6,200,0.2538423254715184,537.8346942650448,16.814897917486327,0.06843050521568309,0.4392541457273538,368.3854877178792,707.2839008122105,15.069687047894796,18.56010878707786,0.39571017007563253,442.96939415401164,16.011372020746514,0.3326531508847192,0.45876718926654586,396.43268314109656,489.5061051669267,14.959284277465482,17.063459764027545
"['Lignin (wt%)', 'Co-polyol type (PTHF)', 'r', 'Copolyol (wt%)', 'Isocyanate (mmol NCO)', 'Sratio(%)']",6,300,0.2617739855665325,532.4323572702122,16.706648765324918,0.07308754008131116,0.4504604310517538,360.8204893792366,704.0442251611877,14.928331212780014,18.48496631786982,0.39074259499842456,446.6171468677438,16.024747030515044,0.3248630694138131,0.45662212058303603,397.95610028117324,495.2781934543144,14.934976131592055,17.114517929438033
"['Lignin (wt%)', 'Co-polyol type (PTHF)', 'r', 'Copolyol (wt%)', 'Isocyanate (mmol NCO)', 'Sratio(%)']",6,400,0.2729883089566546,525.5038875824426,16.51868696255663,0.0727934768500732,0.473183141063236,344.9903112385823,706.017463926303,14.606300674967418,18.43107325014584,0.3926572894167531,445.2032740925497,15.936378894216196,0.3276657622662287,0.4576488165672775,397.1971770795819,493.2093711055175,14.86902526461266,17.003732523819732
"['Lignin (wt%)', 'Co-polyol type (PTHF)', 'r', 'Copolyol (wt%)', 'Isocyanate (mmol NCO)', 'Sratio(%)']",6,500,0.27540594860725826,524.0393515645671,16.474934766469676,0.07349325879742594,0.47731863841709055,341.96407297128167,706.1146301578526,14.524785623415326,18.425083909524027,0.39033433579122884,446.95905356340324,15.962497031444553,0.32528199097535876,0.4553866806070989,398.65284807729284,495.26525904951365,14.913062075334766,17.011931987554338
"['Lignin (wt%)', 'Co-polyol type (PTHF)', 'r', 'Copolyol (wt%)', 'Isocyanate (mmol NCO)', 'Sratio(%)']",6,600,0.2755940761938725,523.84338236103,16.449978704340843,0.07210893569200341,0.4790792166957416,340.77912146938326,706.9076432526767,14.496298038913935,18.40365936976775,0.39135152795038664,446.1996274759892,15.935289939259004,0.32560425524077313,0.45709880066000014,397.47195017867494,494.92730477330343,14.866653784076728,17.00392609444128
"['Lignin (wt%)', 'Co-polyol type (PTHF)', 'r', 'Copolyol (wt%)', 'Isocyanate (mmol NCO)', 'Sratio(%)']",6,700,0.2785905681326909,521.3760241760698,16.355212653152,0.07283247111852345,0.48434866514685837,337.3129634988292,705.4390848533103,14.3978594184344,18.312565887869603,0.3936402763418813,444.5367724249418,15.874923439153804,0.32810471732378316,0.45917583535997947,395.8335379597063,493.24000689017726,14.80725380802719,16.942593070280417
"['Lignin (wt%)', 'Co-polyol type (PTHF)', 'r', 'Copolyol (wt%)', 'Isocyanate (mmol NCO)', 'Sratio(%)']",6,800,0.2793706402531207,520.6600927500031,16.33927552317707,0.07415907387113099,0.4845822066351104,337.28141747508,704.0387680249262,14.38158132898859,18.296969717365545,0.39479190710869816,443.68821752881576,15.855760648180716,0.3287452350879675,0.4608385791294288,394.63729754892165,492.73913750870986,14.776275607687953,16.93524568867348
"['Lignin (wt%)', 'Co-polyol type (PTHF)', 'r', 'Copolyol (wt%)', 'Isocyanate (mmol NCO)', 'Sratio(%)']",6,900,0.28040320819445524,519.8604608308966,16.33494778395541,0.07544182738240679,0.4853645890065037,336.8055189981551,702.9154026636381,14.377281934315164,18.292613633595657,0.3952624067049439,443.34012548325336,15.847560253652574,0.32905205221912454,0.46147276119076325,394.18788639843206,492.49236456807466,14.767202194932965,16.92791831237218
"['Lignin (wt%)', 'Co-polyol type (PTHF)', 'r', 'Copolyol (wt%)', 'Isocyanate (mmol NCO)', 'Sratio(%)']",6,1000,0.2789219278145019,520.5182731356118,16.326364818508683,0.07444249657216048,0.48340135905684334,338.475701144887,702.5608451263366,14.369334622016906,18.283395015000462,0.3959827153277883,442.7902659581763,15.831111621931859,0.3297619593669508,0.46220347128862577,393.76169449924,491.8188374171126,14.753720603269883,16.908502640593834
"['Lignin (wt%)', 'Co-polyol type (PTHF)', 'r', 'Copolyol (wt%)', 'Isocyonate type', 'tin(II) octoate']",6,1,0.29609553801682864,493.7714072444986,17.04810196885641,0.14479887731473765,0.44739219871891966,397.7691917310662,589.7736227579311,15.543663424721792,18.55254051299103,0.30699937532270355,507.9235698833685,17.511977330668795,0.251264220139786,0.3627345305056211,466.3460230039556,549.5011167627814,16.547474263327384,18.476480398010207
"['Lignin (wt%)', 'Co-polyol type (PTHF)', 'r', 'Copolyol (wt%)', 'Isocyonate type', 'tin(II) octoate']",6,10,0.33923195065343875,464.94727037169224,16.242330253017037,0.21006222564993499,0.4684016756569425,381.8548031679154,548.0397375754691,14.75779852867926,17.726861977354815,0.35064980051223305,475.742881239246,16.677764262356074,0.30660166947620515,0.39469793154826094,444.21291671016724,507.27284576832477,15.909800853608816,17.44572767110333
"['Lignin (wt%)', 'Co-polyol type (PTHF)', 'r', 'Copolyol (wt%)', 'Isocyonate type', 'tin(II) octoate']",6,50,0.3393460047820268,467.39560316916095,16.172205290083365,0.19837120295338118,0.48032080661067245,367.4482939999581,567.3429123383638,14.311692999935936,18.032717580230795,0.36422984633081235,465.83793502630397,16.371960443016594,0.31074371639635234,0.41771597626527235,426.84959570656565,504.8262743460423,15.421140930945006,17.322779955088183
"['Lignin (wt%)', 'Co-polyol type (PTHF)', 'r', 'Copolyol (wt%)', 'Isocyonate type', 'tin(II) octoate']",6,100,0.33592685612281936,468.29658621493553,16.255963047673212,0.19922898355662316,0.47262472868901556,375.7593581761698,560.8338142537012,14.615325949745584,17.89660014560084,0.3617020439741042,467.70827429834725,16.41696455954388,0.3081792585408817,0.41522482940732675,428.65848525642576,506.75806334026873,15.45617901024999,17.377750108837773
"['Lignin (wt%)', 'Co-polyol type (PTHF)', 'r', 'Copolyol (wt%)', 'Isocyonate type', 'tin(II) octoate']",6,200,0.3386816587664868,466.531685823394,16.159953612869707,0.19562977539999524,0.48173354213297837,368.4117951126728,564.6515765341153,14.522401051384673,17.79750617435474,0.3547135766259915,472.75465135708026,16.541765789663298,0.3005998674127191,0.4088272858392639,433.7427715064913,511.76653120766923,15.616389063883336,17.46714251544326
"['Lignin (wt%)', 'Co-polyol type (PTHF)', 'r', 'Copolyol (wt%)', 'Isocyonate type', 'tin(II) octoate']",6,300,0.34340000909940194,464.07883970401707,16.148147932318174,0.20099488577760216,0.4858051324212017,364.81457170372926,563.3431077043049,14.458760818564905,17.837535046071444,0.35575682835092237,472.0199428527741,16.496440173309146,0.3038089065093832,0.40770475019246155,434.51343250621346,509.5264531993347,15.624262271861197,17.368618074757094
"['Lignin (wt%)', 'Co-polyol type (PTHF)', 'r', 'Copolyol (wt%)', 'Isocyonate type', 'tin(II) octoate']",6,400,0.3409237901698117,466.0920059729524,16.179740551035486,0.19712047674460015,0.4847271035950233,365.1713145274604,567.0126974184443,14.40397267253661,17.955508429534362,0.36143384835108516,467.8501749474829,16.399392186503945,0.30796776021613287,0.41489993648603746,429.2845944515342,506.41575544343164,15.497067389163298,17.301716983844592
"['Lignin (wt%)', 'Co-polyol type (PTHF)', 'r', 'Copolyol (wt%)', 'Isocyonate type', 'tin(II) octoate']",6,500,0.34133055189350386,465.9216744863752,16.161836490563218,0.19752512307790865,0.4851359807090991,364.8745554218726,566.9687935508778,14.353300053766851,17.970372927359584,0.36229128182505776,467.2139453683535,16.380703370016157,0.3079225126092076,0.4166600510409079,428.00873142892317,506.41915930778384,15.457372182737315,17.304034557295
"['Lignin (wt%)', 'Co-polyol type (PTHF)', 'r', 'Copolyol (wt%)', 'Isocyonate type', 'tin(II) octoate']",6,600,0.34362984793252993,464.5298855966489,16.137159606828543,0.20096466297332488,0.486295032891735,363.50816400246345,565.5516071908344,14.31619203477247,17.958127178884617,0.36253882409944477,467.00310078654667,16.372278698883974,0.3084918778394149,0.41658577035947464,428.20780080349465,505.7984007695987,15.457274088304654,17.287283309463295
"['Lignin (wt%)', 'Co-polyol type (PTHF)', 'r', 'Copolyol (wt%)', 'Isocyonate type', 'tin(II) octoate']",6,700,0.3499885368096623,459.98039867716545,16.00178089123702,0.2093915057645115,0.4905855678548131,360.7709453272464,559.1898520270845,14.212543957518154,17.791017824955883,0.3628942542267892,466.7340495230461,16.353231594942145,0.3114637144139693,0.41432479403960915,429.94413917768327,503.52395986840895,15.501688631432792,17.204774558451497
"['Lignin (wt%)', 'Co-polyol type (PTHF)', 'r', 'Copolyol (wt%)', 'Isocyonate type', 'tin(II) octoate']",6,800,0.3519459278694235,458.59318837831614,15.980770652444079,0.21214011198614155,0.4917517437527055,359.7410208456622,557.4453559109701,14.198893185304371,17.762648119583787,0.36311933255447515,466.56823490618774,16.35238164231101,0.31164066209115643,0.41459800301779387,429.7449608014702,503.3915090109053,15.504602814792435,17.200160469829584
"['Lignin (wt%)', 'Co-polyol type (PTHF)', 'r', 'Copolyol (wt%)', 'Isocyonate type', 'tin(II) octoate']",6,900,0.35111592518447093,459.0676314956783,15.952824439505829,0.21006921945393586,0.492162630915006,359.6574867755282,558.4777762158284,14.183836209723696,17.721812669287964,0.3642539741103151,465.7225683612316,16.32514354778891,0.31193280409282464,0.4165751441278056,428.3356987143765,503.10943800808667,15.456326870283819,17.193960225294006
"['Lignin (wt%)', 'Co-polyol type (PTHF)', 'r', 'Copolyol (wt%)', 'Isocyonate type', 'tin(II) octoate']",6,1000,0.35118005263205054,459.1123230813745,15.937999494332871,0.21037769709343573,0.49198240817066535,359.49842048106564,558.7262256816833,14.162628066459382,17.71337092220636,0.3649563495969822,465.21353694902893,16.312108022233225,0.3129020583287063,0.4170106408652581,427.98203282473116,502.4450410733267,15.447166025190578,17.177050019275875
"['Lignin (wt%)', 'Co-polyol type (PTHF)', 'r', 'Copolyol (wt%)', 'Isocyonate type', 'Sratio(%)']",6,1,0.31163393750804663,484.9077171611244,16.714442271225245,0.1804228328570643,0.442845042159029,398.80902053444424,571.0064137878046,15.225522598934996,18.203361943515496,0.32467251706712974,494.9034447181022,17.329608397465194,0.272093547399896,0.3772514867343635,456.1801658737612,533.6267235624432,16.366473857175418,18.29274293775497
"['Lignin (wt%)', 'Co-polyol type (PTHF)', 'r', 'Copolyol (wt%)', 'Isocyonate type', 'Sratio(%)']",6,10,0.3438345064459057,463.8413108711308,15.808761169611447,0.24168682040744854,0.4459821924843628,391.7132838578967,535.9693378843649,14.24413196506843,17.373390374154464,0.4120712706128109,430.3059625998047,15.670576306919695,0.3583980608277326,0.4657444803978892,394.4265723622075,466.18535283740187,14.937753597448554,16.40339901639084
"['Lignin (wt%)', 'Co-polyol type (PTHF)', 'r', 'Copolyol (wt%)', 'Isocyonate type', 'Sratio(%)']",6,50,0.3582765924205592,455.7311148464326,15.537064482590083,0.24409480061783534,0.47245838422328307,370.48225915396165,540.9799705389036,13.899293185908757,17.174835779271408,0.424894737700747,421.3431911620984,15.294120856164948,0.37523547027505494,0.474554005126439,385.52678763548516,457.1595946887116,14.577673677091486,16.01056803523841
"['Lignin (wt%)', 'Co-polyol type (PTHF)', 'r', 'Copolyol (wt%)', 'Isocyonate type', 'Sratio(%)']",6,100,0.35852699060735554,455.87254536261753,15.57871781381795,0.24535256236458075,0.47170141885013034,370.1335831355842,541.6115075896508,13.972916862740197,17.1845187648957,0.4202613597447177,424.63480934485017,15.44034910770456,0.3693597302517997,0.47116298923763567,388.8633722905807,460.40624639911965,14.663455968016002,16.217242247393116
"['Lignin (wt%)', 'Co-polyol type (PTHF)', 'r', 'Copolyol (wt%)', 'Isocyonate type', 'Sratio(%)']",6,200,0.3564823214202846,456.9786156668265,15.721206745292392,0.255317931515378,0.45764671132519114,378.94684868780905,535.010382645844,14.271803163518301,17.170610327066484,0.41619522060184383,427.772300527928,15.521765996822769,0.37130134578209073,0.46108909542159693,395.34520486381837,460.1993961920376,14.854830685131816,16.18870130851372
"['Lignin (wt%)', 'Co-polyol type (PTHF)', 'r', 'Copolyol (wt%)', 'Isocyonate type', 'Sratio(%)']",6,300,0.3547154981883648,458.33267449737224,15.755363204459266,0.2545122163996169,0.45491877997711266,380.86266137481977,535.8026876199247,14.306967009547355,17.20375939937118,0.4151286559771258,428.62478704500825,15.54072988949919,0.3698148212871028,0.46044249066714876,395.2672052522062,461.98236883781027,14.867001205506758,16.214458573491623
"['Lignin (wt%)', 'Co-polyol type (PTHF)', 'r', 'Copolyol (wt%)', 'Isocyonate type', 'Sratio(%)']",6,400,0.3561494195674505,457.0022460496701,15.64609345435301,0.24944825408250024,0.46285058505240073,377.0156082054031,536.9888838939371,14.162117075916433,17.13006983278959,0.4154942347488439,428.36143901473787,15.504537680399418,0.3688102307542537,0.4621782387434341,393.9943449592763,462.72853307019943,14.811285971845367,16.197789388953467
"['Lignin (wt%)', 'Co-polyol type (PTHF)', 'r', 'Copolyol (wt%)', 'Isocyonate type', 'Sratio(%)']",6,500,0.35620040185616625,457.35354146215093,15.578477984965337,0.2428647046676154,0.4695360990447171,372.7342830514869,541.972799872815,14.001851435373416,17.15510453455726,0.4175442734917529,426.81118651541664,15.42394246501063,0.3717642802029183,0.46332426678058747,393.52583566374557,460.0965373670877,14.767380340901187,16.08050458912007
"['Lignin (wt%)', 'Co-polyol type (PTHF)', 'r', 'Copolyol (wt%)', 'Isocyonate type', 'Sratio(%)']",6,600,0.35475797346109356,458.5137310768979,15.589398917460557,0.24197814413532953,0.4675378027868576,373.7584359843186,543.2690261694772,14.017442210639485,17.161355624281626,0.41757672201034585,426.767634229209,15.4115093634635,0.3710834385976349,0.4640700054230568,393.1135640375349,460.42170442088315,14.751326982889564,16.071691744037437
"['Lignin (wt%)', 'Co-polyol type (PTHF)', 'r', 'Copolyol (wt%)', 'Isocyonate type', 'Sratio(%)']",6,700,0.35326714777347734,459.752857523354,15.585455341018877,0.24014953630425084,0.46638475924270384,374.0641915770567,545.4415234696513,14.014959219723787,17.155951462313965,0.4181920395312309,426.2914698678066,15.393145564121374,0.3708293204551747,0.4655547586072871,392.1849643492558,460.3979753863574,14.720425487269214,16.065865640973534
"['Lignin (wt%)', 'Co-polyol type (PTHF)', 'r', 'Copolyol (wt%)', 'Isocyonate type', 'Sratio(%)']",6,800,0.3513800627683728,461.04372538294245,15.591769982008959,0.2370388961327184,0.4657212294040272,374.75736150135174,547.3300892645332,14.013763917236169,17.16977604678175,0.4188892337302209,425.7658632614066,15.372435311186843,0.3708434203244596,0.4669350471359822,391.2652502272451,460.2664762955681,14.684719016140209,16.06015160623348
"['Lignin (wt%)', 'Co-polyol type (PTHF)', 'r', 'Copolyol (wt%)', 'Isocyonate type', 'Sratio(%)']",6,900,0.34998822465200263,462.0996912859999,15.593947519005122,0.23480815546771355,0.4651682938362917,375.2638321861984,548.9355503858014,14.010540768283976,17.17735426972627,0.41949791677278137,425.3169665086433,15.360013765421993,0.3711244704253406,0.46787136312022215,390.59738835756525,460.03654465972136,14.66572170353274,16.054305827311246
"['Lignin (wt%)', 'Co-polyol type (PTHF)', 'r', 'Copolyol (wt%)', 'Isocyonate type', 'Sratio(%)']",6,1000,0.3498381681183872,462.2632334246741,15.590282728327821,0.2346895646634656,0.4649867715733088,375.4031993036497,549.1232675456986,14.01047180598131,17.170093650674335,0.42003607784153985,424.9185523074804,15.348813565427582,0.371592288819466,0.4684798668636137,390.1794766751196,459.65762793984123,14.652096974052043,16.04553015680312
"['Lignin (wt%)', 'Co-polyol type (PTHF)', 'r', 'Copolyol (wt%)', 'tin(II) octoate', 'Sratio(%)']",6,1,0.3285165189715328,470.5895111820857,16.20689986571511,0.18239050315843064,0.4746425347846349,378.40943845312916,562.7695839110422,14.963659403518404,17.450140327911814,0.33914567115664446,484.1611830188043,16.945321553748897,0.2874216158504261,0.39086972646286283,447.01295097899873,521.3094150586099,16.055687776066122,17.834955331431672
"['Lignin (wt%)', 'Co-polyol type (PTHF)', 'r', 'Copolyol (wt%)', 'tin(II) octoate', 'Sratio(%)']",6,10,0.3385510855027509,467.0187128384291,15.959909716200334,0.24024362437491897,0.4368585466305829,397.44048997730476,536.5969356995535,14.8441153814487,17.075704050951966,0.4026277517368504,437.36410258243285,15.853279681697135,0.362304615966949,0.44295088750675177,411.37418183103466,463.35402333383104,15.298616947757852,16.40794241563642
"['Lignin (wt%)', 'Co-polyol type (PTHF)', 'r', 'Copolyol (wt%)', 'tin(II) octoate', 'Sratio(%)']",6,50,0.3574606404661832,455.32804473685263,15.638954840748127,0.24723208658511267,0.46768919434725376,374.26207434464607,536.3940151290592,14.176799958714442,17.101109722781814,0.4062497361980797,434.94889699820686,15.7481646671438,0.36650739491525547,0.4459920774809039,407.25343032511535,462.6443636712984,15.199403025257611,16.29692630902999
"['Lignin (wt%)', 'Co-polyol type (PTHF)', 'r', 'Copolyol (wt%)', 'tin(II) octoate', 'Sratio(%)']",6,100,0.3556028045499794,456.35551709447464,15.587990937818626,0.24167351020415567,0.4695320988958031,374.54130239152744,538.1697317974218,14.029452273969055,17.146529601668195,0.4108130149413096,431.6188156465014,15.668436852258305,0.37068254192861994,0.4509434879539993,403.5421154885196,459.6955158044832,15.090156177898413,16.2467175266182
"['Lignin (wt%)', 'Co-polyol type (PTHF)', 'r', 'Copolyol (wt%)', 'tin(II) octoate', 'Sratio(%)']",6,200,0.3483290237436726,461.25517487497973,15.716503234114896,0.23417127646410346,0.4624867710232417,379.16422404476805,543.3461257051914,14.239702571328559,17.19330389690123,0.4097840280607074,432.4365284837809,15.676058897831144,0.3706701759441361,0.4488978801772787,404.60299417548424,460.2700627920775,15.094399127186858,16.25771866847543
"['Lignin (wt%)', 'Co-polyol type (PTHF)', 'r', 'Copolyol (wt%)', 'tin(II) octoate', 'Sratio(%)']",6,300,0.34649522653567427,462.1075102271151,15.676310345076681,0.2281152565661876,0.46487519650516096,378.6229183775584,545.5921020766718,14.158817605982662,17.1938030841707,0.40743150525497224,434.1732651941261,15.702499777661444,0.3694952885560224,0.44536772195392205,407.1005719666491,461.24595842160306,15.139776203454382,16.265223351868507
"['Lignin (wt%)', 'Co-polyol type (PTHF)', 'r', 'Copolyol (wt%)', 'tin(II) octoate', 'Sratio(%)']",6,400,0.3501388502834704,459.4886495546099,15.565280058839468,0.22960903015609202,0.4706686704108488,374.9437154035354,544.0335837056844,14.060558873345746,17.070001244333188,0.4084366407931489,433.45488328869334,15.658431392025022,0.369001331602318,0.4478719499839798,405.1305159907833,461.7792505866034,15.092948631991582,16.223914152058462
"['Lignin (wt%)', 'Co-polyol type (PTHF)', 'r', 'Copolyol (wt%)', 'tin(II) octoate', 'Sratio(%)']",6,500,0.3561153946229497,455.59337232422115,15.540343399539356,0.24312092350713077,0.46910986573876867,374.621957096166,536.5647875522762,14.128116351524017,16.952570447554695,0.40654115781074446,434.8504065988409,15.712299069373856,0.3661360175509573,0.4469462980705316,405.72009882175905,463.98071437592273,15.15375430217204,16.270843836575672
"['Lignin (wt%)', 'Co-polyol type (PTHF)', 'r', 'Copolyol (wt%)', 'tin(II) octoate', 'Sratio(%)']",6,600,0.35541490567456563,456.1408865558137,15.551574476227145,0.2418259838563612,0.46900382749277003,374.59352129840374,537.6882518132237,14.127675047402011,16.97547390505228,0.40593547206039765,435.3015190093935,15.710998231909375,0.36615731800287105,0.44571362611792426,406.60571819476996,463.997319824017,15.15085904157462,16.27113742224413
"['Lignin (wt%)', 'Co-polyol type (PTHF)', 'r', 'Copolyol (wt%)', 'tin(II) octoate', 'Sratio(%)']",6,700,0.3504192515167927,459.5418339836848,15.589025887296199,0.23034179997011017,0.47049670306347524,374.4748347577942,544.6088332095753,14.097875816179545,17.080175958412852,0.40828623186329943,433.53882726428685,15.664856004095085,0.3671387090236701,0.4494337547029288,404.12944844100116,462.94820608757254,15.092722757778134,16.236989250412037
"['Lignin (wt%)', 'Co-polyol type (PTHF)', 'r', 'Copolyol (wt%)', 'tin(II) octoate', 'Sratio(%)']",6,800,0.3499771831526165,459.93721820998354,15.603385179704052,0.2296049801385438,0.4703493861666892,374.3963335622971,545.47810285767,14.101590477600304,17.1051798818078,0.40854137449163597,433.34682752886135,15.661528400774234,0.3674369779704886,0.44964577101278336,404.01424853994473,462.679406517778,15.091750197201907,16.23130660434656
"['Lignin (wt%)', 'Co-polyol type (PTHF)', 'r', 'Copolyol (wt%)', 'tin(II) octoate', 'Sratio(%)']",6,900,0.34906189277453603,460.605462985655,15.604106742101749,0.22917392832440558,0.4689498572246665,375.36629487073384,545.8446311005761,14.0851562625491,17.123057221654395,0.4083373615028444,433.5039461100805,15.657373610980182,0.36757935449177054,0.44909536851391824,404.38605531799897,462.62183690216204,15.085776820567407,16.228970401392957
"['Lignin (wt%)', 'Co-polyol type (PTHF)', 'r', 'Copolyol (wt%)', 'tin(II) octoate', 'Sratio(%)']",6,1000,0.349272395497085,460.5904812177053,15.60105483526053,0.2293427823963582,0.4692020085978118,375.02039889230514,546.1605635431055,14.070180147638556,17.131929522882505,0.4084648951205258,433.41082062912955,15.651400488923002,0.36747591505213767,0.44945387518891394,404.1100921470999,462.7115491111592,15.077510306513027,16.225290671332978
"['Lignin (wt%)', 'Co-polyol type (PTHF)', 'r', 'Isocyanate (wt%)', 'Isocyanate (mmol NCO)', 'Isocyonate type']",6,1,0.21421227044539268,558.3444946044008,17.906446861378022,0.06494787262340299,0.36347666826738234,434.3533227929968,682.3356664158048,16.07532878032923,19.737564942426815,0.33586721068321956,486.9782163921503,17.145555856226647,0.28326789978390876,0.38846652158253037,446.40519638666717,527.5512363976334,16.213015905041875,18.07809580741142
"['Lignin (wt%)', 'Co-polyol type (PTHF)', 'r', 'Isocyanate (wt%)', 'Isocyanate (mmol NCO)', 'Isocyonate type']",6,10,0.22596046655814855,550.4202600118558,17.596983538893614,0.055309699440238,0.3966112336760591,411.1818041514748,689.6587158722368,15.629702809209666,19.56426426857756,0.3357581776190385,487.2145885901555,16.96704499146807,0.28757051562782854,0.3839458396102484,448.6895653139812,525.7396118663297,16.074443218340555,17.85964676459559
"['Lignin (wt%)', 'Co-polyol type (PTHF)', 'r', 'Isocyanate (wt%)', 'Isocyanate (mmol NCO)', 'Isocyonate type']",6,50,0.241477698960311,540.3634022127729,17.554149774711654,0.06818682117603073,0.4147685767445912,395.69459681725425,685.0322076082916,15.428954135014875,19.67934541440843,0.33841141079586945,485.2946133526426,16.933251236002597,0.287152408536223,0.3896704130555159,444.5554060253708,526.0338206799144,15.97702418863856,17.889478283366632
"['Lignin (wt%)', 'Co-polyol type (PTHF)', 'r', 'Isocyanate (wt%)', 'Isocyanate (mmol NCO)', 'Isocyonate type']",6,100,0.22849832725413427,550.3884954455824,17.631277803568473,0.04050599790162651,0.41649065660664203,391.5490850233216,709.2279058678432,15.402735854321786,19.85981975281516,0.34188964272583877,482.6923003891101,16.875018744160148,0.2953220707166454,0.38845721473503214,445.42903344119463,519.9555673370255,15.962252461786678,17.787785026533616
"['Lignin (wt%)', 'Co-polyol type (PTHF)', 'r', 'Isocyanate (wt%)', 'Isocyanate (mmol NCO)', 'Isocyonate type']",6,200,0.23016483780219144,549.6670423522075,17.686370465489354,0.04856468000603728,0.41176499559834556,394.71587960405583,704.6182051003593,15.590549032202901,19.782191898775807,0.3382522789617377,485.3434137806212,16.946954838464436,0.29304638293759533,0.3834581749858801,449.1163301327957,521.5704974284466,16.013460663986724,17.880449012942147
"['Lignin (wt%)', 'Co-polyol type (PTHF)', 'r', 'Isocyanate (wt%)', 'Isocyanate (mmol NCO)', 'Isocyonate type']",6,300,0.22580892545995193,553.2048774234966,17.751227897844142,0.04349509993276987,0.408122750987134,396.4408319942158,709.9689228527773,15.635487778354907,19.866968017333377,0.33687811720127525,486.34009184084124,16.977049503767283,0.29316705653093955,0.38058917787161095,451.2132001802539,521.4669835014286,16.08349899830382,17.870600009230746
"['Lignin (wt%)', 'Co-polyol type (PTHF)', 'r', 'Isocyanate (wt%)', 'Isocyanate (mmol NCO)', 'Isocyonate type']",6,400,0.22402956567235077,554.6251264252189,17.756205090398854,0.04132356924324182,0.4067355621014597,397.10006046088847,712.1501923895494,15.624889723208842,19.887520457588867,0.33780314999590766,485.6686505093209,16.9674610252625,0.2948995470140359,0.3807067529777794,451.0409726018159,520.296328416826,16.094037373901774,17.84088467662323
"['Lignin (wt%)', 'Co-polyol type (PTHF)', 'r', 'Isocyanate (wt%)', 'Isocyanate (mmol NCO)', 'Isocyonate type']",6,500,0.2290602722830597,550.8605528957614,17.610677188814165,0.04607328549379586,0.41204725907232354,393.78699302716325,707.9341127643596,15.485128593203047,19.736225784425283,0.33618289377844035,486.86133221684514,16.954037670846144,0.2883233900719557,0.384042397484925,448.8771066648945,524.8455577687959,16.02844088609091,17.87963445560138
"['Lignin (wt%)', 'Co-polyol type (PTHF)', 'r', 'Isocyanate (wt%)', 'Isocyanate (mmol NCO)', 'Isocyonate type']",6,600,0.22812211446503391,551.7031431472951,17.62469582388033,0.043107299738913835,0.41313692919115397,392.40891827704206,710.9973680175482,15.471560532443265,19.777831115317397,0.3368315043339987,486.3776749485117,16.949771151709225,0.28895831308500153,0.3847046955829959,448.45283832746225,524.3025115695611,16.02361722716018,17.87592507625827
"['Lignin (wt%)', 'Co-polyol type (PTHF)', 'r', 'Isocyanate (wt%)', 'Isocyanate (mmol NCO)', 'Isocyonate type']",6,700,0.22909328004377993,551.1349406554139,17.610818509807885,0.043146473955363196,0.4150400861321967,390.78839534747095,711.4814859633568,15.449102495343862,19.772534524271908,0.3375078654171878,485.8857754665394,16.94149743274992,0.289617545208477,0.3853981856258986,447.92938627557663,523.8421646575023,16.013136722927257,17.869858142572582
"['Lignin (wt%)', 'Co-polyol type (PTHF)', 'r', 'Isocyanate (wt%)', 'Isocyanate (mmol NCO)', 'Isocyonate type']",6,800,0.2305325185447285,550.2886644454247,17.59973666248836,0.04415228568216217,0.41691275140729483,389.19383142815855,711.3834974626909,15.430165624510291,19.76930770046643,0.33752395922949424,485.87039508264115,16.94223545275228,0.289443742253656,0.3856041762053325,447.8161477057736,523.9246424595087,16.013470961232954,17.870999944271603
"['Lignin (wt%)', 'Co-polyol type (PTHF)', 'r', 'Isocyanate (wt%)', 'Isocyanate (mmol NCO)', 'Isocyonate type']",6,900,0.23177907176643853,549.4683302326168,17.590787102272884,0.0460901117448749,0.4174680317880022,388.5991846606336,710.3374758046,15.424477322927867,19.7570968816179,0.33791888575347007,485.57740077728283,16.938643991025973,0.2900938121376945,0.38574395936924566,447.72030561190866,523.434495942657,16.011942980706152,17.865345001345794
"['Lignin (wt%)', 'Co-polyol type (PTHF)', 'r', 'Isocyanate (wt%)', 'Isocyanate (mmol NCO)', 'Isocyonate type']",6,1000,0.2337552851738416,548.116742139144,17.57042833290346,0.048117014046957896,0.4193935563007253,387.32975879306025,708.9037254852277,15.39888745985605,19.741969205950873,0.33887160315119835,484.8624096844308,16.918554231681686,0.29122931312968514,0.38651389317271156,447.25476294323005,522.4700564256316,15.997875166096986,17.839233297266386
"['Lignin (wt%)', 'Co-polyol type (PTHF)', 'r', 'Isocyanate (wt%)', 'Isocyanate (mmol NCO)', 'tin(II) octoate']",6,1,0.2924095728998305,496.05059501640915,17.096002091030897,0.15877748388298174,0.42604166191667925,417.7833785272277,574.3178115055906,15.966535886633046,18.225468295428747,0.3248566525688569,494.68592977049593,17.19254014912833,0.2730644616045939,0.37664884353311984,457.0240833825302,532.3477761584617,16.256279654249152,18.12880064400751
"['Lignin (wt%)', 'Co-polyol type (PTHF)', 'r', 'Isocyanate (wt%)', 'Isocyanate (mmol NCO)', 'tin(II) octoate']",6,10,0.29194895093912426,498.90247723654045,17.036875877099924,0.1520476568543381,0.43185024502391045,407.6195625670741,590.1853919060068,15.3583978086419,18.715353945557947,0.33986695077176143,483.8181374329386,16.85707820450157,0.2915390767760022,0.38819482476752065,447.874111884049,519.7621629818282,15.931836120790052,17.782320288213086
"['Lignin (wt%)', 'Co-polyol type (PTHF)', 'r', 'Isocyanate (wt%)', 'Isocyanate (mmol NCO)', 'tin(II) octoate']",6,50,0.3189233523641293,480.006552316121,16.698473155702484,0.18792645804452296,0.4499202466837356,391.0745308725019,568.93857375974,15.07272931549198,18.324216995912987,0.3472834047693899,478.19150106380414,16.754436754067473,0.29556142999255497,0.39900537954622484,440.9343991585637,515.4486029690446,15.796228570598771,17.712644937536176
"['Lignin (wt%)', 'Co-polyol type (PTHF)', 'r', 'Isocyanate (wt%)', 'Isocyanate (mmol NCO)', 'tin(II) octoate']",6,100,0.30434603045724884,489.7113884153138,16.82034146942488,0.1620608439971414,0.4466312169173563,396.4898524630503,582.9329243675774,15.148213383095355,18.492469555754404,0.34195699888110553,482.20747059757394,16.81606533476218,0.29325739423465946,0.3906566035275516,446.5717337445164,517.8432074506316,15.923390210538523,17.708740458985833
"['Lignin (wt%)', 'Co-polyol type (PTHF)', 'r', 'Isocyanate (wt%)', 'Isocyanate (mmol NCO)', 'tin(II) octoate']",6,200,0.3012520157437647,490.63737482194836,16.888069991840247,0.16514731826434387,0.43735671322318553,405.45352781701945,575.8212218268773,15.44856213455816,18.327577849122335,0.3388973051557158,484.4726669873352,16.835353348054113,0.28957587025467924,0.3882187400567524,448.13447479974747,520.8108591749228,15.862371937833439,17.808334758274786
"['Lignin (wt%)', 'Co-polyol type (PTHF)', 'r', 'Isocyanate (wt%)', 'Isocyanate (mmol NCO)', 'tin(II) octoate']",6,300,0.3076888344650354,487.5008489590089,16.868507684485103,0.17966302179473564,0.4357146471353352,402.17146314745116,572.8302347705667,15.289074841985684,18.44794052698452,0.3411641106479264,482.6845603293335,16.83165392357835,0.28827650714761105,0.39405171414824175,444.4455701368501,520.923550521817,15.845537302989777,17.817770544166926
"['Lignin (wt%)', 'Co-polyol type (PTHF)', 'r', 'Isocyanate (wt%)', 'Isocyanate (mmol NCO)', 'tin(II) octoate']",6,400,0.3077714651588754,487.62340328763514,16.887101799026233,0.17978975250011237,0.4357531778176384,402.018670411231,573.2281361640393,15.261229230036191,18.512974368016277,0.34053637147201565,483.1342830550995,16.845773728501676,0.28745197437546055,0.39362076856857076,444.82345468187793,521.4451114283211,15.870506004637122,17.82104145236623
"['Lignin (wt%)', 'Co-polyol type (PTHF)', 'r', 'Isocyanate (wt%)', 'Isocyanate (mmol NCO)', 'tin(II) octoate']",6,500,0.3073653665659576,487.9935872424062,16.875672341708803,0.1792998190802703,0.4354309140516449,401.94162902191675,574.0455454628957,15.24045271199067,18.510891971426936,0.34019449779468497,483.3844215485431,16.86383958234689,0.28663586938706964,0.3937531262023003,444.71673625903605,522.0521068380501,15.890264564531098,17.837414600162685
"['Lignin (wt%)', 'Co-polyol type (PTHF)', 'r', 'Isocyanate (wt%)', 'Isocyanate (mmol NCO)', 'tin(II) octoate']",6,600,0.30900639195739754,486.98381110016743,16.857773060372104,0.1811404342020976,0.4368723497126975,400.58474984256736,573.3828723577675,15.217224654866625,18.498321465877584,0.3407917853427989,482.94060051900215,16.868074433924697,0.28797936755165937,0.39360420313393846,444.8757743355355,521.0054267024688,15.904095055625902,17.832053812223492
"['Lignin (wt%)', 'Co-polyol type (PTHF)', 'r', 'Isocyanate (wt%)', 'Isocyanate (mmol NCO)', 'tin(II) octoate']",6,700,0.31258068440274933,484.4132085307766,16.778756560843135,0.18053569213409945,0.4446256766713992,395.1288521156269,573.6975649459264,15.103997253747346,18.453515867938922,0.34462146902766044,480.11644927925937,16.817258390250764,0.2940457556564802,0.39519718239884066,443.84630246131724,516.3865960972015,15.904443234358869,17.73007354614266
"['Lignin (wt%)', 'Co-polyol type (PTHF)', 'r', 'Isocyanate (wt%)', 'Isocyanate (mmol NCO)', 'tin(II) octoate']",6,800,0.3161477508956581,481.75607642816794,16.686230918894317,0.18291438811632574,0.44938111367499045,391.9310746596436,571.5810781966923,15.017558542690972,18.354903295097664,0.3465387553149697,478.74646988195366,16.81217218149656,0.29499634644339234,0.39808116418654704,441.4950668726301,515.9978728912772,15.868343943998502,17.756000418994617
"['Lignin (wt%)', 'Co-polyol type (PTHF)', 'r', 'Isocyanate (wt%)', 'Isocyanate (mmol NCO)', 'tin(II) octoate']",6,900,0.3166881872166475,481.43398925354666,16.69665438421765,0.18435691161363355,0.44901946281966143,392.03607534446814,570.8319031626252,15.013848034117828,18.37946073431747,0.34618364522507156,479.02359797857815,16.805648697263795,0.2949937249701388,0.3973735654800043,441.92529895328255,516.1218970038738,15.85633528623796,17.754962108289632
"['Lignin (wt%)', 'Co-polyol type (PTHF)', 'r', 'Isocyanate (wt%)', 'Isocyanate (mmol NCO)', 'tin(II) octoate']",6,1000,0.3182851752726386,480.24241033944674,16.676961190995133,0.1848046376264735,0.45176571291880374,390.0435864780385,570.441234200855,14.979346226644996,18.37457615534527,0.34737674211741354,478.1538725357608,16.784748142905944,0.29640725396835177,0.3983462302664753,441.17492549974025,515.1328195717813,15.840265935760653,17.729230350051232
"['Lignin (wt%)', 'Co-polyol type (PTHF)', 'r', 'Isocyanate (wt%)', 'Isocyanate (mmol NCO)', 'Sratio(%)']",6,1,0.27740824054298985,512.8016439712767,17.28148703684977,0.16732039070962332,0.38749609037635635,426.3516926401433,599.2515953024101,15.762860692279158,18.800113381420385,0.3212206896168106,497.8297610291139,17.474996386795077,0.27516578426165117,0.36727559497197004,461.21032786148766,534.4491941967402,16.57435826725099,18.375634506339164
"['Lignin (wt%)', 'Co-polyol type (PTHF)', 'r', 'Isocyanate (wt%)', 'Isocyanate (mmol NCO)', 'Sratio(%)']",6,10,0.2903809554534482,506.77395631495057,16.895906583915398,0.18588245723544966,0.3948794536714468,406.805836804068,606.7420758258331,15.689656350850385,18.10215681698041,0.382448981753383,452.7213836922168,16.45064986085415,0.32817334038743196,0.436724623119334,412.2574930052173,493.1852743792163,15.599015182487653,17.302284539220643
"['Lignin (wt%)', 'Co-polyol type (PTHF)', 'r', 'Isocyanate (wt%)', 'Isocyanate (mmol NCO)', 'Sratio(%)']",6,50,0.2787523150523953,516.5175829958946,17.02356185875733,0.15848050763313493,0.39902412247165564,403.3745176916867,629.6606483001025,15.659594947920166,18.387528769594493,0.3926985645520403,445.18033226230983,16.23231392264531,0.3380163830589841,0.4473807460450964,404.51302600142776,485.8476385231919,15.390361456451602,17.07426638883902
"['Lignin (wt%)', 'Co-polyol type (PTHF)', 'r', 'Isocyanate (wt%)', 'Isocyanate (mmol NCO)', 'Sratio(%)']",6,100,0.2736819122020229,517.6497483793564,16.917799727423652,0.1520225078033848,0.3953413166006611,408.52083818359574,626.7786585751171,15.62632050491196,18.209278949935346,0.39822273738763553,441.0759671484346,16.17457512241624,0.34972423046013,0.44672124431514104,405.1568918529109,476.99504244395825,15.404388064254157,16.944762180578323
"['Lignin (wt%)', 'Co-polyol type (PTHF)', 'r', 'Isocyanate (wt%)', 'Isocyanate (mmol NCO)', 'Sratio(%)']",6,200,0.28662073009847255,508.6346548556402,16.924350172776663,0.16807799886282948,0.4051634613341156,401.078004806726,616.1913049045543,15.661085371441663,18.18761497411166,0.3870065241005768,449.17487595641126,16.291508004740265,0.3324131679880442,0.44159988021310936,409.8314700913669,488.5182818214556,15.418160532480446,17.164855477000085
"['Lignin (wt%)', 'Co-polyol type (PTHF)', 'r', 'Isocyanate (wt%)', 'Isocyanate (mmol NCO)', 'Sratio(%)']",6,300,0.297647115743829,502.4306418983659,16.844588727381524,0.17763964333389454,0.4176545881537635,390.7014328177401,614.1598509789917,15.498770291186005,18.190407163577042,0.3816937929056915,453.18717204893284,16.36337982834164,0.32732503883169134,0.43606254697969166,413.1148731321335,493.2594709657322,15.48781028738282,17.238949369300457
"['Lignin (wt%)', 'Co-polyol type (PTHF)', 'r', 'Isocyanate (wt%)', 'Isocyanate (mmol NCO)', 'Sratio(%)']",6,400,0.3008628013214003,500.7376294597155,16.79647775705282,0.17763436149412307,0.4240912411486776,385.78658649651936,615.6886724229116,15.448705139384472,18.144250374721167,0.3811876650936607,453.5384172455332,16.337728396436482,0.32556640278663795,0.43680892740068344,412.5949355173349,494.4818989737315,15.44278680876991,17.232669984103055
"['Lignin (wt%)', 'Co-polyol type (PTHF)', 'r', 'Isocyanate (wt%)', 'Isocyanate (mmol NCO)', 'Sratio(%)']",6,500,0.2921825298268869,507.36024982125946,16.771531179832202,0.15907120451581594,0.4252938551379579,384.89696051052226,629.8235391319967,15.41315772402166,18.129904635642742,0.3800078591968938,454.4254176858423,16.351873749313835,0.3237893714078628,0.4362263469859248,412.9124499144672,495.93838545721746,15.44458959603654,17.25915790259113
"['Lignin (wt%)', 'Co-polyol type (PTHF)', 'r', 'Isocyanate (wt%)', 'Isocyanate (mmol NCO)', 'Sratio(%)']",6,600,0.29246950277784695,507.2731166933228,16.764822208059194,0.15881300110768212,0.42612600444801174,384.19184494843626,630.3543884382093,15.393655218297628,18.13598919782076,0.3802096837563565,454.2831973581265,16.351564625881043,0.3243573135336146,0.4360620539790984,413.00449037404917,495.5619043422038,15.443722505813847,17.25940674594824
"['Lignin (wt%)', 'Co-polyol type (PTHF)', 'r', 'Isocyanate (wt%)', 'Isocyanate (mmol NCO)', 'Sratio(%)']",6,700,0.2923618903006835,507.29016489784556,16.77003294418815,0.1583462464631134,0.4263775341382536,384.11278111570823,630.4675486799829,15.406206880905373,18.133859007470924,0.380046474471749,454.4086347622153,16.354660324477024,0.3237476451414797,0.4363453038020183,412.7690990927148,496.0481704317158,15.440133778669875,17.269186870284173
"['Lignin (wt%)', 'Co-polyol type (PTHF)', 'r', 'Isocyanate (wt%)', 'Isocyanate (mmol NCO)', 'Sratio(%)']",6,800,0.29208170058961747,507.4204690595834,16.77889634512127,0.15777249370665986,0.4263909074725751,384.0837292463092,630.7572088728576,15.419123058671396,18.138669631571148,0.38045500113757674,454.1050110813682,16.347102480935455,0.3241769240955161,0.4367330781796374,412.5010447157055,495.7089774470309,15.434501726737341,17.259703235133568
"['Lignin (wt%)', 'Co-polyol type (PTHF)', 'r', 'Isocyanate (wt%)', 'Isocyanate (mmol NCO)', 'Sratio(%)']",6,900,0.29313042331159256,506.70210434002,16.77402214426991,0.15910850813990787,0.42715233848327727,383.5763352221674,629.8278734578726,15.407899259531323,18.140145029008497,0.3803659803849627,454.1752712111487,16.34762334533936,0.32389283590323986,0.4368391248666856,412.39960354378843,495.95093887850896,15.434023644248114,17.261223046430608
"['Lignin (wt%)', 'Co-polyol type (PTHF)', 'r', 'Isocyanate (wt%)', 'Isocyanate (mmol NCO)', 'Sratio(%)']",6,1000,0.29449694682449207,505.62029208356523,16.74653216280449,0.15912169532917558,0.42987219831980855,381.8426643644917,629.3979198026387,15.363982834180728,18.12908149142825,0.3803893927800791,454.1599183097138,16.33754727598926,0.32386929453891444,0.43690949102124377,412.335701454487,495.98413516494065,15.435287957666485,17.239806594312032
"['Lignin (wt%)', 'Co-polyol type (PTHF)', 'r', 'Isocyanate (wt%)', 'Isocyonate type', 'tin(II) octoate']",6,1,0.2791876519291574,506.71369400119875,17.346919060178358,0.15565711568086738,0.4027181881774474,429.89209272824513,583.5352952741524,16.13063607842269,18.563202041934026,0.31626886359876616,501.25900541969486,17.4219163029268,0.27179678310060534,0.360740944096927,467.1051394949935,535.4128713443962,16.53916352131425,18.30466908453935
"['Lignin (wt%)', 'Co-polyol type (PTHF)', 'r', 'Isocyanate (wt%)', 'Isocyonate type', 'tin(II) octoate']",6,10,0.3118693284686989,485.72901651848053,16.857242880007348,0.17822112228592926,0.4455175346514686,395.4028284680726,576.0552045688885,15.163791386056555,18.55069437395814,0.3361240431271669,486.60941465128207,16.89704737060215,0.28527165461533094,0.3869764316390029,448.4899686680335,524.7288606345306,15.958621085311307,17.83547365589299
"['Lignin (wt%)', 'Co-polyol type (PTHF)', 'r', 'Isocyanate (wt%)', 'Isocyonate type', 'tin(II) octoate']",6,50,0.32353323671218254,476.27186044827306,16.52976596973303,0.18373765613263046,0.4633288172917346,384.7665053521886,567.7772155443575,14.932418136446648,18.127113803019416,0.3420869218009099,482.22014063919596,16.88938053519386,0.29857977332973845,0.3855940702720813,449.5813412129299,514.858940065462,16.05563882846767,17.723122241920052
"['Lignin (wt%)', 'Co-polyol type (PTHF)', 'r', 'Isocyanate (wt%)', 'Isocyonate type', 'tin(II) octoate']",6,100,0.3316444535943905,471.06921576520733,16.394095211741774,0.18574754921405973,0.47754135797472125,374.20090712521153,567.9375244052031,14.716370739890596,18.071819683592953,0.3434511486909205,481.21409020526187,16.80974804393561,0.2996567149707407,0.38724558241110035,448.44053821098953,513.9876421995342,15.970060786224785,17.649435301646434
"['Lignin (wt%)', 'Co-polyol type (PTHF)', 'r', 'Isocyanate (wt%)', 'Isocyonate type', 'tin(II) octoate']",6,200,0.3252845993841218,475.6281882793429,16.61402303880252,0.18358050681547508,0.4669886919527685,382.3629721798125,568.8934043788732,14.937724224048843,18.2903218535562,0.3420288441577774,482.2178706625431,16.83300107729791,0.29720768640506157,0.38685000191049324,448.9691406929542,515.4666006321319,15.968645942970214,17.69735621162561
"['Lignin (wt%)', 'Co-polyol type (PTHF)', 'r', 'Isocyanate (wt%)', 'Isocyonate type', 'tin(II) octoate']",6,300,0.3220545368554125,476.8395023807842,16.685311124543794,0.1873060541400109,0.45680301957081415,390.0115216637928,563.6674830977756,15.200324944299835,18.170297304787752,0.33706864059679853,485.9004303935708,16.92087537022359,0.2906152731178921,0.38352200807570497,451.0501865429737,520.7506742441678,16.066867198233528,17.774883542213654
"['Lignin (wt%)', 'Co-polyol type (PTHF)', 'r', 'Isocyanate (wt%)', 'Isocyonate type', 'tin(II) octoate']",6,400,0.32203244749239557,477.04047674814353,16.695562768927132,0.18954302895407607,0.4545218660307151,391.4604267857049,562.6205267105821,15.189593358063807,18.20153217979046,0.3374232508575084,485.6085726326672,16.905200200787718,0.29037454862647305,0.38447195308854376,450.567512979149,520.6496322861854,16.059148490071124,17.751251911504312
"['Lignin (wt%)', 'Co-polyol type (PTHF)', 'r', 'Isocyanate (wt%)', 'Isocyonate type', 'tin(II) octoate']",6,500,0.3239058528737381,475.71761815228217,16.669396616186287,0.1916646662276644,0.4561470395198117,390.3510923841736,561.0841439203907,15.166205812600493,18.17258741977208,0.3365710064327348,486.2233380284539,16.916268629389492,0.2884007228603013,0.3847412900051683,450.4251404527005,522.0215356042073,16.065138372494715,17.76739888628427
"['Lignin (wt%)', 'Co-polyol type (PTHF)', 'r', 'Isocyanate (wt%)', 'Isocyonate type', 'tin(II) octoate']",6,600,0.3250129604168022,475.00520115084726,16.65369214132212,0.19334300044641423,0.4566829203871902,389.8201093461528,560.1902929555417,15.173732168676544,18.1336521139677,0.3370260840611836,485.8849028285343,16.910828738649652,0.2888373615557763,0.38521480656659096,450.1037510334508,521.6660546236177,16.061683208133097,17.759974269166207
"['Lignin (wt%)', 'Co-polyol type (PTHF)', 'r', 'Isocyanate (wt%)', 'Isocyonate type', 'tin(II) octoate']",6,700,0.3366579796749537,467.91529049272884,16.513103641233908,0.19958902926277908,0.4737269300871283,376.8168527506032,559.0137282348545,14.899332371346707,18.126874911121106,0.3410396706572851,482.8629949234929,16.855145492569733,0.2917798124137313,0.39029952890083885,446.91534316098415,518.8106466860017,16.009815781580077,17.70047520355939
"['Lignin (wt%)', 'Co-polyol type (PTHF)', 'r', 'Isocyanate (wt%)', 'Isocyonate type', 'tin(II) octoate']",6,800,0.33727022598925815,467.445257128364,16.498534923927597,0.2000164155051648,0.4745240364733515,376.2795654808682,558.6109487758598,14.892220775080306,18.104849072774886,0.34101355604181305,482.87262435970615,16.85234703040792,0.2910929655401013,0.3909341465435248,446.50381792980716,519.2414307896051,16.005736864901294,17.698957195914545
"['Lignin (wt%)', 'Co-polyol type (PTHF)', 'r', 'Isocyanate (wt%)', 'Isocyonate type', 'tin(II) octoate']",6,900,0.33750286160300247,467.2631191614819,16.49393127752782,0.1999442757824722,0.47506144742353273,375.92776914438383,558.5984691785799,14.886886299451525,18.100976255604117,0.34137598879911374,482.60174294122925,16.84554645329175,0.2913263791180908,0.3914255984801367,446.172917388997,519.0305684934615,16.0019235941116,17.6891693124719
"['Lignin (wt%)', 'Co-polyol type (PTHF)', 'r', 'Isocyanate (wt%)', 'Isocyonate type', 'tin(II) octoate']",6,1000,0.33793069156868444,466.9738567783661,16.477332274103837,0.19944193640821056,0.4764194467291583,374.9769840516127,558.9707295051195,14.860115104963413,18.09454944324426,0.341803454708909,482.2860107252076,16.843093172421668,0.2918253129624223,0.3917815964553957,445.92747337441295,518.6445480760023,15.995894955335043,17.690291389508292
"['Lignin (wt%)', 'Co-polyol type (PTHF)', 'r', 'Isocyanate (wt%)', 'Isocyonate type', 'Sratio(%)']",6,1,0.2937573373980352,502.3737923997427,17.064348147412467,0.16843485493081362,0.41907981986525683,399.56975032298686,605.1778344764984,15.507574786449261,18.621121508375673,0.338043797933583,485.2109564972463,17.122588863489664,0.28660926457843816,0.3894783312887279,446.65423556865665,523.7676774258359,16.236332352894493,18.008845374084835
"['Lignin (wt%)', 'Co-polyol type (PTHF)', 'r', 'Isocyanate (wt%)', 'Isocyonate type', 'Sratio(%)']",6,10,0.32867463374798167,474.4215737178373,16.389060502560895,0.22328441482375894,0.4340648526722044,398.3809112406507,550.4622361950239,14.993925540944861,17.78419546417693,0.38678581445528815,449.0336480652386,16.239754791187217,0.3397729040456966,0.4337987248648797,417.3376809828247,480.7296151476525,15.555712265588236,16.923797316786196
"['Lignin (wt%)', 'Co-polyol type (PTHF)', 'r', 'Isocyanate (wt%)', 'Isocyonate type', 'Sratio(%)']",6,50,0.3347588222859153,469.8370987867308,16.411671100161755,0.22010597381263358,0.449411670759197,390.10570319131847,549.5684943821431,15.112029163170291,17.711313037153218,0.3970608308451446,441.66865757171,16.035994208846237,0.3484644101078803,0.4456572515824089,407.594172463791,475.74314267962905,15.320730514403115,16.75125790328936
"['Lignin (wt%)', 'Co-polyol type (PTHF)', 'r', 'Isocyanate (wt%)', 'Isocyonate type', 'Sratio(%)']",6,100,0.3472516750822912,460.8802892314725,16.276585956568457,0.24769001852455003,0.4468133316400324,391.0386502472685,530.7219282156765,15.15184084183058,17.401331071306334,0.39915840958601234,440.20257940464955,16.040491220220623,0.3563935444663581,0.44192327470566656,409.9106277886156,470.4945310206835,15.439159881874884,16.641822558566364
"['Lignin (wt%)', 'Co-polyol type (PTHF)', 'r', 'Isocyanate (wt%)', 'Isocyonate type', 'Sratio(%)']",6,200,0.34150760506586275,465.3229120729234,16.269421085054255,0.2375994952637936,0.4454157148679319,391.11744349290996,539.5283806529368,15.111715969521569,17.42712620058694,0.3921976511309738,445.3893011050851,16.139422114098707,0.34570617836643985,0.4386891238955078,411.9137599622744,478.8648422478958,15.450312962158566,16.828531266038848
"['Lignin (wt%)', 'Co-polyol type (PTHF)', 'r', 'Isocyanate (wt%)', 'Isocyonate type', 'Sratio(%)']",6,300,0.3428945656306696,464.80969330815685,16.209549100473556,0.23919326470795424,0.446595866553385,389.59858185989225,540.0208047564215,14.968159147595413,17.4509390533517,0.3914711281643701,445.89781468746617,16.138784254019672,0.34476752408118155,0.4381747322475586,412.3749063702876,479.42072300464474,15.465744085537832,16.811824422501513
"['Lignin (wt%)', 'Co-polyol type (PTHF)', 'r', 'Isocyanate (wt%)', 'Isocyonate type', 'Sratio(%)']",6,400,0.3467314594603904,462.4282217050497,16.187546065939948,0.2472741411066997,0.4461887778140811,388.3264559009707,536.5299875091287,15.004177763593257,17.370914368286638,0.3918028667556529,445.6716000470111,16.111832919736152,0.34614434393816035,0.43746138957314545,412.78957656252567,478.55362353149656,15.442838679857031,16.78082715961527
"['Lignin (wt%)', 'Co-polyol type (PTHF)', 'r', 'Isocyanate (wt%)', 'Isocyonate type', 'Sratio(%)']",6,500,0.34302985473447956,465.27208720491114,16.25614299197845,0.23937617625972224,0.44668353320923687,387.309039125622,543.2351352842003,14.99358174019641,17.518704243760492,0.3877333376470409,448.7402383736862,16.170223863972936,0.3427249560509679,0.43274171924311383,415.5673405810762,481.9131361662962,15.489226850233822,16.85122087771205
"['Lignin (wt%)', 'Co-polyol type (PTHF)', 'r', 'Isocyanate (wt%)', 'Isocyonate type', 'Sratio(%)']",6,600,0.34395492401207395,464.63445178953845,16.265501061804738,0.23961173702063,0.4482981110035179,386.2742934253232,542.9946101537537,14.98449621230142,17.546505911308056,0.3861096415054498,449.9101188451101,16.213242499256904,0.3414492828084008,0.4307700002024988,417.0775390932062,482.742698597014,15.525169975471313,16.901315023042496
"['Lignin (wt%)', 'Co-polyol type (PTHF)', 'r', 'Isocyanate (wt%)', 'Isocyonate type', 'Sratio(%)']",6,700,0.3431073943069539,465.1841500602738,16.27321735661052,0.2379242092539039,0.44829057936000394,386.4412925638729,543.9270075566747,14.98880309984659,17.55763161337445,0.3858105381779381,450.12072328211497,16.220160424056964,0.341874937818611,0.4297461385372652,417.84974704853704,482.3916995156929,15.541988948386425,16.898331899727502
"['Lignin (wt%)', 'Co-polyol type (PTHF)', 'r', 'Isocyanate (wt%)', 'Isocyonate type', 'Sratio(%)']",6,800,0.3443059085834981,464.2649625227041,16.269015564829697,0.23851312527561477,0.4500986918913814,385.27383679989873,543.2560882455094,14.98310322263468,17.554927907024712,0.3860727778813915,449.92050777999145,16.2224374527862,0.3430939758763089,0.4290515798864741,418.38090682118917,481.46010873879374,15.556499480166476,16.888375425405922
"['Lignin (wt%)', 'Co-polyol type (PTHF)', 'r', 'Isocyanate (wt%)', 'Isocyonate type', 'Sratio(%)']",6,900,0.34487741555210416,463.93304805911504,16.25684490469622,0.23864596964556123,0.4511088614586471,384.4222975344529,543.4437985837772,14.960605460306851,17.553084349085587,0.3857779032498036,450.12403324679326,16.23444438244934,0.34307521065270385,0.42848059584690334,418.86550104865165,481.38256544493487,15.572683294878768,16.89620547001991
"['Lignin (wt%)', 'Co-polyol type (PTHF)', 'r', 'Isocyanate (wt%)', 'Isocyonate type', 'Sratio(%)']",6,1000,0.3451946297613454,463.69628167376715,16.24638829380158,0.23811249528008238,0.45227676424260843,383.6262867409498,543.7662766065845,14.947699621478787,17.545076966124373,0.3852223280606977,450.51928353853225,16.245061783751648,0.34239438726213284,0.4280502688592626,419.24389289645245,481.79467418061205,15.584564890988865,16.90555867651443
"['Lignin (wt%)', 'Co-polyol type (PTHF)', 'r', 'Isocyanate (wt%)', 'tin(II) octoate', 'Sratio(%)']",6,1,0.3202163925154888,481.40044034200645,16.501412096175166,0.19861923516580776,0.4418135498651698,390.22463486628965,572.5762458177232,15.112914597955863,17.889909594394467,0.36512739172686814,465.3745401172981,16.534108473173312,0.31523744441145646,0.41501733904227983,427.7817295035331,502.96735073106316,15.680099202433544,17.388117743913078
"['Lignin (wt%)', 'Co-polyol type (PTHF)', 'r', 'Isocyanate (wt%)', 'tin(II) octoate', 'Sratio(%)']",6,10,0.3514867522932364,455.93034023587205,15.864077002098725,0.23737637455204103,0.46559713003443176,381.6620321616174,530.1986483101267,14.82954255967015,16.898611444527297,0.4008298206142841,438.91754121049087,16.02460639446864,0.36136684033542515,0.4402928008931431,411.3622993923249,466.4727830286568,15.498355767762636,16.550857021174647
"['Lignin (wt%)', 'Co-polyol type (PTHF)', 'r', 'Isocyanate (wt%)', 'tin(II) octoate', 'Sratio(%)']",6,50,0.35745563395720403,453.5601214635427,15.840055490690105,0.24749045080737064,0.4674208171070374,376.58442564884683,530.5358172782386,14.778897659646814,16.901213321733394,0.4015285884390071,438.3868347764448,15.960709842946518,0.36016800765130674,0.4428891692267074,409.66553559527273,467.1081339576169,15.413887099883512,16.50753258600952
"['Lignin (wt%)', 'Co-polyol type (PTHF)', 'r', 'Isocyanate (wt%)', 'tin(II) octoate', 'Sratio(%)']",6,100,0.35469930516425674,453.994863716671,15.72279395404272,0.23676568791151867,0.47263292241699484,376.9077423145151,531.0819851188269,14.694250900813772,16.75133700727167,0.4063750384942849,435.0363727547532,15.873361198011224,0.36751268587847574,0.4452373911100941,406.45101134418445,463.6217341653219,15.327592039979505,16.419130356042945
"['Lignin (wt%)', 'Co-polyol type (PTHF)', 'r', 'Isocyanate (wt%)', 'tin(II) octoate', 'Sratio(%)']",6,200,0.3552569475634866,454.2633788339846,15.725562962954394,0.24313510055005413,0.467378794576919,379.1632645659651,529.363493102004,14.721042823140172,16.730083102768614,0.40139052306374223,438.57935816507853,15.94232433957022,0.3609556013648707,0.44182544476261376,409.90726810990884,467.2514482202482,15.386928071395728,16.49772060774471
"['Lignin (wt%)', 'Co-polyol type (PTHF)', 'r', 'Isocyanate (wt%)', 'tin(II) octoate', 'Sratio(%)']",6,300,0.3615736837934036,450.24213319482817,15.726609074197507,0.24976470038939724,0.47338266719740996,373.22474146317546,527.2595249264808,14.697437904870782,16.75578024352423,0.4001407524102169,439.3579528853629,15.989217012285474,0.35687136811765735,0.44341013670277646,409.54546855352606,469.1704372171998,15.400314248838855,16.578119775732095
"['Lignin (wt%)', 'Co-polyol type (PTHF)', 'r', 'Isocyanate (wt%)', 'tin(II) octoate', 'Sratio(%)']",6,400,0.3675255209314832,447.06330495647063,15.732023073534767,0.26307959843120643,0.47197144343176,370.3903217507083,523.7362881622329,14.688230616748049,16.775815530321488,0.39618068824135755,442.467381729067,16.037308835845742,0.35481131827765666,0.43755005820505843,412.4365045980025,472.49825886013144,15.448909221523332,16.625708450168155
"['Lignin (wt%)', 'Co-polyol type (PTHF)', 'r', 'Isocyanate (wt%)', 'tin(II) octoate', 'Sratio(%)']",6,500,0.36813935660194186,446.67488902014503,15.750345362827911,0.26272670272885046,0.47355201047503326,369.1667825101106,524.1829955301795,14.699037294432227,16.801653431223595,0.3932609034699984,444.5958546262671,16.081251637707776,0.35131241548974584,0.435209391450251,414.18685267306955,475.0048565794647,15.483217587109525,16.679285688306027
"['Lignin (wt%)', 'Co-polyol type (PTHF)', 'r', 'Isocyanate (wt%)', 'tin(II) octoate', 'Sratio(%)']",6,600,0.36823200903038983,446.6057615642625,15.75757495581949,0.26261707022951014,0.4738469478312695,369.0002920602891,524.2112310682359,14.710228685901338,16.80492122573764,0.3927484665348326,444.964692333226,16.093113050179944,0.3505564499893871,0.43494048308027805,414.4261660232247,475.50321864322734,15.487043084331987,16.699183016027902
"['Lignin (wt%)', 'Co-polyol type (PTHF)', 'r', 'Isocyanate (wt%)', 'tin(II) octoate', 'Sratio(%)']",6,700,0.3671803105921934,447.4184931813241,15.794345241268681,0.26256926845199247,0.47179135273239436,370.4671521234991,524.3698342391491,14.730072278375381,16.85861820416198,0.39400229265454006,444.07235370972273,16.068985764882385,0.3512065898157066,0.4367979954933735,412.8817475956696,475.2629598237759,15.459783756675067,16.6781877730897
"['Lignin (wt%)', 'Co-polyol type (PTHF)', 'r', 'Isocyanate (wt%)', 'tin(II) octoate', 'Sratio(%)']",6,800,0.3678886634879663,446.8689717705523,15.80106439292265,0.2634348046709639,0.47234252230496865,370.1564925450089,523.5814509960958,14.745356527041329,16.85677225880397,0.393896802254757,444.13493500417707,16.07359083239499,0.3517189311644104,0.4360746733451036,413.5062573762724,474.76361263208173,15.476315496846151,16.67086616794383
"['Lignin (wt%)', 'Co-polyol type (PTHF)', 'r', 'Isocyanate (wt%)', 'tin(II) octoate', 'Sratio(%)']",6,900,0.3673754396319614,447.29133402455244,15.809600116133163,0.2627868037536737,0.4719640755102491,370.29150275471613,524.2911652943887,14.741539939347854,16.877660292918474,0.3933936520741265,444.4922411001859,16.07918902237492,0.3510212350365021,0.4357660691117509,413.80212641613633,475.1823557842354,15.482129180691839,16.676248864058
"['Lignin (wt%)', 'Co-polyol type (PTHF)', 'r', 'Isocyanate (wt%)', 'tin(II) octoate', 'Sratio(%)']",6,1000,0.3680187048680705,446.8118690017495,15.79236973951824,0.26290879750791074,0.4731286122282302,369.51374493546064,524.1099930680384,14.718517140283398,16.866222338753083,0.3931811123751113,444.642909039176,16.084062145351957,0.3504443774597788,0.43591784729044375,413.71342495035344,475.57239312799857,15.482794018449805,16.68533027225411
"['Lignin (wt%)', 'Co-polyol type (PTHF)', 'r', 'Isocyanate (mmol NCO)', 'Isocyonate type', 'tin(II) octoate']",6,1,0.2856517384431288,501.85265439371113,17.329060203573498,0.1477392916854804,0.4235641852007772,411.00469065550374,592.7006181319185,15.952146022582038,18.705974384564957,0.328951482502427,491.8610513341616,17.128685228834005,0.2727594044076885,0.38514356059716554,449.8812690656451,533.8408336026781,16.176677562303734,18.080692895364276
"['Lignin (wt%)', 'Co-polyol type (PTHF)', 'r', 'Isocyanate (mmol NCO)', 'Isocyonate type', 'tin(II) octoate']",6,10,0.2807651119898477,507.8394326655565,17.30266894616463,0.13912711892584834,0.4224031050538471,407.38987162258377,608.2889937085292,15.589678008947693,19.015659883381566,0.34104505971308596,482.900258655364,16.88483502687099,0.2830758364270028,0.39901428299916913,440.18783280215484,525.6126845085731,15.911675907467574,17.85799414627441
"['Lignin (wt%)', 'Co-polyol type (PTHF)', 'r', 'Isocyanate (mmol NCO)', 'Isocyonate type', 'tin(II) octoate']",6,50,0.279180937502383,508.8994889874201,17.293023078823545,0.1427036795311722,0.4156581954735938,410.953261165934,606.8457168089062,15.631663089196664,18.954383068450426,0.33998012168189307,483.82672017630705,16.940519883348166,0.2819380575739779,0.39802218578980825,440.16001237388696,527.4934279787271,15.925251095200359,17.955788671495974
"['Lignin (wt%)', 'Co-polyol type (PTHF)', 'r', 'Isocyanate (mmol NCO)', 'Isocyonate type', 'tin(II) octoate']",6,100,0.2805801872424948,508.69383836137615,17.227634452296645,0.1453529119892981,0.41580746249569145,409.2701881201396,608.1174886026128,15.552669102017283,18.902599802576006,0.3364462260905182,486.36967660640846,16.979528920073346,0.28012827393130413,0.3927641782497323,444.2901647694397,528.4491884433772,16.013463245851952,17.94559459429474
"['Lignin (wt%)', 'Co-polyol type (PTHF)', 'r', 'Isocyanate (mmol NCO)', 'Isocyonate type', 'tin(II) octoate']",6,200,0.2835161156227176,505.96425863444466,17.154626644872568,0.15230816173954057,0.4147240695058947,411.33200489460603,600.5965123742833,15.573820005003034,18.7354332847421,0.3412988924701256,482.786037985811,16.919600897296146,0.28584678070562036,0.3967510042346309,441.4555514510615,524.1165245205605,15.931932963829217,17.907268830763073
"['Lignin (wt%)', 'Co-polyol type (PTHF)', 'r', 'Isocyanate (mmol NCO)', 'Isocyonate type', 'tin(II) octoate']",6,300,0.2810264793298526,507.704741464467,17.182522048924756,0.15410073922410258,0.40795221943560256,416.29731779876,599.112165130174,15.657379072306204,18.70766502554331,0.34138090899958906,482.76182547713245,16.880744344648864,0.2850400793738909,0.3977217386252872,440.5793811791583,524.9442697751066,15.931665668457414,17.829823020840312
"['Lignin (wt%)', 'Co-polyol type (PTHF)', 'r', 'Isocyanate (mmol NCO)', 'Isocyonate type', 'tin(II) octoate']",6,400,0.2786077161340249,509.5485695882279,17.23166826670699,0.14857536622611117,0.40864006604193864,415.36189468108273,603.7352444953731,15.665072166441625,18.798264366972354,0.3405870090364278,483.358853698624,16.914005781791445,0.28491293235841886,0.39626108571443674,441.57711401260957,525.1405933846385,15.984976364253695,17.843035199329194
"['Lignin (wt%)', 'Co-polyol type (PTHF)', 'r', 'Isocyanate (mmol NCO)', 'Isocyonate type', 'tin(II) octoate']",6,500,0.28213933788485185,507.04843345783127,17.149526050371882,0.14705649442766341,0.41722218134204025,409.7086967989888,604.3881701166738,15.5318004237169,18.767251677026866,0.3409942765582353,483.0519070821335,16.93829811820361,0.2863500185230115,0.39563853459345905,442.076491090215,524.027323074052,16.001755239621644,17.874840996785572
"['Lignin (wt%)', 'Co-polyol type (PTHF)', 'r', 'Isocyanate (mmol NCO)', 'Isocyonate type', 'tin(II) octoate']",6,600,0.2826590498222573,506.8801482214847,17.13457971093113,0.1477876729754997,0.41753042666901496,408.9453171972035,604.8149792457659,15.51123702792612,18.75792239393614,0.3415209636665873,482.6738683354396,16.932503082798938,0.2867628220128333,0.3962791053203413,441.5733868816235,523.7743497892557,15.995288680296461,17.869717485301415
"['Lignin (wt%)', 'Co-polyol type (PTHF)', 'r', 'Isocyanate (mmol NCO)', 'Isocyonate type', 'tin(II) octoate']",6,700,0.2804196100076598,508.68152811815634,17.160857101002968,0.14827861323704342,0.4125606067782762,412.46065087308557,604.9024053632271,15.563910864028543,18.757803337977393,0.34166459316749453,482.5684920659768,16.908452758724103,0.287370966436786,0.39595821989820307,441.79191016050027,523.3450739714533,15.987217323478994,17.82968819396921
"['Lignin (wt%)', 'Co-polyol type (PTHF)', 'r', 'Isocyanate (mmol NCO)', 'Isocyonate type', 'tin(II) octoate']",6,800,0.28208260144061265,507.43634165185694,17.087666108074696,0.14763117843255152,0.41653402444867377,409.83586180658057,605.0368214971334,15.457145108218544,18.71818710793085,0.3425924146605109,481.9145527629188,16.8984056560087,0.28849967442963803,0.39668515489138373,441.0942401054562,522.7348654203814,15.965048860096093,17.831762451921303
"['Lignin (wt%)', 'Co-polyol type (PTHF)', 'r', 'Isocyanate (mmol NCO)', 'Isocyonate type', 'tin(II) octoate']",6,900,0.2820078109695147,507.42770190901064,17.09123250919385,0.14731817909126654,0.4166974428477629,409.80354733734106,605.0518564806803,15.45675124747836,18.72571377090934,0.34260848034282165,481.89521935700867,16.899778495699643,0.28855645391839935,0.39666050676724396,441.1415984210033,522.648840293014,15.965445570322432,17.834111421076855
"['Lignin (wt%)', 'Co-polyol type (PTHF)', 'r', 'Isocyanate (mmol NCO)', 'Isocyonate type', 'tin(II) octoate']",6,1000,0.2820162548032563,507.4012240525952,17.085447200744927,0.14709267592086583,0.4169398336856468,409.61918917554476,605.1832589296456,15.43858848362134,18.732305917868512,0.34240138192393366,482.0419687091159,16.900739546136286,0.28847186960441473,0.3963308942434526,441.40541595897923,522.6785214592526,15.964160477805168,17.837318614467407
"['Lignin (wt%)', 'Co-polyol type (PTHF)', 'r', 'Isocyanate (mmol NCO)', 'Isocyonate type', 'Sratio(%)']",6,1,0.20620395699433622,561.6600955073492,17.611462748165575,0.008483755544093252,0.4039241584445792,419.5638979631733,703.7562930515251,16.139974359573397,19.082951136757753,0.34010646165059455,483.89956982061994,17.10075002392918,0.2681427072454081,0.412070216055781,429.45359975149574,538.3455398897441,15.862688794300553,18.338811253557807
"['Lignin (wt%)', 'Co-polyol type (PTHF)', 'r', 'Isocyanate (mmol NCO)', 'Isocyonate type', 'Sratio(%)']",6,10,0.18432034210373818,579.6768921605101,17.2747050504659,0.020040694731800285,0.34859998947567605,449.7687739987333,709.5850103222868,15.974174140865745,18.575235960066056,0.41429709595885306,429.5436495304043,15.939992611932135,0.36710422648267416,0.46148996543503196,393.0316974364064,466.05560162440224,15.221032611095954,16.658952612768317
"['Lignin (wt%)', 'Co-polyol type (PTHF)', 'r', 'Isocyanate (mmol NCO)', 'Isocyonate type', 'Sratio(%)']",6,50,0.18580714166952086,579.6817471286022,17.087938872815702,-0.012457981878752383,0.38407226521779414,423.2014688221907,736.1620254350137,15.385714008618882,18.790163737012524,0.4169757734942919,427.42702863207194,15.711422405514224,0.36182206691668484,0.4721294800718989,386.07522526471803,468.77883199942585,14.81638313633382,16.60646167469463
"['Lignin (wt%)', 'Co-polyol type (PTHF)', 'r', 'Isocyanate (mmol NCO)', 'Isocyonate type', 'Sratio(%)']",6,100,0.17527632056019224,584.7746425982214,17.011322381755882,-0.031561714311032246,0.3821143554314167,431.1577796486849,738.3915055477578,15.438635291566282,18.584009471945482,0.4217949145884522,423.8704209810915,15.657043658938969,0.36807456003123906,0.47551526914566533,383.74963038313376,463.99121157904926,14.779803477765634,16.534283840112305
"['Lignin (wt%)', 'Co-polyol type (PTHF)', 'r', 'Isocyanate (mmol NCO)', 'Isocyonate type', 'Sratio(%)']",6,200,0.18948215245227087,576.8206286008069,17.032950792865776,-0.015819182254957237,0.39478348715949896,415.9515233488123,737.6897338528015,15.456578199695542,18.60932338603601,0.40786417876017317,434.1249111992794,15.916255195786357,0.3505017814681395,0.46522657605220685,391.2093901322804,477.04043226627834,15.019779143638207,16.812731247934508
"['Lignin (wt%)', 'Co-polyol type (PTHF)', 'r', 'Isocyanate (mmol NCO)', 'Isocyonate type', 'Sratio(%)']",6,300,0.1898804711065212,576.6356526591555,17.002717443491417,-0.01951586346378492,0.39927680567682733,412.9293084480868,740.3419968702243,15.362177118672765,18.643257768310068,0.4070577694001317,434.6221316116477,15.858207432421775,0.3474595436621359,0.46665599513812756,390.5480968907451,478.6961663325503,14.897320828879643,16.819094035963907
"['Lignin (wt%)', 'Co-polyol type (PTHF)', 'r', 'Isocyanate (mmol NCO)', 'Isocyonate type', 'Sratio(%)']",6,400,0.18574646755247104,579.9709418667184,16.994682724061605,-0.026417184080845868,0.39791011918578795,413.3084241032873,746.6334596301494,15.321027056250394,18.668338391872815,0.4089673082635915,433.2281285400351,15.797456545699976,0.3512191083405546,0.46671550818662844,390.4531987655471,476.00305831452306,14.877116669869377,16.717796421530576
"['Lignin (wt%)', 'Co-polyol type (PTHF)', 'r', 'Isocyanate (mmol NCO)', 'Isocyonate type', 'Sratio(%)']",6,500,0.18951997517234329,576.4946799274701,16.93990458591522,-0.0187324916091767,0.3977724419538633,415.566620348761,737.4227395061791,15.3018774596032,18.577931712227237,0.40832311463569476,433.71519153596455,15.82814424756936,0.351436982354467,0.4652092469169225,391.4194310173733,476.0109520545558,14.941823102126687,16.714465393012034
"['Lignin (wt%)', 'Co-polyol type (PTHF)', 'r', 'Isocyanate (mmol NCO)', 'Isocyonate type', 'Sratio(%)']",6,600,0.1885739316887659,577.3961381833724,16.924735147914667,-0.021346625671441494,0.39849448904897333,414.6727054209373,740.1195709458075,15.287091432737265,18.56237886309207,0.4100503130158845,432.4389493932284,15.783354003904126,0.3543508954795033,0.4657497305522657,391.1218916937817,473.75600709267513,14.926409673457131,16.640298334351122
"['Lignin (wt%)', 'Co-polyol type (PTHF)', 'r', 'Isocyanate (mmol NCO)', 'Isocyonate type', 'Sratio(%)']",6,700,0.1888618641885444,577.1698603328746,16.906081596187885,-0.021346324063095945,0.39907005244018473,414.10118662708817,740.238534038661,15.277599058097714,18.534564134278057,0.40894215895523767,433.25333934276705,15.812488285752114,0.35117690705253757,0.46670741085793777,390.43430919806923,476.07236948746487,14.915153139818589,16.70982343168564
"['Lignin (wt%)', 'Co-polyol type (PTHF)', 'r', 'Isocyanate (mmol NCO)', 'Isocyonate type', 'Sratio(%)']",6,800,0.18882315240750153,577.0671744673758,16.898470605266837,-0.021856847076887898,0.39950315189189095,413.8224198020546,740.3119291326971,15.277686065308218,18.519255145225458,0.4096954182748382,432.7047092297959,15.799294380682866,0.35201278070974473,0.46737805583993164,389.9370067526853,475.47241170690654,14.902110407364153,16.69647835400158
"['Lignin (wt%)', 'Co-polyol type (PTHF)', 'r', 'Isocyanate (mmol NCO)', 'Isocyonate type', 'Sratio(%)']",6,900,0.19005536368211634,576.2369423447387,16.871726255637874,-0.0207664263027596,0.4008771536669923,412.7319032972214,739.7419813922561,15.247010621524996,18.496441889750752,0.4101347716591775,432.3844866155604,15.791824604010259,0.3519475474030491,0.4683219959153059,389.26103088429755,475.5079423468232,14.881387353859743,16.702261854160774
"['Lignin (wt%)', 'Co-polyol type (PTHF)', 'r', 'Isocyanate (mmol NCO)', 'Isocyonate type', 'Sratio(%)']",6,1000,0.18999502967200785,576.3584731397827,16.857045054778034,-0.022803152219998263,0.40279321156401393,411.21168325902875,741.5052630205367,15.188936115182026,18.525153994374044,0.4104894826186786,432.11395461567906,15.759350042945215,0.35280782978678704,0.4681711354505702,389.4218329520029,474.80607627935524,14.875576879972794,16.643123205917636
"['Lignin (wt%)', 'Co-polyol type (PTHF)', 'r', 'Isocyanate (mmol NCO)', 'tin(II) octoate', 'Sratio(%)']",6,1,0.3399725140246791,468.29760891505595,16.436189960183935,0.25118351559611285,0.42876151245324534,397.6148804895162,538.9803373405957,14.910869065132552,17.961510855235318,0.34618943201794683,479.34236815253064,16.87324491347926,0.28834360559101035,0.4040352584448833,435.465287231659,523.2194490734023,15.858905791110697,17.887584035847826
"['Lignin (wt%)', 'Co-polyol type (PTHF)', 'r', 'Isocyanate (mmol NCO)', 'tin(II) octoate', 'Sratio(%)']",6,10,0.30729297870953454,492.99874828228184,16.4900372785931,0.21941153804878455,0.3951744193702845,413.6658443686127,572.3316521959509,15.022310569314683,17.957763987871516,0.3863307687355627,449.67625625160747,16.22306169095336,0.34110368566162047,0.43155785180950496,416.7688725146834,482.58363998853156,15.555170679352601,16.890952702554124
"['Lignin (wt%)', 'Co-polyol type (PTHF)', 'r', 'Isocyanate (mmol NCO)', 'tin(II) octoate', 'Sratio(%)']",6,50,0.3303492540258525,479.889866458307,16.215847461279633,0.2206327600645252,0.44006574798717984,376.48768206093973,583.2920508556742,14.636243646759047,17.795451275800218,0.3909990675524565,446.26081497821315,16.090265401263885,0.33493488659598786,0.44706324850892515,405.5026735278035,487.0189564286228,15.215231079880327,16.96529972264744
"['Lignin (wt%)', 'Co-polyol type (PTHF)', 'r', 'Isocyanate (mmol NCO)', 'tin(II) octoate', 'Sratio(%)']",6,100,0.32867668844943554,480.43879356134977,16.07445471045173,0.20935320765276738,0.4480001692461037,372.4681858223503,588.4094013003493,14.488219929810015,17.660689491093443,0.40104991742849494,438.9291480263967,15.957516952790272,0.35213040679635016,0.4499694280606397,403.09182137657496,474.7664746762185,15.205040262625559,16.709993642954984
"['Lignin (wt%)', 'Co-polyol type (PTHF)', 'r', 'Isocyanate (mmol NCO)', 'tin(II) octoate', 'Sratio(%)']",6,200,0.32131581805624,485.37988903054503,16.198661346304704,0.2020272785516753,0.4406043575608047,376.66411249304565,594.0956655680444,14.686969313361175,17.710353379248232,0.3875899049242023,448.68758846816837,16.168144296790942,0.32997447979017575,0.4452053300582289,407.30500569488856,490.0701712414482,15.280316396208214,17.05597219737367
"['Lignin (wt%)', 'Co-polyol type (PTHF)', 'r', 'Isocyanate (mmol NCO)', 'tin(II) octoate', 'Sratio(%)']",6,300,0.3358487705605377,476.4848201746016,16.105477747223755,0.21735379339291755,0.45434374772815783,365.46059618065726,587.509044168546,14.52646457213702,17.68449092231049,0.38402947278716004,451.30278033814994,16.20333879475791,0.3246761074091334,0.4433828381651867,408.5602524889455,494.0453081873544,15.286293856895155,17.120383732620667
"['Lignin (wt%)', 'Co-polyol type (PTHF)', 'r', 'Isocyanate (mmol NCO)', 'tin(II) octoate', 'Sratio(%)']",6,400,0.33553076049859243,476.80560552420627,16.082846206536374,0.21730269530840257,0.4537588256887823,365.8010067295425,587.8102043188701,14.510600857532339,17.65509155554041,0.3851658462102586,450.50003301528307,16.165401958812204,0.32715769866780076,0.4431739937527165,408.52717669798494,492.4728893325812,15.277405831631643,17.053398085992765
"['Lignin (wt%)', 'Co-polyol type (PTHF)', 'r', 'Isocyanate (mmol NCO)', 'tin(II) octoate', 'Sratio(%)']",6,500,0.33538391973769643,477.0120432346788,16.064702844925826,0.21514346674220122,0.4556243727331917,364.48510535109006,589.5389811182675,14.499398579274693,17.63000711057696,0.383561797007993,451.6625820736523,16.189964180248886,0.32479958257250846,0.4423240114434775,409.208904100612,494.11626004669256,15.295583057000314,17.084345303497457
"['Lignin (wt%)', 'Co-polyol type (PTHF)', 'r', 'Isocyanate (mmol NCO)', 'tin(II) octoate', 'Sratio(%)']",6,600,0.3417466425883313,471.7330395642718,16.028337868907037,0.23081243009251556,0.45268085508414707,368.12871672402053,575.337362404523,14.505890631313305,17.55078510650077,0.382687666252416,452.28183566117843,16.20546310774484,0.3239746119811689,0.44140072052366314,409.9732152557551,494.59045606660175,15.315314247727258,17.095611967762423
"['Lignin (wt%)', 'Co-polyol type (PTHF)', 'r', 'Isocyanate (mmol NCO)', 'tin(II) octoate', 'Sratio(%)']",6,700,0.34138490033410096,472.1294487947674,16.01278439847718,0.22726527922071185,0.4555045214474901,365.7580452812314,578.5008523083035,14.483084383289265,17.542484413665093,0.38208688557192316,452.7188711603467,16.215011988965035,0.32218623049511985,0.4419875406487265,409.5671756565647,495.87056666412866,15.31138991474172,17.11863406318835
"['Lignin (wt%)', 'Co-polyol type (PTHF)', 'r', 'Isocyanate (mmol NCO)', 'tin(II) octoate', 'Sratio(%)']",6,800,0.3399308400951909,473.1302422356657,16.028113129955262,0.22415131670173338,0.45571036348864846,365.7336793598392,580.5268051114923,14.492954339737432,17.563271920173094,0.382522448119202,452.3827697855686,16.215316576570196,0.3227582468499755,0.4422866493884285,409.44122485321,495.3243147179272,15.314870245238758,17.115762907901633
"['Lignin (wt%)', 'Co-polyol type (PTHF)', 'r', 'Isocyanate (mmol NCO)', 'tin(II) octoate', 'Sratio(%)']",6,900,0.3398101231115442,473.2814069833177,16.026421900001534,0.22356567584922038,0.456054570373868,365.38940627751606,581.1734076891194,14.493624839869796,17.559218960133272,0.38195576670535586,452.7919036184818,16.222621399287483,0.3218721314375237,0.44203940197318803,409.6530160997637,495.9307911371999,15.31789508926548,17.127347709309486
"['Lignin (wt%)', 'Co-polyol type (PTHF)', 'r', 'Isocyanate (mmol NCO)', 'tin(II) octoate', 'Sratio(%)']",6,1000,0.34045598769508834,472.8247684161265,16.017691957533497,0.22355214059302062,0.45735983479715603,364.31378891367956,581.3357479185735,14.481396000249438,17.553987914817554,0.38148769852061293,453.1254962137447,16.222659616090073,0.32066093871494544,0.4423144583262804,409.5134590814022,496.7375333460873,15.31020058951096,17.135118642669187
"['Lignin (wt%)', 'Co-polyol type (PTHF)', 'r', 'Isocyonate type', 'tin(II) octoate', 'Sratio(%)']",6,1,0.31779415523526794,481.5842446329498,16.38952274388683,0.1998321378120062,0.4357561726585297,397.4634326911829,565.7050565747167,15.224618750974933,17.554426736798725,0.3670548958279861,463.97238672845515,16.609366025892644,0.3141353281112754,0.4199744635446968,424.12344202223954,503.82133143467075,15.778108488622774,17.440623563162514
"['Lignin (wt%)', 'Co-polyol type (PTHF)', 'r', 'Isocyonate type', 'tin(II) octoate', 'Sratio(%)']",6,10,0.34933890312955584,458.9808252357445,15.782903920701306,0.23334419108029691,0.4653336151788148,377.502585631883,540.459064839606,14.450450007088373,17.11535783431424,0.39004992435464814,446.787719976905,16.180480581893242,0.35209174088795475,0.4280081078213415,420.7815421469912,472.7938978068188,15.666258307197086,16.694702856589398
"['Lignin (wt%)', 'Co-polyol type (PTHF)', 'r', 'Isocyonate type', 'tin(II) octoate', 'Sratio(%)']",6,50,0.363301503111946,450.9809605497232,15.744632889872165,0.25702872442011127,0.4695742818037807,371.5894881647223,530.3724329347241,14.576109673222824,16.913156106521505,0.3993546552907013,439.7751301574035,15.92719673034639,0.3511716977260695,0.4475376128553331,407.11917865981104,472.431081654996,15.31085169580922,16.54354176488356
"['Lignin (wt%)', 'Co-polyol type (PTHF)', 'r', 'Isocyonate type', 'tin(II) octoate', 'Sratio(%)']",6,100,0.3608504620018912,452.28400642762017,15.631090585249746,0.254107010677889,0.4675939133258934,373.4401800506605,531.1278328045798,14.33507351050567,16.927107659993823,0.4034325875265467,437.01533898570716,15.938077455800613,0.36438849056226397,0.44247668449082944,409.8092143948626,464.22146357655174,15.423341201251526,16.4528137103497
"['Lignin (wt%)', 'Co-polyol type (PTHF)', 'r', 'Isocyonate type', 'tin(II) octoate', 'Sratio(%)']",6,200,0.3593418895184173,453.8006799914894,15.64250619442422,0.2566280242144058,0.4620557548224288,376.47343800268106,531.1279219802977,14.337635098737824,16.947377290110616,0.3969454806152094,441.67439266872753,15.985370324848452,0.35410966689061407,0.43978129433980473,412.4184048626136,470.93038047484146,15.446277299498503,16.5244633501984
"['Lignin (wt%)', 'Co-polyol type (PTHF)', 'r', 'Isocyonate type', 'tin(II) octoate', 'Sratio(%)']",6,300,0.3606423957515763,453.15936819618025,15.641131350299379,0.2568162701736121,0.46446852132954053,374.08891383513287,532.2298225572276,14.272479247431194,17.009783453167564,0.39460351135348276,443.42678572652795,16.03555880550169,0.35280028630139854,0.436406736405567,414.67094122847305,472.18263022458285,15.513708066781632,16.55740954422175
"['Lignin (wt%)', 'Co-polyol type (PTHF)', 'r', 'Isocyonate type', 'tin(II) octoate', 'Sratio(%)']",6,400,0.3609696244058055,453.1105559321177,15.698030162970008,0.2569994272885558,0.4649398215230552,373.34908440404274,532.8720274601926,14.35290812471594,17.043152201224075,0.3931411131754091,444.5468316255601,16.047919174486374,0.3507127720557246,0.43556945429509364,414.8731782676023,474.2204849835179,15.491771211686617,16.60406713728613
"['Lignin (wt%)', 'Co-polyol type (PTHF)', 'r', 'Isocyonate type', 'tin(II) octoate', 'Sratio(%)']",6,500,0.36127293142459305,453.05270877765827,15.774820353499052,0.2562995594781973,0.46624630337098877,372.33322544161547,533.7721921137011,14.522089356311442,17.02755135068666,0.39420163033814354,443.7286728745833,16.029463536494227,0.3494047551842145,0.4389985054920726,412.48785344559934,474.9694923035673,15.438837394701643,16.62008967828681
"['Lignin (wt%)', 'Co-polyol type (PTHF)', 'r', 'Isocyonate type', 'tin(II) octoate', 'Sratio(%)']",6,600,0.36216120516049005,452.4321130497725,15.778912827392187,0.2568214395030639,0.4675009708179162,371.37372865988505,533.49049743966,14.52825542581568,17.029570228968694,0.39407861757618495,443.836816119176,16.02927801688515,0.34934609679449335,0.43881113835787655,412.5004282335161,475.17320400483584,15.43394403174483,16.624612002025472
"['Lignin (wt%)', 'Co-polyol type (PTHF)', 'r', 'Isocyonate type', 'tin(II) octoate', 'Sratio(%)']",6,700,0.35618552699497985,456.6640056707565,15.828482403912215,0.24615486477996884,0.46621618920999086,373.10673185814835,540.2212794833647,14.505102744331683,17.151862063492747,0.3931004377989183,444.5534947458961,16.013106559799034,0.3473418875660479,0.4388589880317887,412.4590329538604,476.6479565379318,15.39246336273537,16.6337497568627
"['Lignin (wt%)', 'Co-polyol type (PTHF)', 'r', 'Isocyonate type', 'tin(II) octoate', 'Sratio(%)']",6,800,0.35659947284094745,456.44115306449777,15.835980305477795,0.24707610933451457,0.46612283634738033,372.9581057465797,539.9242003824158,14.508537994988854,17.163422615966734,0.3928015232213632,444.78225685141524,16.01511977162352,0.34724837439912704,0.43835467204359935,412.77165276046225,476.79286094236824,15.397495579230979,16.63274396401606
"['Lignin (wt%)', 'Co-polyol type (PTHF)', 'r', 'Isocyonate type', 'tin(II) octoate', 'Sratio(%)']",6,900,0.35694535812833883,456.2074231126256,15.81795627575315,0.24686284029114955,0.4670278759655281,372.3774676740228,540.0373785512284,14.484782870480055,17.151129681026248,0.3924081708100662,445.0732849252896,16.019212148338603,0.34655743965094427,0.4382589019691881,412.8179516819922,477.328618168587,15.395548035189801,16.642876261487405
"['Lignin (wt%)', 'Co-polyol type (PTHF)', 'r', 'Isocyonate type', 'tin(II) octoate', 'Sratio(%)']",6,1000,0.3562401296181122,456.75529540299993,15.834627712316301,0.2441875117174565,0.46829274751876787,371.38592992457313,542.1246608814267,14.489824963014144,17.17943046161846,0.3918196139363901,445.50031151269224,16.027314129491224,0.34620638113490027,0.4374328467378799,413.44410133183015,477.5565216935543,15.40862109985083,16.646007159131617
"['Lignin (wt%)', 'Co-polyol type (PTHF)', 'r', 'Copolyol (wt%)', 'Isocyanate (wt%)', 'Isocyanate (mmol NCO)', 'Isocyonate type']",7,1,0.22875463324005185,545.4434428959544,17.874377420461595,0.10185025379662821,0.3556590126834755,454.3992694582433,636.4876163336654,16.42670694942567,19.32204789149752,0.3129046828151263,503.70294218335437,17.419496010934296,0.26595943556621177,0.3598499300640408,468.0283864370528,539.377497929656,16.648744910393567,18.190247111475024
"['Lignin (wt%)', 'Co-polyol type (PTHF)', 'r', 'Copolyol (wt%)', 'Isocyanate (wt%)', 'Isocyanate (mmol NCO)', 'Isocyonate type']",7,10,0.24778283547716193,538.3462359934474,17.192335350108216,0.10986159083129066,0.3857040801230332,416.41508331231563,660.2773886745792,15.471581396079387,18.913089304137046,0.3411910709701173,482.9701330370584,16.77534243332473,0.2931820670765995,0.3892000748636351,446.39167028789063,519.5485957862262,15.89521220617546,17.655472660474
"['Lignin (wt%)', 'Co-polyol type (PTHF)', 'r', 'Copolyol (wt%)', 'Isocyanate (wt%)', 'Isocyanate (mmol NCO)', 'Isocyonate type']",7,50,0.26026900256509106,528.5910820261356,16.944425081584036,0.13201678348451548,0.3885212216456666,417.8347266136717,639.3474374385995,15.447030725715896,18.441819437452178,0.3443803228368568,480.5369540918038,16.672357844418933,0.29536403139988154,0.3933966142738321,443.91391731366826,517.1599908699393,15.712176739480057,17.63253894935781
"['Lignin (wt%)', 'Co-polyol type (PTHF)', 'r', 'Copolyol (wt%)', 'Isocyanate (wt%)', 'Isocyanate (mmol NCO)', 'Isocyonate type']",7,100,0.27169943794569873,518.3912813356799,17.02288611223124,0.14375632710741254,0.3996425487839849,414.39991722391494,622.3826454474448,15.660624281324024,18.38514794313846,0.341240283775608,482.7680612909218,16.775520478218994,0.2902221409820715,0.3922584265691445,445.2214005570089,520.3147220248347,15.8180934395231,17.732947516914887
"['Lignin (wt%)', 'Co-polyol type (PTHF)', 'r', 'Copolyol (wt%)', 'Isocyanate (wt%)', 'Isocyanate (mmol NCO)', 'Isocyonate type']",7,200,0.26888486395333605,521.9530848959163,16.971862501454527,0.14163006926164146,0.39613965864503065,413.87496516641454,630.031204625418,15.52479204369055,18.418932959218505,0.3391813516907952,484.3043765921022,16.74412798867801,0.2882823532762853,0.3900803501053051,446.61604274227113,521.9927104419332,15.784478222267188,17.703777755088833
"['Lignin (wt%)', 'Co-polyol type (PTHF)', 'r', 'Copolyol (wt%)', 'Isocyanate (wt%)', 'Isocyanate (mmol NCO)', 'Isocyonate type']",7,300,0.2647050942050534,524.6759968291833,16.9524955515967,0.1285987376801058,0.400811450730001,413.01035411349744,636.3416395448692,15.3784321949103,18.526558908283103,0.33763400145411915,485.37158262356604,16.78347359378444,0.28760821685403176,0.38765978605420653,448.86019002989053,521.8829752172416,15.899151841593735,17.667795345975144
"['Lignin (wt%)', 'Co-polyol type (PTHF)', 'r', 'Copolyol (wt%)', 'Isocyanate (wt%)', 'Isocyanate (mmol NCO)', 'Isocyonate type']",7,400,0.27172624123106454,520.0067740692432,16.782812014369675,0.1344946014717871,0.40895788099034197,406.1136296819328,633.8999184565536,15.210185945387334,18.355438083352016,0.34007618878692336,483.5214920021141,16.70889250444116,0.2885035108970084,0.39164886667683835,446.23640751533384,520.8065764888943,15.77017720344846,17.647607805433857
"['Lignin (wt%)', 'Co-polyol type (PTHF)', 'r', 'Copolyol (wt%)', 'Isocyanate (wt%)', 'Isocyanate (mmol NCO)', 'Isocyonate type']",7,500,0.2754561873714485,517.6082723134879,16.720207837394362,0.13800369036973476,0.41290868437316225,402.32831717734854,632.8882274496272,15.129163920364938,18.311251754423786,0.34074787317628263,482.9814465997555,16.68802496014535,0.287723141050107,0.3937726053024583,444.9468407402451,521.0160524592659,15.744013730549264,17.632036189741434
"['Lignin (wt%)', 'Co-polyol type (PTHF)', 'r', 'Copolyol (wt%)', 'Isocyanate (wt%)', 'Isocyanate (mmol NCO)', 'Isocyonate type']",7,600,0.27655518346420804,516.8048287608041,16.702553936954843,0.1368834333179972,0.41622693361041885,399.7977315878525,633.8119259337556,15.089296366389846,18.31581150751984,0.34082698563384395,482.920080769418,16.6835062950486,0.2876470848978988,0.3940068863697891,444.79669291624134,521.0434686225947,15.734860239630144,17.632152350467052
"['Lignin (wt%)', 'Co-polyol type (PTHF)', 'r', 'Copolyol (wt%)', 'Isocyanate (wt%)', 'Isocyanate (mmol NCO)', 'Isocyonate type']",7,700,0.2770346516559684,516.478181898687,16.684014458176684,0.1352509722221288,0.41881833108980804,397.8248182564113,635.1315455409627,15.055472349628022,18.312556566725345,0.3408508951764192,482.893226763852,16.675014675671843,0.28720219851750645,0.39449959183533195,444.48829892071296,521.298154606991,15.718366400723571,17.631662950620115
"['Lignin (wt%)', 'Co-polyol type (PTHF)', 'r', 'Copolyol (wt%)', 'Isocyanate (wt%)', 'Isocyanate (mmol NCO)', 'Isocyonate type']",7,800,0.27657807479655966,516.9288197380457,16.674364490283814,0.13251259552254946,0.42064355407056986,396.1199184837299,637.7377209923616,15.017286678079424,18.331442302488206,0.3411655811554146,482.6675724808939,16.665783388634544,0.28735192765828166,0.3949792346525476,444.10667143490645,521.2284735268813,15.701083654492418,17.63048312277667
"['Lignin (wt%)', 'Co-polyol type (PTHF)', 'r', 'Copolyol (wt%)', 'Isocyanate (wt%)', 'Isocyanate (mmol NCO)', 'Isocyonate type']",7,900,0.27865088205596245,515.5672264648526,16.639230858688336,0.13372061951672728,0.4235811445951976,393.715993265817,637.4184596638883,14.982959990992509,18.295501726384163,0.3414412671717587,482.46993753091374,16.660283610577757,0.28804835040399795,0.39483418393951947,444.19174798031094,520.7481270815166,15.697579752070821,17.62298746908469
"['Lignin (wt%)', 'Co-polyol type (PTHF)', 'r', 'Copolyol (wt%)', 'Isocyanate (wt%)', 'Isocyanate (mmol NCO)', 'Isocyonate type']",7,1000,0.2795525700005271,514.8567983291234,16.634056817941506,0.13483681075024892,0.42426832925080527,393.463046433468,636.2505502247789,14.989633094195316,18.278480541687696,0.3417524618348856,482.2520679246999,16.65454584432916,0.28809634832970693,0.3954085753400643,443.7126268523838,520.791508997016,15.689744868748047,17.619346819910273
"['Lignin (wt%)', 'Co-polyol type (PTHF)', 'r', 'Copolyol (wt%)', 'Isocyanate (wt%)', 'Isocyanate (mmol NCO)', 'tin(II) octoate']",7,1,0.266919888484379,516.8206979808958,17.440104577248896,0.13683321323369796,0.39700656373506,429.35813435970033,604.2832616020913,16.140200965960336,18.740008188537455,0.31993194544148257,498.4175049980139,17.25208875525662,0.2610031203543687,0.37886077052859646,455.19710102971914,541.6379089663087,16.229084371483708,18.27509313902953
"['Lignin (wt%)', 'Co-polyol type (PTHF)', 'r', 'Copolyol (wt%)', 'Isocyanate (wt%)', 'Isocyanate (mmol NCO)', 'tin(II) octoate']",7,10,0.25089684830819026,533.0048265773037,17.250707570176974,0.1261110479990188,0.3756826486173617,431.1959916975336,634.8136614570737,15.786690329558548,18.714724810795403,0.354824338446159,473.03408829215675,16.563165291788003,0.30406554317868634,0.4055831337136317,434.2280302597288,511.8401463245847,15.662265459967994,17.464065123608012
"['Lignin (wt%)', 'Co-polyol type (PTHF)', 'r', 'Copolyol (wt%)', 'Isocyanate (wt%)', 'Isocyanate (mmol NCO)', 'tin(II) octoate']",7,50,0.26000390740615836,527.551760015527,17.000343605876676,0.1252015176307518,0.3948062971815649,415.7137582872351,639.3897617438188,15.323984068436584,18.676703143316768,0.36501097742628286,465.48696668140036,16.410568374965884,0.31842284866448023,0.4115991061880855,430.2876950589243,500.6862383038764,15.558242256131196,17.262894493800573
"['Lignin (wt%)', 'Co-polyol type (PTHF)', 'r', 'Copolyol (wt%)', 'Isocyanate (wt%)', 'Isocyanate (mmol NCO)', 'tin(II) octoate']",7,100,0.2629796981782685,523.4856818522301,16.98347651049021,0.12016437722167728,0.4057950191348597,410.8979849821293,636.0733787223309,15.4217717422754,18.54518127870502,0.3557484111856053,472.2969391937589,16.54401040181065,0.3069893466077511,0.40450747576345947,435.5219171473787,509.07196124013905,15.670513882476635,17.417506921144664
"['Lignin (wt%)', 'Co-polyol type (PTHF)', 'r', 'Copolyol (wt%)', 'Isocyanate (wt%)', 'Isocyanate (mmol NCO)', 'tin(II) octoate']",7,200,0.25153922963358705,531.8162492777957,17.08028705966587,0.10776773974945664,0.39531071951771746,418.93691784395963,644.6955807116318,15.527027687856418,18.633546431475324,0.3574425474985956,470.9741242052538,16.538183313866973,0.3040159249955082,0.410869170001683,431.3128325463998,510.6354158641078,15.592814535153316,17.48355209258063
"['Lignin (wt%)', 'Co-polyol type (PTHF)', 'r', 'Copolyol (wt%)', 'Isocyanate (wt%)', 'Isocyanate (mmol NCO)', 'tin(II) octoate']",7,300,0.25196047875943106,531.7308791104288,17.140269716457,0.10996622552711091,0.39395473199175124,420.28783085073485,643.1739273701227,15.592285231428113,18.688254201485886,0.3534675193421839,473.79243277383114,16.59109810564454,0.2953838696855732,0.4115511689987946,431.2818245058181,516.3030410418442,15.596412835612279,17.585783375676804
"['Lignin (wt%)', 'Co-polyol type (PTHF)', 'r', 'Copolyol (wt%)', 'Isocyanate (wt%)', 'Isocyanate (mmol NCO)', 'tin(II) octoate']",7,400,0.2450123553988229,538.055628280614,17.111302747282856,0.09621436059491437,0.3938103502027315,415.8155716961114,660.2956848651165,15.499352408655785,18.723253085909928,0.35592839355853406,471.96130829971617,16.54897883511227,0.29869025705874097,0.41316653005832715,430.1846315309348,513.7379850684976,15.569463976141506,17.528493694083032
"['Lignin (wt%)', 'Co-polyol type (PTHF)', 'r', 'Copolyol (wt%)', 'Isocyanate (wt%)', 'Isocyanate (mmol NCO)', 'tin(II) octoate']",7,500,0.2542476284188225,531.9046695954172,16.983603197063523,0.09764542571699958,0.4108498311206454,404.2031064925601,659.6062326982743,15.298188710955118,18.669017683171926,0.35685110499915834,471.2906548206699,16.514494666062383,0.2985739736058393,0.41512823639247737,428.6875339424199,513.8937756989199,15.533226941885689,17.49576239023908
"['Lignin (wt%)', 'Co-polyol type (PTHF)', 'r', 'Copolyol (wt%)', 'Isocyanate (wt%)', 'Isocyanate (mmol NCO)', 'tin(II) octoate']",7,600,0.2530714107248525,532.6800179021056,16.958615710483098,0.09564209549677424,0.41050072595293075,404.1203211727241,661.2397146314872,15.24608091247093,18.671150508495266,0.3595056394940059,469.3333270825368,16.466043989004696,0.3031242741324425,0.4158870048555693,428.1852893099803,510.4813648550933,15.527394337663676,17.404693640345716
"['Lignin (wt%)', 'Co-polyol type (PTHF)', 'r', 'Copolyol (wt%)', 'Isocyanate (wt%)', 'Isocyanate (mmol NCO)', 'tin(II) octoate']",7,700,0.2529235775661224,532.7606626445438,16.945903661459162,0.09498070847401097,0.4108664466582338,403.6979950736003,661.8233302154873,15.22167272084228,18.670134602076047,0.3607573873843032,468.4081298273958,16.444710952663023,0.3041389581692686,0.41737581659933776,427.10354769748426,509.7127119573073,15.499702382526982,17.389719522799062
"['Lignin (wt%)', 'Co-polyol type (PTHF)', 'r', 'Copolyol (wt%)', 'Isocyanate (wt%)', 'Isocyanate (mmol NCO)', 'tin(II) octoate']",7,800,0.25437504345710477,531.7267283618037,16.921769628139163,0.09624207062684359,0.41250801628736594,402.2492911553188,661.2041655682885,15.190968718414958,18.65257053786337,0.36036736125053764,468.69796775428506,16.44555426781766,0.30338306101246426,0.417351661488611,427.100259336431,510.2956761721391,15.492598464039586,17.39851007159573
"['Lignin (wt%)', 'Co-polyol type (PTHF)', 'r', 'Copolyol (wt%)', 'Isocyanate (wt%)', 'Isocyanate (mmol NCO)', 'tin(II) octoate']",7,900,0.25755272034876875,529.4607102677144,16.883417510815256,0.10128823421125929,0.4138172064862782,401.01025906216773,657.911161473261,15.163714315620366,18.603120706010145,0.3602641729898141,468.76314538898,16.44585891457558,0.30310217714793,0.41742616883169825,427.09334609189733,510.4329446860626,15.489465027089091,17.40225280206207
"['Lignin (wt%)', 'Co-polyol type (PTHF)', 'r', 'Copolyol (wt%)', 'Isocyanate (wt%)', 'Isocyanate (mmol NCO)', 'tin(II) octoate']",7,1000,0.25757974557015484,529.4433738419892,16.878014954157393,0.10133662738440496,0.4138228637559047,400.90048668074655,657.9862610032319,15.157849056306034,18.598180852008753,0.3605325939650264,468.57119933739875,16.44413890694178,0.3030100543394539,0.4180551335905989,426.6066052708787,510.53579340391883,15.483962353512744,17.404315460370817
"['Lignin (wt%)', 'Co-polyol type (PTHF)', 'r', 'Copolyol (wt%)', 'Isocyanate (wt%)', 'Isocyanate (mmol NCO)', 'Sratio(%)']",7,1,0.2793368033021535,510.35440090922447,17.02724607542664,0.16739198867690114,0.39128161792740584,422.7972382836548,597.9115635347941,15.754363509741621,18.300128641111655,0.3056954457417836,509.0578669494075,17.660707883799528,0.24845037007704976,0.36294052140651745,465.55886529499685,552.5568686038182,16.59162272562431,18.729793041974748
"['Lignin (wt%)', 'Co-polyol type (PTHF)', 'r', 'Copolyol (wt%)', 'Isocyanate (wt%)', 'Isocyanate (mmol NCO)', 'Sratio(%)']",7,10,0.2907710318416565,504.78780058760077,16.907405266535477,0.1952714004584108,0.38627066322490217,417.08976388029794,592.4858372949036,15.75821604725664,18.056594485814312,0.3793950199191699,454.9121470684563,16.46604679592391,0.3270970123796022,0.4316930274587376,415.8986847833644,493.9256093535482,15.60029323011396,17.33180036173386
"['Lignin (wt%)', 'Co-polyol type (PTHF)', 'r', 'Copolyol (wt%)', 'Isocyanate (wt%)', 'Isocyanate (mmol NCO)', 'Sratio(%)']",7,50,0.30008786389205167,499.5926211639993,16.581531694894203,0.20323743512996315,0.39693829265414016,406.9600667683312,592.2251755596674,15.395180697537974,17.76788269225043,0.38495339699878334,450.8785657586551,16.16545269110202,0.3253005671482003,0.44460622684936635,406.46125600435477,495.29587551295543,15.257808025518987,17.07309735668505
"['Lignin (wt%)', 'Co-polyol type (PTHF)', 'r', 'Copolyol (wt%)', 'Isocyanate (wt%)', 'Isocyanate (mmol NCO)', 'Sratio(%)']",7,100,0.3044403675838303,496.0571418134761,16.4831876509942,0.2036855550581749,0.40519518010948574,401.7841801312601,590.3301034956921,15.261325759210862,17.705049542777537,0.3842184277808016,451.30543619049587,16.24014545479229,0.32637293337208984,0.4420639221895134,408.9185489039171,493.69232347707464,15.344855434724186,17.135435474860394
"['Lignin (wt%)', 'Co-polyol type (PTHF)', 'r', 'Copolyol (wt%)', 'Isocyanate (wt%)', 'Isocyanate (mmol NCO)', 'Sratio(%)']",7,200,0.29256639585338257,504.7695057015655,16.65633776346471,0.1819389995878566,0.40319379211890854,402.7270945631858,606.8119168399452,15.475138999460425,17.83753652746899,0.380895709263382,453.79963838249694,16.341319300754343,0.32339519181365833,0.4383962267131057,411.3782989265062,496.22097783848767,15.462348465365443,17.220290136143245
"['Lignin (wt%)', 'Co-polyol type (PTHF)', 'r', 'Copolyol (wt%)', 'Isocyanate (wt%)', 'Isocyanate (mmol NCO)', 'Sratio(%)']",7,300,0.2955201039909564,502.8132586012972,16.69105366021992,0.19558803746879957,0.3954521705131132,409.0186030086502,596.6079141939442,15.436935576416829,17.945171744023014,0.3827405739325526,452.5463021715911,16.28175482888237,0.3223196081670551,0.4431615396980501,407.39625508848667,497.6963492546955,15.364574863032729,17.19893479473201
"['Lignin (wt%)', 'Co-polyol type (PTHF)', 'r', 'Copolyol (wt%)', 'Isocyanate (wt%)', 'Isocyanate (mmol NCO)', 'Sratio(%)']",7,400,0.30698737740898224,495.10733750723386,16.420727062713702,0.19599400737450395,0.41798074744346053,392.7022123543329,597.5124626601348,15.201121416248535,17.640332709178868,0.37891904094461093,455.2616243783899,16.281977232794592,0.3203151273745649,0.43752295451465695,411.8218067784794,498.7014419783004,15.378605698773022,17.185348766816162
"['Lignin (wt%)', 'Co-polyol type (PTHF)', 'r', 'Copolyol (wt%)', 'Isocyanate (wt%)', 'Isocyanate (mmol NCO)', 'Sratio(%)']",7,500,0.3066026538701617,495.4537860574402,16.373146196371735,0.19276834729770292,0.4204369604426205,390.8717305098931,600.0358416049874,15.123658238387595,17.622634154355875,0.3788081076610059,455.34088048070424,16.25741780031798,0.32025806565441584,0.437358149667596,411.95660545094444,498.72515551046405,15.361992686743807,17.152842913892155
"['Lignin (wt%)', 'Co-polyol type (PTHF)', 'r', 'Copolyol (wt%)', 'Isocyanate (wt%)', 'Isocyanate (mmol NCO)', 'Sratio(%)']",7,600,0.30222115481262557,498.928177349473,16.405396607142393,0.18936683129826562,0.41507547832698555,393.9868231167811,603.8695315821649,15.158935336389224,17.651857877895562,0.3800787009516677,454.4313986442186,16.22740338248556,0.3230931729830386,0.4370642289202968,412.0323426310558,496.8304546573813,15.345970617470796,17.10883614750032
"['Lignin (wt%)', 'Co-polyol type (PTHF)', 'r', 'Copolyol (wt%)', 'Isocyanate (wt%)', 'Isocyanate (mmol NCO)', 'Sratio(%)']",7,700,0.30113662952001563,499.7240300584357,16.394447057926186,0.1873266964800186,0.41494656256001267,393.96381823020977,605.4842418866616,15.152355887567811,17.63653822828456,0.38005696095159935,454.44909000472916,16.227872963525414,0.322970918045809,0.4371430038573897,411.96354220252533,496.934637806933,15.341151042029976,17.11459488502085
"['Lignin (wt%)', 'Co-polyol type (PTHF)', 'r', 'Copolyol (wt%)', 'Isocyanate (wt%)', 'Isocyanate (mmol NCO)', 'Sratio(%)']",7,800,0.31036738378021506,492.62795139633926,16.30006057583608,0.20257310289269403,0.4181616646677361,391.8888125338228,593.3670902588557,15.04782643210704,17.552294719565122,0.3808960887969197,453.83867741333034,16.21366901339078,0.32331483002103767,0.43847734757280177,410.9784710876631,496.6988837389976,15.32192782347899,17.105410203302572
"['Lignin (wt%)', 'Co-polyol type (PTHF)', 'r', 'Copolyol (wt%)', 'Isocyanate (wt%)', 'Isocyanate (mmol NCO)', 'Sratio(%)']",7,900,0.30803651695703654,494.16600224632583,16.323366909695462,0.2021444927183194,0.4139285411957537,394.8193186722225,593.5126858204292,15.078857216526915,17.56787660286401,0.38115734979007554,453.6541156363678,16.178716491335557,0.3237330732389232,0.4385816263412279,410.8575511048239,496.4506801679117,15.283470630869402,17.07396235180171
"['Lignin (wt%)', 'Co-polyol type (PTHF)', 'r', 'Copolyol (wt%)', 'Isocyanate (wt%)', 'Isocyanate (mmol NCO)', 'Sratio(%)']",7,1000,0.3086683102630162,493.7761172700496,16.304936893815874,0.2014154484094513,0.41592117211658114,393.4539134320214,594.0983211080778,15.064614303989876,17.54525948364187,0.38141491543633793,453.47471981226107,16.16111031192043,0.324177648139615,0.43865218273306084,410.7717944996537,496.17764512486843,15.27417393091126,17.048046692929603
"['Lignin (wt%)', 'Co-polyol type (PTHF)', 'r', 'Copolyol (wt%)', 'Isocyanate (wt%)', 'Isocyonate type', 'tin(II) octoate']",7,1,0.30058602691912917,491.77127498440524,16.992300301806708,0.1559042782761314,0.44526777556212693,397.6278200889447,585.9147298798657,15.53243337748089,18.452167226132524,0.3070946779703566,507.85566429980173,17.547667336376996,0.24863151243417006,0.36555784350654313,464.56372498758964,551.1476036120138,16.528323973199534,18.56701069955446
"['Lignin (wt%)', 'Co-polyol type (PTHF)', 'r', 'Copolyol (wt%)', 'Isocyanate (wt%)', 'Isocyonate type', 'tin(II) octoate']",7,10,0.3154393538886124,483.6997603545543,16.293825862742384,0.1950730298680021,0.43580567790922264,401.41237394691774,565.9871467621908,14.79050175251566,17.79714997296911,0.35089427188445044,475.6429170396024,16.620229675309986,0.3067899706773126,0.39499857309158826,443.42690044325207,507.8589336359528,15.80496638958724,17.435492961032732
"['Lignin (wt%)', 'Co-polyol type (PTHF)', 'r', 'Copolyol (wt%)', 'Isocyanate (wt%)', 'Isocyonate type', 'tin(II) octoate']",7,50,0.32737866061540066,475.2740702878643,16.136039265847632,0.18966475152974643,0.4650925697010549,379.7871963125476,570.7609442631809,14.468496594447695,17.803581937247568,0.35992408031423,468.96963827185016,16.411849897440902,0.3119906743499706,0.40785748627848945,434.3418785015848,503.5973980421155,15.585211610624874,17.23848818425693
"['Lignin (wt%)', 'Co-polyol type (PTHF)', 'r', 'Copolyol (wt%)', 'Isocyanate (wt%)', 'Isocyonate type', 'tin(II) octoate']",7,100,0.31825569566851686,479.9520359349191,16.256665482830734,0.1768009592775544,0.4597104320594793,387.4220030332118,572.4820688366264,14.757487449461554,17.755843516199914,0.3538812643880832,473.4348698341399,16.504469568357077,0.3048764528598519,0.40288607591631453,437.82641512391706,509.0433245443627,15.640102043551598,17.368837093162554
"['Lignin (wt%)', 'Co-polyol type (PTHF)', 'r', 'Copolyol (wt%)', 'Isocyanate (wt%)', 'Isocyonate type', 'tin(II) octoate']",7,200,0.32569811211989885,475.93251607917773,16.189632987585103,0.1895660018968549,0.4618302223429428,382.81060216035,569.0544299980054,14.695925713308693,17.683340261861513,0.35071018930433595,475.7407538160684,16.5407848485492,0.2994339833364227,0.4019863952722492,438.57344025114236,512.9080673809945,15.6532163546038,17.428353342494603
"['Lignin (wt%)', 'Co-polyol type (PTHF)', 'r', 'Copolyol (wt%)', 'Isocyanate (wt%)', 'Isocyonate type', 'tin(II) octoate']",7,300,0.3281101348309592,474.68486798061804,16.192846155178593,0.1909166448004491,0.46530362486146926,379.76380372678045,569.6059322344556,14.64037430216644,17.745318008190743,0.35190194302392175,474.7856677239873,16.507447110542337,0.3006381482114206,0.4031657378364229,438.22710797502407,511.3442274729505,15.645095358272664,17.36979886281201
"['Lignin (wt%)', 'Co-polyol type (PTHF)', 'r', 'Copolyol (wt%)', 'Isocyanate (wt%)', 'Isocyonate type', 'tin(II) octoate']",7,400,0.3336595103231284,470.97382486370986,16.129792621727386,0.20388569424104397,0.46343332640521284,380.2349705646196,561.7126791628001,14.625330065114397,17.634255178340375,0.35155690294081,475.0218564013433,16.506506329360104,0.30292104092974104,0.40019276495187894,440.5605011577306,509.48321164495604,15.699170507798872,17.313842150921335
"['Lignin (wt%)', 'Co-polyol type (PTHF)', 'r', 'Copolyol (wt%)', 'Isocyanate (wt%)', 'Isocyonate type', 'tin(II) octoate']",7,500,0.333565161799797,471.1789393576084,16.126222085487857,0.20405158869156917,0.46307873490802487,380.2023718720326,562.1555068431842,14.59760629813178,17.654837872843935,0.35201412308680646,474.6979788982823,16.510122009409276,0.3028438129899344,0.4011844331836785,439.7381312254849,509.65782657107974,15.688458846486215,17.33178517233234
"['Lignin (wt%)', 'Co-polyol type (PTHF)', 'r', 'Copolyol (wt%)', 'Isocyanate (wt%)', 'Isocyonate type', 'tin(II) octoate']",7,600,0.3316136786389349,472.377765076306,16.135261040305547,0.2006317807261736,0.46259557655169614,380.8021349359029,563.953395216709,14.608696255221172,17.661825825389922,0.35223829320476047,474.5351270740257,16.510940662408085,0.30383284282567574,0.4006437435838452,440.136267641207,508.9339865068444,15.701693304434372,17.3201880203818
"['Lignin (wt%)', 'Co-polyol type (PTHF)', 'r', 'Copolyol (wt%)', 'Isocyanate (wt%)', 'Isocyonate type', 'tin(II) octoate']",7,700,0.33286736844955295,471.5581288900624,16.101746841489636,0.2006657809513341,0.46506895594777176,378.9074644018789,564.2087933782459,14.55021119771934,17.653282485259933,0.35221240479946275,474.56002314381624,16.51421967220616,0.30299909328184943,0.4014257163170761,439.5022243495479,509.6178219380846,15.693220496291254,17.335218848121066
"['Lignin (wt%)', 'Co-polyol type (PTHF)', 'r', 'Copolyol (wt%)', 'Isocyanate (wt%)', 'Isocyonate type', 'tin(II) octoate']",7,800,0.339299246809,466.81509116942806,16.015789019441428,0.20982585509490204,0.4687726385230979,377.4904509844895,556.1397313543666,14.491087621235511,17.540490417647344,0.3530354823138444,473.9548902207542,16.49223853303413,0.3034132444949166,0.40265772013277223,438.58810901856793,509.3216714229404,15.667728058966633,17.316749007101624
"['Lignin (wt%)', 'Co-polyol type (PTHF)', 'r', 'Copolyol (wt%)', 'Isocyanate (wt%)', 'Isocyonate type', 'tin(II) octoate']",7,900,0.3396116076154029,466.66555477165605,16.00308071466571,0.20934747794713568,0.46987573728367005,376.62622927273674,556.7048802705754,14.454687109397058,17.551474319934364,0.35389650755220725,473.32134767084597,16.48357311515141,0.30394990249561993,0.4038431126087946,437.716673401553,508.9260219401389,15.654716708301041,17.312429522001782
"['Lignin (wt%)', 'Co-polyol type (PTHF)', 'r', 'Copolyol (wt%)', 'Isocyanate (wt%)', 'Isocyonate type', 'tin(II) octoate']",7,1000,0.338326609085385,467.48613138767814,16.000129891391946,0.2070412485771139,0.46961196959365603,376.92266347360777,558.0495993017485,14.439751476439387,17.560508306344506,0.3545456047545466,472.84065226267984,16.4716259389914,0.3040751292311441,0.4050160802779491,436.8675177284905,508.8137867968692,15.633728947788342,17.30952293019446
"['Lignin (wt%)', 'Co-polyol type (PTHF)', 'r', 'Copolyol (wt%)', 'Isocyanate (wt%)', 'Isocyonate type', 'Sratio(%)']",7,1,0.28778356646014114,504.01764546828446,16.871314237558515,0.16526022662755552,0.41030690629272676,411.70361210105517,596.3316788355137,15.231010356516203,18.511618118600826,0.343553743824437,480.95686557359215,16.929267985508012,0.29328419178449056,0.3938232958643834,444.8705465634654,517.0431845837189,15.973767312235056,17.88476865878097
"['Lignin (wt%)', 'Co-polyol type (PTHF)', 'r', 'Copolyol (wt%)', 'Isocyanate (wt%)', 'Isocyonate type', 'Sratio(%)']",7,10,0.3214565865275019,481.78371430455,16.282571803283894,0.2309904030443445,0.41192277001065936,407.0174759504538,556.5499526586462,14.869910330207166,17.69523327636062,0.40900758429364936,432.81415633338327,15.80769239413992,0.36545147967522396,0.45256368891207477,402.98546749897423,462.6428451677923,15.235556684081917,16.379828104197923
"['Lignin (wt%)', 'Co-polyol type (PTHF)', 'r', 'Copolyol (wt%)', 'Isocyanate (wt%)', 'Isocyonate type', 'Sratio(%)']",7,50,0.34685983575022067,462.99088527829673,15.937509511809395,0.25104190764517037,0.44267776385527097,391.269188313924,534.7125822426694,14.709458727454379,17.16556029616441,0.41362396956849573,429.60385978907277,15.640206183722494,0.3649925097744149,0.4622554293625766,394.59273183973266,464.6149877384129,14.956362187249825,16.32405018019516
"['Lignin (wt%)', 'Co-polyol type (PTHF)', 'r', 'Copolyol (wt%)', 'Isocyanate (wt%)', 'Isocyonate type', 'Sratio(%)']",7,100,0.34735029645893656,463.40263493731163,15.868127364783842,0.25388836953290844,0.4408122233849647,389.7238501313522,537.081419743271,14.62862497455249,17.107629755015193,0.4107508785637742,431.73396480543,15.720956266104201,0.3598062615180919,0.46169549560945644,395.15444785240237,468.3134817584576,14.96995730506985,16.47195522713855
"['Lignin (wt%)', 'Co-polyol type (PTHF)', 'r', 'Copolyol (wt%)', 'Isocyanate (wt%)', 'Isocyonate type', 'Sratio(%)']",7,200,0.33398095667697525,473.0846715173099,16.013364919688353,0.2405396870680325,0.42742222628591797,398.9125775683674,547.2567654662524,14.770640421244773,17.256089418131932,0.4138398940223533,429.6884079070002,15.663817538325645,0.3658863792093598,0.46179340883534686,393.7907308528619,465.58608496113857,14.91570401873752,16.41193105791377
"['Lignin (wt%)', 'Co-polyol type (PTHF)', 'r', 'Copolyol (wt%)', 'Isocyanate (wt%)', 'Isocyonate type', 'Sratio(%)']",7,300,0.3468146352416785,462.7900620650391,15.937679939915814,0.24847990111560925,0.44514936936774774,389.67823821931313,535.901885910765,14.725553934362726,17.149805945468902,0.41591773528068837,428.245919468854,15.645642585211451,0.3668383087394794,0.4649971618218973,390.9812317448444,465.51060719286363,14.90011727340875,16.391167897014153
"['Lignin (wt%)', 'Co-polyol type (PTHF)', 'r', 'Copolyol (wt%)', 'Isocyanate (wt%)', 'Isocyonate type', 'Sratio(%)']",7,400,0.34998070585277274,461.3591931389345,15.900388948424602,0.2514724344788315,0.448488977226714,385.7450910959471,536.9732951819219,14.642118485338754,17.158659411510452,0.4128421676969361,430.46657906151296,15.638511793703241,0.3652279374438306,0.4604563979500416,394.48139952308776,466.45175859993816,14.925091121102527,16.351932466303953
"['Lignin (wt%)', 'Co-polyol type (PTHF)', 'r', 'Copolyol (wt%)', 'Isocyanate (wt%)', 'Isocyonate type', 'Sratio(%)']",7,500,0.3479576505136614,462.98321734932915,15.90889800788014,0.24931644036945355,0.44659886065786925,386.7022197837171,539.2642149149412,14.651043593029893,17.166752422730386,0.4092132462957755,433.06623684149673,15.68861947268013,0.3611748925575083,0.4572516000340427,397.20923780697956,468.9232358760139,14.988002667760963,16.3892362775993
"['Lignin (wt%)', 'Co-polyol type (PTHF)', 'r', 'Copolyol (wt%)', 'Isocyanate (wt%)', 'Isocyonate type', 'Sratio(%)']",7,600,0.3443621798470748,465.08975603460493,15.952098486357405,0.24106972963724527,0.4476546300569043,387.2274287647897,542.9520833044202,14.704398886776872,17.19979808593794,0.4064928231327056,435.041105491712,15.73146900415125,0.3586883673710485,0.4542972788943628,399.45669257747625,470.6255184059478,15.029448163140287,16.433489845162214
"['Lignin (wt%)', 'Co-polyol type (PTHF)', 'r', 'Copolyol (wt%)', 'Isocyanate (wt%)', 'Isocyonate type', 'Sratio(%)']",7,700,0.3443590329423151,465.3655760308704,15.958793158998498,0.2449941645788684,0.44372390130576184,388.5696424499933,542.1615096117474,14.737076771839568,17.180509546157428,0.4063320145923043,435.1058832641941,15.706088525580421,0.35827723391816707,0.4543867952664415,399.7246054804045,470.48716104798376,15.032619732199798,16.379557318961044
"['Lignin (wt%)', 'Co-polyol type (PTHF)', 'r', 'Copolyol (wt%)', 'Isocyanate (wt%)', 'Isocyonate type', 'Sratio(%)']",7,800,0.3469205304053723,463.4179026758244,15.921343963069756,0.2468480389888839,0.4469930218218607,386.3684774032281,540.4673279484207,14.706427213832058,17.136260712307454,0.4064658790962744,434.9845666383632,15.701335544127232,0.3580852368258053,0.45484652136674353,399.5125130717947,470.45662020493177,15.026902584502155,16.37576850375231
"['Lignin (wt%)', 'Co-polyol type (PTHF)', 'r', 'Copolyol (wt%)', 'Isocyanate (wt%)', 'Isocyonate type', 'Sratio(%)']",7,900,0.3474824166390709,463.09308034160074,15.92608064026976,0.2474198064998792,0.44754502677826263,385.79859069658164,540.3875699866198,14.705904909942237,17.146256370597282,0.4054965884597846,435.6804367293369,15.714645042471693,0.35761891815697233,0.45337425876259685,400.67810737876306,470.6827660799108,15.04638879504028,16.382901289903106
"['Lignin (wt%)', 'Co-polyol type (PTHF)', 'r', 'Copolyol (wt%)', 'Isocyanate (wt%)', 'Isocyonate type', 'Sratio(%)']",7,1000,0.34691046130282277,463.53408557209843,15.924093777049421,0.24512357412380636,0.4486973484818392,384.8924621239268,542.1757090202701,14.706887453841837,17.141300100257006,0.4049924221930759,436.0429589564761,15.724939632293843,0.3571528979203961,0.4528319464657557,401.1133408264709,470.97257708648135,15.06038854672147,16.389490717866217
"['Lignin (wt%)', 'Co-polyol type (PTHF)', 'r', 'Copolyol (wt%)', 'Isocyanate (wt%)', 'tin(II) octoate', 'Sratio(%)']",7,1,0.349495139907045,457.3953331356811,15.944014496742744,0.22533632585992414,0.4736539539541659,376.79465159677926,537.996014674583,14.61915060416288,17.26887838932261,0.3493431138883426,476.713984750117,16.80179917240605,0.30351566962109544,0.39517055815558977,443.68120276960843,509.74676673062555,15.98638256487184,17.61721577994026
"['Lignin (wt%)', 'Co-polyol type (PTHF)', 'r', 'Copolyol (wt%)', 'Isocyanate (wt%)', 'tin(II) octoate', 'Sratio(%)']",7,10,0.3455337496633647,462.01828452417885,16.094644224809375,0.2533688766196642,0.4376986227070652,396.0643433180621,527.9722257302957,15.05189526598637,17.13739318363238,0.39759870900669403,441.21219607328266,15.980747672585684,0.36116361474624203,0.434033803267146,416.86197708439,465.5624150621753,15.459350907950588,16.50214443722078
"['Lignin (wt%)', 'Co-polyol type (PTHF)', 'r', 'Copolyol (wt%)', 'Isocyanate (wt%)', 'tin(II) octoate', 'Sratio(%)']",7,50,0.38270297383468616,436.23993152378796,15.423118657813859,0.27856320880466245,0.48684273886470986,362.4735570601708,510.00630598740514,14.288225096330812,16.558012219296906,0.4020919103445567,438.1409354969213,15.856447956656623,0.36321309816642566,0.44097072252268776,410.01905384905325,466.2628171447894,15.307430109046452,16.405465804266797
"['Lignin (wt%)', 'Co-polyol type (PTHF)', 'r', 'Copolyol (wt%)', 'Isocyanate (wt%)', 'tin(II) octoate', 'Sratio(%)']",7,100,0.3744260661168158,442.5768983926142,15.529260180624522,0.2767877019224959,0.47206443031113565,371.590052182058,513.5637446031704,14.360996546177503,16.69752381507154,0.4023029120360263,437.9031402967742,15.826712474403962,0.3602869720437852,0.44431885202826743,408.20440837789783,467.6018722156506,15.225937924718268,16.427487024089654
"['Lignin (wt%)', 'Co-polyol type (PTHF)', 'r', 'Copolyol (wt%)', 'Isocyanate (wt%)', 'tin(II) octoate', 'Sratio(%)']",7,200,0.36267671344305813,451.2272333811278,15.564761991740813,0.26749107534133365,0.4578623515447826,379.4830303309129,522.9714364313427,14.439992964251374,16.68953101923025,0.4079729484482377,433.871836800192,15.779128172570122,0.3674721974904519,0.44847369940602355,404.22969924123436,463.51397435914964,15.218484389761956,16.339771955378286
"['Lignin (wt%)', 'Co-polyol type (PTHF)', 'r', 'Copolyol (wt%)', 'Isocyanate (wt%)', 'tin(II) octoate', 'Sratio(%)']",7,300,0.36619844019582737,448.6882606680433,15.531340061895921,0.2645434815585443,0.46785339883311045,373.65974326077713,523.7167780753094,14.342281338616555,16.720398785175288,0.4040230130518161,436.7616272173062,15.826643349094212,0.36599164042930865,0.44205438567432354,408.92403395797817,464.5992204766343,15.31258497210693,16.340701726081495
"['Lignin (wt%)', 'Co-polyol type (PTHF)', 'r', 'Copolyol (wt%)', 'Isocyanate (wt%)', 'tin(II) octoate', 'Sratio(%)']",7,400,0.3627702625620586,450.91912963255345,15.613955051121081,0.26224369140283504,0.4632968337212821,377.3290085347472,524.5092507303598,14.501322168738666,16.7265879335035,0.4022552266065147,438.03653446115266,15.852898736383258,0.36245001082161377,0.4420604423914156,409.08966683137663,466.9834020909287,15.300604228123236,16.40519324464328
"['Lignin (wt%)', 'Co-polyol type (PTHF)', 'r', 'Copolyol (wt%)', 'Isocyanate (wt%)', 'tin(II) octoate', 'Sratio(%)']",7,500,0.36230498079375917,451.2203408588306,15.598518543643229,0.26356296530213524,0.4610469962853831,379.02758146181077,523.4131002558504,14.507949338579223,16.689087748707234,0.40147402806850935,438.5965401024474,15.860688164431483,0.36246611459822253,0.44048194153879616,410.3533617546886,466.83971845020625,15.319611138352924,16.40176519051004
"['Lignin (wt%)', 'Co-polyol type (PTHF)', 'r', 'Copolyol (wt%)', 'Isocyanate (wt%)', 'tin(II) octoate', 'Sratio(%)']",7,600,0.36409525720631564,450.015067437394,15.55704822890407,0.2643347872700291,0.46385572714260215,377.08770455799146,522.9424303167966,14.457778288373982,16.656318169434158,0.40126629022398275,438.72758130002086,15.842248338838512,0.36270996643336767,0.4398226140145978,411.01485484530195,466.44030775473976,15.330620241608697,16.353876436068326
"['Lignin (wt%)', 'Co-polyol type (PTHF)', 'r', 'Copolyol (wt%)', 'Isocyanate (wt%)', 'tin(II) octoate', 'Sratio(%)']",7,700,0.3639102607384997,450.0563056193555,15.551862197786772,0.26404196803777136,0.463778553439228,377.4914795036756,522.6211317350354,14.467148187048414,16.636576208525128,0.40165755441672807,438.4305374453791,15.833719113595174,0.3623146133873476,0.44100049544610853,410.2200151341395,466.64105975661874,15.312028684461312,16.355409542729035
"['Lignin (wt%)', 'Co-polyol type (PTHF)', 'r', 'Copolyol (wt%)', 'Isocyanate (wt%)', 'tin(II) octoate', 'Sratio(%)']",7,800,0.362833429963889,450.7866450884009,15.571790320151148,0.262017121325376,0.463649738602402,377.58447636029325,523.9888138165086,14.481769117781692,16.661811522520605,0.40186431688751745,438.26940469827423,15.828640201957484,0.36259000003886377,0.4411386337361711,410.19396252541725,466.3448468711312,15.309374643930559,16.347905759984407
"['Lignin (wt%)', 'Co-polyol type (PTHF)', 'r', 'Copolyol (wt%)', 'Isocyanate (wt%)', 'tin(II) octoate', 'Sratio(%)']",7,900,0.3631223286913833,450.62320652390747,15.568665609792305,0.2628647095081532,0.46337994787461334,377.71602646714734,523.5303865806676,14.473537536254833,16.66379368332978,0.4015604918440324,438.4902254112324,15.827701260709583,0.36226037690193896,0.4408606067861259,410.4127648637097,466.56768595875513,15.308523882778758,16.34687863864041
"['Lignin (wt%)', 'Co-polyol type (PTHF)', 'r', 'Copolyol (wt%)', 'Isocyanate (wt%)', 'tin(II) octoate', 'Sratio(%)']",7,1000,0.36414079793307064,449.94816442280273,15.552345637827505,0.26401835031914644,0.46426324554699483,376.9779865807787,522.9183422648267,14.4486964283392,16.65599484731581,0.4013816680035191,438.6194399013043,15.827452425322102,0.3617670522890505,0.4409962837179877,410.31370101330674,466.92517878930187,15.303250474783788,16.351654375860416
"['Lignin (wt%)', 'Co-polyol type (PTHF)', 'r', 'Copolyol (wt%)', 'Isocyanate (mmol NCO)', 'Isocyonate type', 'tin(II) octoate']",7,1,0.2570735212289129,521.0891137419352,17.638479843660477,0.11442846673759993,0.3997185757202259,432.83757561103346,609.3406518728369,16.488198853862976,18.788760833457978,0.3184327012761198,499.5592426178915,17.19280530996243,0.2621801012102082,0.3746853013420314,457.97538561414575,541.1430996216374,16.233903740758826,18.151706879166035
"['Lignin (wt%)', 'Co-polyol type (PTHF)', 'r', 'Copolyol (wt%)', 'Isocyanate (mmol NCO)', 'Isocyonate type', 'tin(II) octoate']",7,10,0.28149541850628923,511.78590894346024,17.017365194512724,0.16776932196006566,0.3952215150525128,416.35942253323407,607.2123953536865,15.52343655805913,18.511293830966316,0.3490000043798315,477.3813560497568,16.717242581620532,0.2942798380490563,0.4037201707106067,435.4185320018742,519.3441800976393,15.759737664706845,17.67474749853422
"['Lignin (wt%)', 'Co-polyol type (PTHF)', 'r', 'Copolyol (wt%)', 'Isocyanate (mmol NCO)', 'Isocyonate type', 'tin(II) octoate']",7,50,0.2840924786991833,510.72329670748894,16.78775867525118,0.156889785527912,0.4112951718704546,402.45408835462837,618.9925050603495,15.117209816751767,18.45830753375059,0.36355894607336636,466.60696444318154,16.485811357220985,0.31536678124835166,0.41175111089838107,429.9068617379933,503.30706714836975,15.620886535029447,17.350736179412525
"['Lignin (wt%)', 'Co-polyol type (PTHF)', 'r', 'Copolyol (wt%)', 'Isocyanate (mmol NCO)', 'Isocyonate type', 'tin(II) octoate']",7,100,0.2912996258497705,503.39432409512926,16.840334245432093,0.161213728108968,0.42138552359057296,399.6103770928507,607.1782710974078,15.289270837762436,18.39139765310175,0.3532033748072688,474.1906105112166,16.65450091259176,0.29976055337725144,0.4066461962372862,433.86107156828217,514.520149454151,15.725784305511889,17.583217519671635
"['Lignin (wt%)', 'Co-polyol type (PTHF)', 'r', 'Copolyol (wt%)', 'Isocyanate (mmol NCO)', 'Isocyonate type', 'tin(II) octoate']",7,200,0.2899575042103195,503.7377710976848,16.88006886908334,0.16521403665161224,0.41470097176902676,406.93313047105283,600.5424117243167,15.454545444236333,18.305592293930346,0.3512221371481188,475.6540653779128,16.66740623446259,0.29920484197766767,0.4032394323185699,436.22059279090473,515.0875379649208,15.76546516741449,17.56934730151069
"['Lignin (wt%)', 'Co-polyol type (PTHF)', 'r', 'Copolyol (wt%)', 'Isocyanate (mmol NCO)', 'Isocyonate type', 'tin(II) octoate']",7,300,0.2897390001421333,504.311708139595,16.82430689880158,0.16928360488511662,0.4101943953991499,409.3279713420775,599.2954449371125,15.358172734245136,18.290441063358024,0.34936168465548756,477.0553216384543,16.705833018272976,0.30057810851178896,0.39814526079918616,439.6186176732862,514.4920256036224,15.847582650205663,17.56408338634029
"['Lignin (wt%)', 'Co-polyol type (PTHF)', 'r', 'Copolyol (wt%)', 'Isocyanate (mmol NCO)', 'Isocyonate type', 'tin(II) octoate']",7,400,0.27829738498993606,513.3864539577143,16.92667372203736,0.15063438477438654,0.4059603852054856,409.72184928010034,617.0510586353282,15.32515632731074,18.52819111676398,0.35388135499834544,473.7494117561886,16.63327045865268,0.3017822857077932,0.4059804242888977,433.994619848511,513.5042036638662,15.71929316425912,17.547247753046243
"['Lignin (wt%)', 'Co-polyol type (PTHF)', 'r', 'Copolyol (wt%)', 'Isocyanate (mmol NCO)', 'Isocyonate type', 'tin(II) octoate']",7,500,0.2871090944862587,507.2631853743251,16.764821311814565,0.16492261370078976,0.40929557527172766,406.6336861687384,607.8926845799118,15.188753438703303,18.340889184925828,0.35559647892258867,472.3203222649305,16.593411580613807,0.30046149582311144,0.4107314620220659,431.35700260501926,513.2836419248417,15.66056943619258,17.526253725035037
"['Lignin (wt%)', 'Co-polyol type (PTHF)', 'r', 'Copolyol (wt%)', 'Isocyanate (mmol NCO)', 'Isocyonate type', 'tin(II) octoate']",7,600,0.2828107554858952,510.90785119926977,16.81859772188567,0.15516950551684913,0.4104520054549412,404.4163747793445,617.3993276191951,15.139367464055026,18.497827979716316,0.35847815852920745,470.2267049199365,16.54911344938954,0.3009864947833437,0.4159698222750712,427.4727348724676,512.9806749674054,15.573606540235518,17.52462035854356
"['Lignin (wt%)', 'Co-polyol type (PTHF)', 'r', 'Copolyol (wt%)', 'Isocyanate (mmol NCO)', 'Isocyonate type', 'tin(II) octoate']",7,700,0.28355590733106684,510.41030527728844,16.805735271465444,0.15444474524043414,0.4126670694216995,402.8554535131012,617.9651570414757,15.111230468811325,18.500240074119564,0.3588351010925064,469.9583549744313,16.541507263029317,0.30040310004759446,0.4172671021374183,426.54731230481974,513.3693976440429,15.548677865507695,17.534336660550938
"['Lignin (wt%)', 'Co-polyol type (PTHF)', 'r', 'Copolyol (wt%)', 'Isocyanate (mmol NCO)', 'Isocyonate type', 'tin(II) octoate']",7,800,0.2842499430884503,509.9399039843017,16.800377741159643,0.15516037494178742,0.4133395112351132,402.28530149292953,617.5945064756738,15.106569255958435,18.494186226360853,0.35874778630166215,470.02359701480566,16.5393531249854,0.29994687537338427,0.41754869722994004,426.3326750230415,513.7145190065698,15.539349495713903,17.539356754256897
"['Lignin (wt%)', 'Co-polyol type (PTHF)', 'r', 'Copolyol (wt%)', 'Isocyanate (mmol NCO)', 'Isocyonate type', 'tin(II) octoate']",7,900,0.2853658579950063,509.220621263869,16.792305796657704,0.15625943180408297,0.41447228418592963,401.3037630652003,617.1374794625377,15.098113796876145,18.486497796439263,0.35869359589959615,470.0593416122477,16.541063299551638,0.29967113298925885,0.41771605880993345,426.23193500540106,513.8867482190943,15.540021722163189,17.542104876940087
"['Lignin (wt%)', 'Co-polyol type (PTHF)', 'r', 'Copolyol (wt%)', 'Isocyanate (mmol NCO)', 'Isocyonate type', 'tin(II) octoate']",7,1000,0.28920379631322535,506.73045155468606,16.753698422356585,0.15772979567826836,0.4206777969481823,396.93514605588007,616.525757053492,15.047149535969973,18.460247308743195,0.35924543118640584,469.6476006170691,16.534988511699815,0.30053828443676456,0.4179525779360471,426.10215374755165,513.1930474865866,15.532456944123583,17.53752007927605
"['Lignin (wt%)', 'Co-polyol type (PTHF)', 'r', 'Copolyol (wt%)', 'Isocyanate (mmol NCO)', 'Isocyonate type', 'Sratio(%)']",7,1,0.24289656550979322,540.8409671879156,17.602277693124336,0.0973407295342639,0.38845240148532256,414.52292240938607,667.1590119664451,16.05138495886949,19.15317042737918,0.3088646477686627,506.7706267938285,17.650801492896335,0.250224794472055,0.3675045010652704,462.0189436681029,551.5223099195541,16.587969550718164,18.713633435074506
"['Lignin (wt%)', 'Co-polyol type (PTHF)', 'r', 'Copolyol (wt%)', 'Isocyanate (mmol NCO)', 'Isocyonate type', 'Sratio(%)']",7,10,0.26476070867719886,528.7774242071523,16.827699440721457,0.11347570841764723,0.4160457089367505,386.5361928369293,671.0186555773753,15.252222841940632,18.40317603950228,0.3838693844596948,451.58416103284355,16.287157149533215,0.3278039811897331,0.43993478772965655,410.229730156727,492.9385919089601,15.420369024820648,17.153945274245782
"['Lignin (wt%)', 'Co-polyol type (PTHF)', 'r', 'Copolyol (wt%)', 'Isocyanate (mmol NCO)', 'Isocyonate type', 'Sratio(%)']",7,50,0.26570287685939187,528.5279309536236,16.61608080872687,0.09885085428367904,0.4325548994351047,374.91294725364753,682.1429146535996,14.847507220250183,18.38465439720356,0.39202643896332645,445.7130082369484,16.01556321762801,0.3285858202764887,0.4554670576501642,398.55609127213836,492.8699252017584,14.963347791589428,17.067778643666593
"['Lignin (wt%)', 'Co-polyol type (PTHF)', 'r', 'Copolyol (wt%)', 'Isocyanate (mmol NCO)', 'Isocyonate type', 'Sratio(%)']",7,100,0.2749518625992561,522.4112486184038,16.44347495869753,0.09951450390954525,0.4503892212889669,362.0488335017349,682.7736637350727,14.605881620740714,18.281068296654343,0.40623660427355635,435.2331008732058,15.81031787253896,0.349757200083611,0.4627160084635017,393.5476995299383,476.91850221647326,14.860323736800332,16.760312008277587
"['Lignin (wt%)', 'Co-polyol type (PTHF)', 'r', 'Copolyol (wt%)', 'Isocyanate (mmol NCO)', 'Isocyonate type', 'Sratio(%)']",7,200,0.27386511350449616,522.5474818996124,16.53948615011557,0.10441429763574814,0.44331592937324416,367.62581034879787,677.469153450427,14.868465139164886,18.210507161066257,0.3999549160691286,439.8739459899465,15.901132961553193,0.3401906440954791,0.45971918804277806,395.6439950066445,484.1038969732485,14.962108069269348,16.840157853837038
"['Lignin (wt%)', 'Co-polyol type (PTHF)', 'r', 'Copolyol (wt%)', 'Isocyanate (mmol NCO)', 'Isocyonate type', 'Sratio(%)']",7,300,0.2784574039244685,519.5984234565194,16.51438925893943,0.10625113403437972,0.4506636738145573,362.62700195549337,676.5698449575455,14.78746937122049,18.241309146658374,0.3959976629490834,442.8080881894489,15.929300538839508,0.3330840836588695,0.4589112422392973,396.0548025935732,489.5613737853246,14.9360125475463,16.922588530132714
"['Lignin (wt%)', 'Co-polyol type (PTHF)', 'r', 'Copolyol (wt%)', 'Isocyanate (mmol NCO)', 'Isocyonate type', 'Sratio(%)']",7,400,0.2813467778294815,518.098023242336,16.43929636133784,0.10223459864147963,0.4604589570174833,355.2427034502338,680.9533430344381,14.63064560231986,18.247947120355818,0.39518178808760096,443.4076571341593,15.921309791249618,0.33195880449842363,0.4584047716767783,396.3537366462546,490.461577622064,14.926374599814123,16.916244982685114
"['Lignin (wt%)', 'Co-polyol type (PTHF)', 'r', 'Copolyol (wt%)', 'Isocyanate (mmol NCO)', 'Isocyonate type', 'Sratio(%)']",7,500,0.2832245933516231,517.1470640137107,16.387904362717727,0.10153900414420747,0.4649101825590387,351.9743030492024,682.3198249782191,14.547900867795667,18.22790785763979,0.3947337480077311,443.74156431658355,15.91293955875481,0.33015705317272115,0.45931044284274103,395.67927755254243,491.80385108062467,14.902644054749603,16.923235062760018
"['Lignin (wt%)', 'Co-polyol type (PTHF)', 'r', 'Copolyol (wt%)', 'Isocyanate (mmol NCO)', 'Isocyonate type', 'Sratio(%)']",7,600,0.2827859004151648,517.5370037901291,16.404591435840626,0.1003569559830711,0.46521484484725856,351.7537440176908,683.3202635625674,14.5650877173529,18.24409515432835,0.39226006521456286,445.5266777848641,15.906187687739678,0.3278254814045113,0.45669464902461443,397.73685450604484,493.31650106368335,14.889268880034663,16.923106495444692
"['Lignin (wt%)', 'Co-polyol type (PTHF)', 'r', 'Copolyol (wt%)', 'Isocyanate (mmol NCO)', 'Isocyonate type', 'Sratio(%)']",7,700,0.28266356573398105,517.5092832823266,16.378979779743247,0.09986341399559534,0.46546371747236676,351.78376301927426,683.2348035453789,14.545348444533184,18.21261111495331,0.3928966658481941,445.0457251236862,15.8892913326425,0.32783460313354534,0.45795872856284287,396.8775537385038,493.21389650886863,14.855232293858856,16.923350371426142
"['Lignin (wt%)', 'Co-polyol type (PTHF)', 'r', 'Copolyol (wt%)', 'Isocyanate (mmol NCO)', 'Isocyonate type', 'Sratio(%)']",7,800,0.28348237074662275,516.7487806306815,16.38916637418071,0.1017228606596933,0.4652418808335522,352.26155372134076,681.2360075400222,14.581340873658407,18.196991874703016,0.395310406335735,443.2748841104656,15.841759976321095,0.3302922618974134,0.4603285507740566,395.1437024707892,491.40606575014203,14.803143291114196,16.880376661527993
"['Lignin (wt%)', 'Co-polyol type (PTHF)', 'r', 'Copolyol (wt%)', 'Isocyanate (mmol NCO)', 'Isocyonate type', 'Sratio(%)']",7,900,0.28320887931954747,516.9352814433703,16.422093367762827,0.10215063896525298,0.46426711967384193,352.93340989682605,680.9371529899145,14.61662176569563,18.227564969830024,0.39453008745123286,443.8506202038452,15.870591129637509,0.3274770028326207,0.461583172069845,394.2252593794716,493.4759810282188,14.785897588559157,16.955284670715862
"['Lignin (wt%)', 'Co-polyol type (PTHF)', 'r', 'Copolyol (wt%)', 'Isocyanate (mmol NCO)', 'Isocyonate type', 'Sratio(%)']",7,1000,0.27763592363488315,520.1848379184928,16.442213935918673,0.0978851499940474,0.4573866972757189,357.92590596331434,682.4437698736713,14.662880017702012,18.221547854135334,0.3956453057784894,443.0120520618422,15.851329018646831,0.32876687122493314,0.46252374033204563,393.65193965224745,492.372164471437,14.768430750910648,16.934227286383017
"['Lignin (wt%)', 'Co-polyol type (PTHF)', 'r', 'Copolyol (wt%)', 'Isocyanate (mmol NCO)', 'tin(II) octoate', 'Sratio(%)']",7,1,0.31789416795240555,479.10654367650085,16.783156561755128,0.20864842597975422,0.4271399099250569,411.79391030836007,546.4191770446416,15.906354758451345,17.659958365058912,0.31115957896505836,504.9389073110334,17.456405888177446,0.254464180073288,0.3678549778568287,462.6301828004095,547.2476318216573,16.38629037651955,18.526521399835342
"['Lignin (wt%)', 'Co-polyol type (PTHF)', 'r', 'Copolyol (wt%)', 'Isocyanate (mmol NCO)', 'tin(II) octoate', 'Sratio(%)']",7,10,0.29759587382324404,500.14320748774355,16.68397795193606,0.1986289706819957,0.3965627769644924,413.7688760968341,586.517538878653,15.500716457381605,17.867239446490515,0.36870238838969327,462.6307274953877,16.540579188646753,0.3159655112646036,0.42143926551478295,424.0143860096244,501.247068981151,15.72274370098937,17.358414676304136
"['Lignin (wt%)', 'Co-polyol type (PTHF)', 'r', 'Copolyol (wt%)', 'Isocyanate (mmol NCO)', 'tin(II) octoate', 'Sratio(%)']",7,50,0.2979121901302009,502.6538155135104,16.29900151574136,0.1675507358043312,0.42827364445607063,385.9806681113164,619.3269629157044,14.792026697216741,17.805976334265978,0.3784356502669354,455.68288509330125,16.275838051472576,0.3181279146536776,0.4387433858801931,410.83471444097785,500.53105574562466,15.306324826095004,17.245351276850148
"['Lignin (wt%)', 'Co-polyol type (PTHF)', 'r', 'Copolyol (wt%)', 'Isocyanate (mmol NCO)', 'tin(II) octoate', 'Sratio(%)']",7,100,0.30721425659132623,494.8572077014862,16.15089955250604,0.17058460712016066,0.4438439060624918,376.95704244244746,612.7573729605249,14.58093509116044,17.72086401385164,0.38498981315274555,450.82262952381734,16.146197145643526,0.3274403088853,0.4425393174201911,408.20618795307945,493.43907109455523,15.230894121636432,17.06150016965062
"['Lignin (wt%)', 'Co-polyol type (PTHF)', 'r', 'Copolyol (wt%)', 'Isocyanate (mmol NCO)', 'tin(II) octoate', 'Sratio(%)']",7,200,0.30079759846482773,500.1791856603289,16.318239990233035,0.16717585799455006,0.4344193389351054,381.7088925484364,618.6494787722214,14.856097676880147,17.780382303585924,0.38723046675421097,449.14857489952044,16.18126244226069,0.3312607589931556,0.44320017451526633,407.9616094926932,490.3355403063477,15.328392542813276,17.0341323417081
"['Lignin (wt%)', 'Co-polyol type (PTHF)', 'r', 'Copolyol (wt%)', 'Isocyanate (mmol NCO)', 'tin(II) octoate', 'Sratio(%)']",7,300,0.3048859768704991,496.839267622783,16.19925549035178,0.1692922105744616,0.44047974316653665,378.82389722565324,614.8546380199127,14.639818469849835,17.758692510853727,0.38448764358672644,451.1961337677908,16.162591771971456,0.3267855527442867,0.44218973442916615,408.52445706378944,493.86781047179215,15.276623975934784,17.048559568008127
"['Lignin (wt%)', 'Co-polyol type (PTHF)', 'r', 'Copolyol (wt%)', 'Isocyanate (mmol NCO)', 'tin(II) octoate', 'Sratio(%)']",7,400,0.30661476633900503,496.0950066796039,16.158985100493226,0.17010126768878486,0.4431282649892252,376.6783886469271,615.5116247122806,14.54185908229178,17.776111118694672,0.3836389450292934,451.82806170795567,16.166205740038112,0.3266594737526167,0.4406184163059701,409.58693336001346,494.0691900558979,15.28717015788872,17.045241322187504
"['Lignin (wt%)', 'Co-polyol type (PTHF)', 'r', 'Copolyol (wt%)', 'Isocyanate (mmol NCO)', 'tin(II) octoate', 'Sratio(%)']",7,500,0.3085879030007449,495.0965832634438,16.158324528758758,0.17379345064781304,0.44338235535367676,375.59732560980075,614.5958409170869,14.523281676209844,17.79336738130767,0.3818412746050922,453.16013473310903,16.19329679991605,0.32493941639579543,0.438743132814389,410.890050800259,495.43021866595905,15.325434532053523,17.061159067778583
"['Lignin (wt%)', 'Co-polyol type (PTHF)', 'r', 'Copolyol (wt%)', 'Isocyanate (mmol NCO)', 'tin(II) octoate', 'Sratio(%)']",7,600,0.3053058349827366,497.7336978968171,16.221992226522282,0.1712498673619264,0.43936180260354685,377.9810524310922,617.4863433625419,14.596003245580679,17.847981207463885,0.38103594828442494,453.7078046183839,16.20347505673836,0.32392142188272144,0.43815047468612844,411.5528407073178,495.86276852944997,15.335957269957621,17.070992843519097
"['Lignin (wt%)', 'Co-polyol type (PTHF)', 'r', 'Copolyol (wt%)', 'Isocyanate (mmol NCO)', 'tin(II) octoate', 'Sratio(%)']",7,700,0.3023729952878668,499.2831004162605,16.299687686810486,0.16957619059868725,0.4351697999770464,380.6976573404712,617.8685434920498,14.789225344781785,17.81015002883919,0.3823672535973506,452.71618930686526,16.16484696277807,0.3240395919360161,0.44069491525868504,409.7285833224163,495.70379529131424,15.268049640736855,17.061644284819288
"['Lignin (wt%)', 'Co-polyol type (PTHF)', 'r', 'Copolyol (wt%)', 'Isocyanate (mmol NCO)', 'tin(II) octoate', 'Sratio(%)']",7,800,0.30378903561341686,498.2940512727685,16.285149331300133,0.17049438051632834,0.43708369071050535,379.25243479319664,617.3356677523404,14.775126874689674,17.79517178791059,0.3828945854259696,452.31513974871007,16.15183996471015,0.32444421556871295,0.44134495528322626,409.3247170908148,495.30556240660536,15.255121437497973,17.048558491922325
"['Lignin (wt%)', 'Co-polyol type (PTHF)', 'r', 'Copolyol (wt%)', 'Isocyanate (mmol NCO)', 'tin(II) octoate', 'Sratio(%)']",7,900,0.30600624140644567,496.75875665805614,16.25739861691229,0.1721019306380607,0.43991055217483066,377.3338144420409,616.1836988740714,14.739637893834026,17.775159339990555,0.38340794369297415,451.9316098794282,16.14322690412513,0.32490579406577896,0.44191009332016934,408.9450372070715,494.9181825517849,15.249787128824746,17.03666667942551
"['Lignin (wt%)', 'Co-polyol type (PTHF)', 'r', 'Copolyol (wt%)', 'Isocyanate (mmol NCO)', 'tin(II) octoate', 'Sratio(%)']",7,1000,0.3078713474644107,495.4672494566027,16.221272789304756,0.1733234421707748,0.4424192527580466,375.59992863498803,615.3345702782174,14.697391218731136,17.745154359878377,0.3838929128321749,451.5770189535853,16.132203780310405,0.3250450342778148,0.44274079138653505,408.34445424492094,494.8095836622497,15.23517517138189,17.02923238923892
"['Lignin (wt%)', 'Co-polyol type (PTHF)', 'r', 'Copolyol (wt%)', 'Isocyonate type', 'tin(II) octoate', 'Sratio(%)']",7,1,0.33861810169183204,464.84130915657187,16.16059649138345,0.20402750620684945,0.47320869717681463,377.22199519895105,552.4606231141927,14.876984683348914,17.44420829941799,0.3357121422495955,486.7750452611428,17.034141886633115,0.28840201613671995,0.38302226836247105,452.2073445321972,521.3427459900884,16.16793299044483,17.900350782821402
"['Lignin (wt%)', 'Co-polyol type (PTHF)', 'r', 'Copolyol (wt%)', 'Isocyonate type', 'tin(II) octoate', 'Sratio(%)']",7,10,0.3474764008603236,462.1689767981594,15.917910628996399,0.24298157277852794,0.4519712289421193,384.93901914193884,539.39893445438,14.673866627442814,17.161954630549985,0.4008203674424455,438.8186582170341,15.914950195611192,0.35975756849780277,0.4418831663870882,411.07311168496983,466.5642047490984,15.344788867641281,16.485111523581104
"['Lignin (wt%)', 'Co-polyol type (PTHF)', 'r', 'Copolyol (wt%)', 'Isocyonate type', 'tin(II) octoate', 'Sratio(%)']",7,50,0.36181436747631157,452.9676745529079,15.587814114276796,0.252082919273074,0.4715458156795491,370.3723375257767,535.5630115800392,14.16628742091412,17.00934080763947,0.40768990064645844,433.8860813144762,15.70924832725143,0.36585404313438086,0.449525758158536,404.72150526835145,463.05065736060095,15.15988546049908,16.25861119400378
"['Lignin (wt%)', 'Co-polyol type (PTHF)', 'r', 'Copolyol (wt%)', 'Isocyonate type', 'tin(II) octoate', 'Sratio(%)']",7,100,0.3559812037429465,456.81767964369635,15.6427413848804,0.24623035825470924,0.4657320492311838,375.41888507533514,538.2164742120575,14.142868259965585,17.142614509795216,0.4077351623515395,433.887794286378,15.725112801318776,0.3652954002616432,0.4501749244414358,404.0356332077318,463.7399553650242,15.10659063157463,16.343634971062922
"['Lignin (wt%)', 'Co-polyol type (PTHF)', 'r', 'Copolyol (wt%)', 'Isocyonate type', 'tin(II) octoate', 'Sratio(%)']",7,200,0.3538113937467528,457.7297938868893,15.66061155078351,0.24282319523695794,0.46479959225654766,376.05691386945523,539.4026739043234,14.26391793488613,17.05730516668089,0.4100948739402622,432.2285811338512,15.667188259252669,0.3695827644384258,0.45060698344209854,403.17845326375726,461.27870900394515,15.063905036869201,16.270471481636136
"['Lignin (wt%)', 'Co-polyol type (PTHF)', 'r', 'Copolyol (wt%)', 'Isocyonate type', 'tin(II) octoate', 'Sratio(%)']",7,300,0.3495529559296292,460.93605093863187,15.695374102949089,0.2389299768228534,0.46017593503640497,379.7140899466655,542.1580119305983,14.245365364584346,17.145382841313833,0.40695993060700253,434.5328971157248,15.6949920762625,0.36785127169138004,0.446068589522625,406.4574185471814,462.60837568426814,15.123167845640289,16.26681630688471
"['Lignin (wt%)', 'Co-polyol type (PTHF)', 'r', 'Copolyol (wt%)', 'Isocyonate type', 'tin(II) octoate', 'Sratio(%)']",7,400,0.35159444128262474,459.5039946193139,15.644091162437965,0.2386941987597625,0.464494683805487,377.0656877328052,541.9423015058226,14.185840842956758,17.102341481919172,0.408150773704235,433.6747669804046,15.668744692818938,0.3673895559731302,0.44891199143533983,404.2991804956188,463.0503534651904,15.082320263806738,16.255169121831138
"['Lignin (wt%)', 'Co-polyol type (PTHF)', 'r', 'Copolyol (wt%)', 'Isocyonate type', 'tin(II) octoate', 'Sratio(%)']",7,500,0.34766340132775253,462.17211149995103,15.713836709871183,0.2375961651260256,0.45773063752947946,381.67832749824265,542.6658955016594,14.317828488435406,17.10984493130696,0.40751918054966313,434.109942841837,15.677801501830213,0.3654475320895075,0.4495908290098188,403.9740599819594,464.2458257017146,15.084008528291667,16.271594475368758
"['Lignin (wt%)', 'Co-polyol type (PTHF)', 'r', 'Copolyol (wt%)', 'Isocyonate type', 'tin(II) octoate', 'Sratio(%)']",7,600,0.34908767285534587,461.34297319103587,15.676087565571043,0.23905666361631556,0.4591186820943762,380.50069643649914,542.1852499455725,14.24659860462634,17.105576526515744,0.4070778628011844,434.44473925923796,15.673169427485098,0.36584100519051604,0.4483147204118528,404.8579895199687,464.0314889985072,15.090183472841169,16.256155382129027
"['Lignin (wt%)', 'Co-polyol type (PTHF)', 'r', 'Copolyol (wt%)', 'Isocyonate type', 'tin(II) octoate', 'Sratio(%)']",7,700,0.3487284224823447,461.69849607130544,15.669455124423383,0.237797457694234,0.4596593872704554,380.0322932709128,543.3646988716981,14.216150455793567,17.1227597930532,0.40791874406615786,433.8282898552337,15.66012960774916,0.3661252260533576,0.4497122620789581,403.80681723367115,463.8497624767963,15.076296274904266,16.243962940594056
"['Lignin (wt%)', 'Co-polyol type (PTHF)', 'r', 'Copolyol (wt%)', 'Isocyonate type', 'tin(II) octoate', 'Sratio(%)']",7,800,0.3478883375374902,462.3938123352453,15.706535783650361,0.23694691102076015,0.45882976405422027,380.40643449153333,544.3811901789572,14.247217784974882,17.16585378232584,0.4080720602341771,433.71204928174154,15.659472818236122,0.36641539762570075,0.4497287228426534,403.8307729985243,463.5933255649588,15.077005671502146,16.241939964970097
"['Lignin (wt%)', 'Co-polyol type (PTHF)', 'r', 'Copolyol (wt%)', 'Isocyonate type', 'tin(II) octoate', 'Sratio(%)']",7,900,0.3483156293372024,462.16245622196465,15.707398448096509,0.2373414582895496,0.4592898003848552,380.0870163757297,544.2378960681996,14.242140221513283,17.172656674679732,0.4084923698863962,433.3978457929501,15.65455599979462,0.3665707317417629,0.4504140080310295,403.36259299758467,463.4330985883155,15.068776475386386,16.240335524202855
"['Lignin (wt%)', 'Co-polyol type (PTHF)', 'r', 'Copolyol (wt%)', 'Isocyonate type', 'tin(II) octoate', 'Sratio(%)']",7,1000,0.34896120868814173,461.85926991305877,15.70166645369884,0.23722103331590222,0.46070138406038125,378.94186921406487,544.7766706120526,14.219655659824712,17.183677247572966,0.4086595677984307,433.2749105333395,15.652158601558321,0.36661985420908255,0.45069928138777887,403.14761371304894,463.40220735363005,15.065661313954724,16.23865588916192
"['Lignin (wt%)', 'Co-polyol type (PTHF)', 'r', 'Isocyanate (wt%)', 'Isocyanate (mmol NCO)', 'Isocyonate type', 'tin(II) octoate']",7,1,0.28643511630279195,500.55756340109855,17.14783382710119,0.1482285193308882,0.4246417132746957,416.73210349873943,584.3830233034577,16.10762486128732,18.188042792915063,0.3222771542949407,496.80546668414047,17.203130982789595,0.2621720873492831,0.3823822212405983,451.82421644840963,541.7867169198713,16.079317119373204,18.326944846205986
"['Lignin (wt%)', 'Co-polyol type (PTHF)', 'r', 'Isocyanate (wt%)', 'Isocyanate (mmol NCO)', 'Isocyonate type', 'tin(II) octoate']",7,10,0.2825243753205827,507.11274253628653,17.12058968368193,0.14604135463462675,0.4190073960065387,411.7583522097285,602.4671328628446,15.46263250733395,18.778546860029913,0.34344358864177715,481.42116026700796,16.74963379525933,0.2904712013331415,0.3964159759504128,440.75980409740924,522.0825164366066,15.821545404635636,17.677722185883027
"['Lignin (wt%)', 'Co-polyol type (PTHF)', 'r', 'Isocyanate (wt%)', 'Isocyanate (mmol NCO)', 'Isocyonate type', 'tin(II) octoate']",7,50,0.3002543544337729,492.8438424012117,16.807148665249958,0.16555638908007642,0.4349523197874694,403.54626876005,582.1414160423734,15.288439716981326,18.32585761351859,0.34184880445246313,482.4779923007497,16.859010677301,0.285354046440281,0.39834356246464525,440.02297398609437,524.933010615405,15.841602159474604,17.876419195127397
"['Lignin (wt%)', 'Co-polyol type (PTHF)', 'r', 'Isocyanate (wt%)', 'Isocyanate (mmol NCO)', 'Isocyonate type', 'tin(II) octoate']",7,100,0.3027398578884456,491.68642437368146,16.789510911186117,0.16285356282032923,0.44262615295656194,395.99583718265654,587.3770115647064,15.15053983351756,18.428481988854674,0.34077727035921673,483.2329969552875,16.86267740207542,0.2855743767912031,0.39598016392723034,441.84866923490256,524.6173246756724,15.898194177554918,17.82716062659592
"['Lignin (wt%)', 'Co-polyol type (PTHF)', 'r', 'Isocyanate (wt%)', 'Isocyanate (mmol NCO)', 'Isocyonate type', 'tin(II) octoate']",7,200,0.29626255483057695,494.7110758977962,16.93366960811087,0.16080675358048957,0.43171835608066433,406.1652382660745,583.2569135295179,15.54052313888397,18.326816077337767,0.3384088557561513,485.01963555229315,16.91133778304233,0.2823669645485329,0.39445074696376975,442.6214366148857,527.4178344897007,15.831243169189026,17.991432396895636
"['Lignin (wt%)', 'Co-polyol type (PTHF)', 'r', 'Isocyanate (wt%)', 'Isocyanate (mmol NCO)', 'Isocyonate type', 'tin(II) octoate']",7,300,0.2999582033857699,493.123070429869,16.869345929707034,0.1697107521500981,0.43020565462144167,404.6102620718602,581.6358787878778,15.431327314483315,18.307364544930753,0.3367727477332475,486.13926700329057,16.93111147996029,0.27942872820235487,0.39411676726414013,443.27557157793217,529.002962428649,15.84982796084878,18.012394999071798
"['Lignin (wt%)', 'Co-polyol type (PTHF)', 'r', 'Isocyanate (wt%)', 'Isocyanate (mmol NCO)', 'Isocyonate type', 'tin(II) octoate']",7,400,0.2994714224055784,493.7294231492413,16.896232402927446,0.1694113704557135,0.42953147435544325,404.75631464155833,582.7025316569243,15.404118315497717,18.388346490357176,0.335294302216874,487.2105947348391,16.952204193560195,0.2778656828212303,0.3927229216125177,444.37349934875334,530.0476901209248,15.88559140965732,18.01881697746307
"['Lignin (wt%)', 'Co-polyol type (PTHF)', 'r', 'Isocyanate (wt%)', 'Isocyanate (mmol NCO)', 'Isocyonate type', 'tin(II) octoate']",7,500,0.2971998133171857,495.43365747192877,16.898885815804487,0.16515371934196055,0.42924590729241086,404.58085882589126,586.2864561179663,15.375652290817404,18.422119340791568,0.3367052979559959,486.15284184943846,16.957569300028148,0.2776563394435616,0.3957542564684302,442.2681605011365,530.0375231977405,15.893696616026464,18.02144198402983
"['Lignin (wt%)', 'Co-polyol type (PTHF)', 'r', 'Isocyanate (wt%)', 'Isocyanate (mmol NCO)', 'Isocyonate type', 'tin(II) octoate']",7,600,0.2984460912998051,494.68617160212597,16.87769214823524,0.16551568536644184,0.43137649723316834,402.72812734640024,586.6442158578517,15.329907258084342,18.42547703838614,0.3370605875209816,485.88181405106053,16.94960119449604,0.27827074755412395,0.3958504274878393,442.25737073749576,529.5062573646253,15.8994396382109,17.99976275078118
"['Lignin (wt%)', 'Co-polyol type (PTHF)', 'r', 'Isocyanate (wt%)', 'Isocyanate (mmol NCO)', 'Isocyonate type', 'tin(II) octoate']",7,700,0.29936821371702005,494.0454029821056,16.860277527858706,0.16564294032471527,0.4330934871093248,401.4947459234373,586.5960600407739,15.299394915589277,18.421160140128137,0.33753552658135033,485.53245486189735,16.943017517419214,0.27884832078341987,0.3962227323792808,441.99452090312565,529.070388820669,15.893019516123934,17.993015518714493
"['Lignin (wt%)', 'Co-polyol type (PTHF)', 'r', 'Isocyanate (wt%)', 'Isocyanate (mmol NCO)', 'Isocyonate type', 'tin(II) octoate']",7,800,0.299745843242898,493.8590403411919,16.84218369842035,0.16618385911235492,0.4333078273734411,401.175573001201,586.5425076811829,15.28296805509298,18.40139934174772,0.3376544933844245,485.4444734560408,16.939741979708757,0.2787235729007127,0.3965854138681363,441.7357287580165,529.153218154065,15.885853306458053,17.99363065295946
"['Lignin (wt%)', 'Co-polyol type (PTHF)', 'r', 'Isocyanate (wt%)', 'Isocyanate (mmol NCO)', 'Isocyonate type', 'tin(II) octoate']",7,900,0.2967251475534513,496.1198228692685,16.84923457449189,0.1630651200275084,0.4303851750793942,402.7910375444019,589.4486081941351,15.265850797488287,18.432618351495496,0.3396043335913387,484.0523438880433,16.92118971113178,0.28084643110495144,0.3983622360777259,440.2430369761794,527.8616507999072,15.859746615194599,17.982632807068963
"['Lignin (wt%)', 'Co-polyol type (PTHF)', 'r', 'Isocyanate (wt%)', 'Isocyanate (mmol NCO)', 'Isocyonate type', 'tin(II) octoate']",7,1000,0.30455856216196603,491.52479971394695,16.75822384138101,0.16847576724383914,0.4406413570800929,394.6053406038662,588.4442588240277,15.077883451415513,18.438564231346508,0.34281947753865677,481.62798961257886,16.875446816956753,0.2834252707343239,0.40221368434298965,437.7773931732364,525.4785860519213,15.815952840440321,17.934940793473185
"['Lignin (wt%)', 'Co-polyol type (PTHF)', 'r', 'Isocyanate (wt%)', 'Isocyanate (mmol NCO)', 'Isocyonate type', 'Sratio(%)']",7,1,0.1931184902016762,582.9364619802046,17.670303807630297,-0.005852332576010949,0.39208931297936334,404.4767417580671,761.3961822023422,15.599485741141047,19.741121874119546,0.33018790544880766,491.60080942295747,17.318472504111256,0.27809353654278973,0.3822822743548256,448.799627733947,534.401991111968,16.355297688023715,18.281647320198797
"['Lignin (wt%)', 'Co-polyol type (PTHF)', 'r', 'Isocyanate (wt%)', 'Isocyanate (mmol NCO)', 'Isocyonate type', 'Sratio(%)']",7,10,0.22643721255185173,558.0055020422,17.285073566686883,0.056080137640873856,0.39679428746282963,399.65376183952674,716.3572422448732,15.727309407119424,18.84283772625434,0.39583499098110525,443.1414549866755,16.23968688177601,0.3494883472045439,0.4421816347576666,406.60953192668126,479.67337804666977,15.548604989311652,16.930768774240367
"['Lignin (wt%)', 'Co-polyol type (PTHF)', 'r', 'Isocyanate (wt%)', 'Isocyanate (mmol NCO)', 'Isocyonate type', 'Sratio(%)']",7,50,0.2216531269841396,561.2436996153731,17.303893603274396,0.05978179607509851,0.3835244578931807,409.2527978824596,713.2346013482866,15.804554576759346,18.80323262978945,0.4024010700846092,438.339669420163,16.081275175864494,0.35454271005740295,0.4502594301118154,400.46948865941647,476.2098501809095,15.325063374004628,16.83748697772436
"['Lignin (wt%)', 'Co-polyol type (PTHF)', 'r', 'Isocyanate (wt%)', 'Isocyanate (mmol NCO)', 'Isocyonate type', 'Sratio(%)']",7,100,0.2099375730054615,568.8249773713464,17.26350207930573,0.02625470615449682,0.3936204398564262,400.15845158945865,737.4915031532342,15.5748177811988,18.952186377412662,0.40507434345232723,436.3787054516247,16.072065174795917,0.35925157244461553,0.45089711446003894,400.07669367576983,472.68071722747953,15.335498440706319,16.808631908885516
"['Lignin (wt%)', 'Co-polyol type (PTHF)', 'r', 'Isocyanate (wt%)', 'Isocyanate (mmol NCO)', 'Isocyonate type', 'Sratio(%)']",7,200,0.2178847338237575,563.2590049409947,17.281386500010232,0.03527637466973707,0.4004930929777779,395.7840291492471,730.7339807327423,15.62834955397252,18.934423446047944,0.39577426106820673,443.09939561108433,16.18324104836708,0.346104882290293,0.44544363984612045,404.85523567414907,481.3435555480196,15.379212879219102,16.98726921751506
"['Lignin (wt%)', 'Co-polyol type (PTHF)', 'r', 'Isocyanate (wt%)', 'Isocyanate (mmol NCO)', 'Isocyonate type', 'Sratio(%)']",7,300,0.2335870384686777,553.1876124017891,17.238791037612174,0.0543239167412472,0.4128501601961082,388.4626162888554,717.9126085147229,15.604802794755786,18.87277928046856,0.39260146481680713,445.47897504172226,16.215874953971735,0.34078762052614087,0.4444153091074734,405.2500656008814,485.70788448256314,15.386408544247333,17.045341363696135
"['Lignin (wt%)', 'Co-polyol type (PTHF)', 'r', 'Isocyanate (wt%)', 'Isocyanate (mmol NCO)', 'Isocyonate type', 'Sratio(%)']",7,400,0.23007727513900492,556.1329865227492,17.240639134006976,0.04609351578423154,0.4140610344937783,387.1778850979141,725.0880879475843,15.550284181044283,18.93099408696967,0.39116710163499324,446.5127926515581,16.221183104767682,0.33926126547501695,0.44307293779496953,406.28570478415253,486.7398805189636,15.394075126683882,17.04829108285148
"['Lignin (wt%)', 'Co-polyol type (PTHF)', 'r', 'Isocyanate (wt%)', 'Isocyanate (mmol NCO)', 'Isocyonate type', 'Sratio(%)']",7,500,0.2281978580738711,557.6796582479423,17.231965393233835,0.03777382012988936,0.4186218960178528,383.5250170269036,731.8342994689809,15.492170988031736,18.971759798435933,0.3879219450621291,448.88325110210235,16.26821728863853,0.3342491099198135,0.44159478020444476,407.5020975300874,490.2644046741173,15.408731895250506,17.12770268202656
"['Lignin (wt%)', 'Co-polyol type (PTHF)', 'r', 'Isocyanate (wt%)', 'Isocyanate (mmol NCO)', 'Isocyonate type', 'Sratio(%)']",7,600,0.22175570785477422,562.6137506507639,17.220342207785126,0.028212048447640498,0.41529936726190797,385.9110476072825,739.3164536942453,15.46765993280189,18.973024482768363,0.38877795975113705,448.26046357333155,16.255768099133398,0.33495527413546067,0.4426006453668134,406.7680564721508,489.7528706745123,15.390913561289276,17.120622636977522
"['Lignin (wt%)', 'Co-polyol type (PTHF)', 'r', 'Isocyanate (wt%)', 'Isocyanate (mmol NCO)', 'Isocyonate type', 'Sratio(%)']",7,700,0.22090369212640626,563.145340798171,17.228292190263936,0.027278095933080032,0.41452928831973246,386.52285403967437,739.7678275566676,15.484681732162313,18.971902648365557,0.38883255961750895,448.2305667134601,16.2559136889353,0.33445326615904325,0.44321185307597466,406.2994650852721,490.1616683416481,15.382694518089458,17.129132859781144
"['Lignin (wt%)', 'Co-polyol type (PTHF)', 'r', 'Isocyanate (wt%)', 'Isocyanate (mmol NCO)', 'Isocyonate type', 'Sratio(%)']",7,800,0.22064328138319364,563.3389568538161,17.2385856389829,0.02582145173709227,0.415465111029295,385.73335658281576,740.9445571248164,15.485554538408163,18.99161673955764,0.38920490361640897,447.95260581475384,16.247983090536867,0.33485015525752515,0.4435596519752928,406.0661248025978,489.83908682690986,15.375246696765585,17.12071948430815
"['Lignin (wt%)', 'Co-polyol type (PTHF)', 'r', 'Isocyanate (wt%)', 'Isocyanate (mmol NCO)', 'Isocyonate type', 'Sratio(%)']",7,900,0.22110443260976398,563.0134750697123,17.24207438617458,0.026467753163424423,0.41574111205610353,385.5563450690949,740.4706050703296,15.487417572301881,18.99673120004728,0.3889527612754286,448.13826256182745,16.250506209551457,0.3341896868521045,0.4437158356987527,405.9699835607063,490.3065415629486,15.374970878214341,17.126041540888572
"['Lignin (wt%)', 'Co-polyol type (PTHF)', 'r', 'Isocyanate (wt%)', 'Isocyanate (mmol NCO)', 'Isocyonate type', 'Sratio(%)']",7,1000,0.2217568232740735,562.5123399337,17.245196400727473,0.027269464285164774,0.4162441822629822,385.25837648261916,739.7663033847808,15.48957815129452,19.000814650160425,0.38847175364416364,448.49102802614925,16.258322402768698,0.3333335957974918,0.4436099114908355,406.062976762505,490.9190792897935,15.37862929036547,17.138015515171926
"['Lignin (wt%)', 'Co-polyol type (PTHF)', 'r', 'Isocyanate (wt%)', 'Isocyanate (mmol NCO)', 'tin(II) octoate', 'Sratio(%)']",7,1,0.30224049718200774,494.5495581299323,16.764532452189435,0.18777934377695052,0.416701650587065,408.82502046335924,580.2740957965053,15.160848847404587,18.368216056974283,0.35536141928139753,472.6795836169711,16.727912258014875,0.2978389404809035,0.4128838980818916,428.4554638064384,516.9037034275038,15.657312881362655,17.798511634667094
"['Lignin (wt%)', 'Co-polyol type (PTHF)', 'r', 'Isocyanate (wt%)', 'Isocyanate (mmol NCO)', 'tin(II) octoate', 'Sratio(%)']",7,10,0.27485515860460946,513.7358025219717,16.864300269485753,0.18545000419698637,0.36426031301223255,439.3320444698175,588.1395605741259,15.839343074541551,17.889257464429956,0.3963000692540122,442.59997412067696,16.174118554878255,0.3505354098438028,0.44206472866422153,407.7678706734156,477.43207756793834,15.498289279838112,16.8499478299184
"['Lignin (wt%)', 'Co-polyol type (PTHF)', 'r', 'Isocyanate (wt%)', 'Isocyanate (mmol NCO)', 'tin(II) octoate', 'Sratio(%)']",7,50,0.3068761078657433,493.4660010926973,16.538487214167596,0.20380229446092815,0.4099499212705585,403.16154559895136,583.7704565864433,15.264290406279875,17.812684022055315,0.4021353647930225,438.36674357559394,16.117913741764617,0.3558524928010904,0.44841823678495457,403.0835600932283,473.6499270579596,15.398629198842755,16.83719828468648
"['Lignin (wt%)', 'Co-polyol type (PTHF)', 'r', 'Isocyanate (wt%)', 'Isocyanate (mmol NCO)', 'tin(II) octoate', 'Sratio(%)']",7,100,0.2942559173295202,500.5057235845832,16.497709931921005,0.1801344878065192,0.40837734685252125,407.89615132817573,593.1152958409907,15.28964366364082,17.70577620020119,0.39648271298434845,442.3854332087761,16.13606475844954,0.3499831005960392,0.4429823253726577,407.6688565177102,477.10200989984196,15.437755265487317,16.83437425141176
"['Lignin (wt%)', 'Co-polyol type (PTHF)', 'r', 'Isocyanate (wt%)', 'Isocyanate (mmol NCO)', 'tin(II) octoate', 'Sratio(%)']",7,200,0.2946516666760184,499.7753477064154,16.561033457827108,0.1872854837249125,0.4020178496271243,414.009284105655,585.5414113071758,15.384733527010948,17.73733338864327,0.38687499280877924,449.289872484178,16.295254126633754,0.3351058786538587,0.43864410696369976,411.7418225604667,486.83792240788927,15.5421536824921,17.04835457077541
"['Lignin (wt%)', 'Co-polyol type (PTHF)', 'r', 'Isocyanate (wt%)', 'Isocyanate (mmol NCO)', 'tin(II) octoate', 'Sratio(%)']",7,300,0.3021476416370371,495.0890359954142,16.448087785554243,0.19147619564743423,0.41281908762664,404.9132822714854,585.264789719343,15.236721809120024,17.659453761988463,0.3865028731229668,449.56831914166713,16.300239874152396,0.3360597526236855,0.43694599362224806,412.9390862256483,486.197552057686,15.561244020872149,17.039235727432644
"['Lignin (wt%)', 'Co-polyol type (PTHF)', 'r', 'Isocyanate (wt%)', 'Isocyanate (mmol NCO)', 'tin(II) octoate', 'Sratio(%)']",7,400,0.3132383309717266,488.93347130242836,16.408629820719398,0.20454279172533046,0.42193387021812273,394.91320809248765,582.9537345123691,15.100212992926082,17.717046648512714,0.3863143060704998,449.816274683196,16.27595286186942,0.33693064267692185,0.4356979694640778,413.1621746125806,486.4703747538114,15.562686247927136,16.989219475811705
"['Lignin (wt%)', 'Co-polyol type (PTHF)', 'r', 'Isocyanate (wt%)', 'Isocyanate (mmol NCO)', 'tin(II) octoate', 'Sratio(%)']",7,500,0.31165355620413593,490.17109983019617,16.431410985632983,0.19997298719674528,0.4233341252115266,393.6798278645175,586.6623717958748,15.106712914014345,17.75610905725162,0.38348043672452714,451.89213530187965,16.316390495045322,0.3318824547804279,0.4350784186686264,413.68250334393764,490.10176725982166,15.554393702662544,17.0783872874281
"['Lignin (wt%)', 'Co-polyol type (PTHF)', 'r', 'Isocyanate (wt%)', 'Isocyanate (mmol NCO)', 'tin(II) octoate', 'Sratio(%)']",7,600,0.31125384928126065,490.5596963326642,16.42655064655357,0.19838076573998437,0.42412693282253694,392.974365018075,588.1450276472534,15.094328168036013,17.758773125071126,0.3848830226256426,450.8920991058929,16.282338311534698,0.3339307979436964,0.4358352473075888,412.9483248689897,488.8358733427961,15.53365461564994,17.031022007419455
"['Lignin (wt%)', 'Co-polyol type (PTHF)', 'r', 'Isocyanate (wt%)', 'Isocyanate (mmol NCO)', 'tin(II) octoate', 'Sratio(%)']",7,700,0.3095905723289457,491.79798679588765,16.4345272856032,0.19432714657216194,0.4248539980857295,392.373713052299,591.2222605394763,15.10075214564666,17.76830242555974,0.3842301505490307,451.3708140857355,16.301979060779082,0.3315825099920777,0.4368777911059837,412.2404615354865,490.50116663598453,15.516987916050445,17.08697020550772
"['Lignin (wt%)', 'Co-polyol type (PTHF)', 'r', 'Isocyanate (wt%)', 'Isocyanate (mmol NCO)', 'tin(II) octoate', 'Sratio(%)']",7,800,0.3044226579057961,495.2308276125944,16.485963762494414,0.19041577048451713,0.41842954532707505,396.900786918046,593.5608683071428,15.16060444684839,17.81132307814044,0.385859084132819,450.1521381851062,16.252762619397277,0.3348831669626401,0.4368350013029979,412.4169145723517,487.8873617978607,15.513601815239895,16.99192342355466
"['Lignin (wt%)', 'Co-polyol type (PTHF)', 'r', 'Isocyanate (wt%)', 'Isocyanate (mmol NCO)', 'tin(II) octoate', 'Sratio(%)']",7,900,0.30911509373864404,491.65571968354,16.45432705256629,0.1988753260730934,0.41935486140419465,396.72582088996154,586.5856184771185,15.1537112959237,17.754942809208877,0.3833597348535372,451.9261668587793,16.282432766573887,0.3319666466768394,0.434752823030235,414.2748975622645,489.5774361552941,15.550948263197444,17.01391726995033
"['Lignin (wt%)', 'Co-polyol type (PTHF)', 'r', 'Isocyanate (wt%)', 'Isocyanate (mmol NCO)', 'tin(II) octoate', 'Sratio(%)']",7,1000,0.30912588253465223,491.67578978684685,16.44241584556722,0.19814333978732815,0.42010842528197634,396.1022241068403,587.2493554668534,15.134128688379118,17.75070300275532,0.3832487921031421,452.0124981611152,16.28421544776558,0.3314030422573503,0.43509454194893393,414.00037701003845,490.024619312192,15.548800121333867,17.019630774197292
"['Lignin (wt%)', 'Co-polyol type (PTHF)', 'r', 'Isocyanate (wt%)', 'Isocyonate type', 'tin(II) octoate', 'Sratio(%)']",7,1,0.30863657356907115,489.3652879880945,16.71726226012532,0.19327983216018269,0.4239933149779596,403.16565144787904,575.56492452831,15.489835290814003,17.944689229436637,0.3582461422138807,470.371354152957,16.668953653053233,0.3054305639693811,0.41106172045838024,430.94309410673554,509.79961419917845,15.75331104580435,17.584596260302117
"['Lignin (wt%)', 'Co-polyol type (PTHF)', 'r', 'Isocyanate (wt%)', 'Isocyonate type', 'tin(II) octoate', 'Sratio(%)']",7,10,0.3465538918213621,461.0679000595122,16.297542878052298,0.23974874873209234,0.45335903491063184,386.63215982544466,535.5036402935798,15.145991031231432,17.449094724873163,0.38929533489899204,447.28763978540445,16.229104947720163,0.34839344135410977,0.4301972284438743,419.2859037188067,475.2893758520022,15.696027014490154,16.76218288095017
"['Lignin (wt%)', 'Co-polyol type (PTHF)', 'r', 'Isocyanate (wt%)', 'Isocyonate type', 'tin(II) octoate', 'Sratio(%)']",7,50,0.35682775311798237,453.8315120827798,15.941717391202127,0.24754433544031768,0.46611117079564707,377.5828562214722,530.0801679440874,14.899105739540596,16.98432904286366,0.3949920958614544,443.1326411147778,16.069411953629476,0.35227976957468216,0.43770442214822664,413.6874560591178,472.57782617043785,15.519185922769626,16.619637984489326
"['Lignin (wt%)', 'Co-polyol type (PTHF)', 'r', 'Isocyanate (wt%)', 'Isocyonate type', 'tin(II) octoate', 'Sratio(%)']",7,100,0.353412618256501,455.02977457909185,15.887914758851556,0.24153372340638235,0.46529151310661965,381.74096684309995,528.3185823150837,14.9327210775626,16.84310844014051,0.39935549524172076,440.1483663839317,16.0016367190874,0.35849994453550205,0.44021104594793947,410.3182212975364,469.978511470327,15.413458033381744,16.589815404793057
"['Lignin (wt%)', 'Co-polyol type (PTHF)', 'r', 'Isocyanate (wt%)', 'Isocyonate type', 'tin(II) octoate', 'Sratio(%)']",7,200,0.35103268568495416,457.4983591678368,15.904836200279515,0.24655408504479984,0.4555112863251085,387.178762402522,527.8179559331516,14.937273358054203,16.872399042504828,0.39519007397123007,443.1131505694364,16.069204099178165,0.3536025030694834,0.43677764487297677,413.6602105699179,472.5660905689549,15.495429583281087,16.642978615075243
"['Lignin (wt%)', 'Co-polyol type (PTHF)', 'r', 'Isocyanate (wt%)', 'Isocyonate type', 'tin(II) octoate', 'Sratio(%)']",7,300,0.35865200070431313,452.6157410346424,15.872514413551249,0.2537083364486815,0.46359566495994475,379.11565794577393,526.1158241235108,14.87220733551153,16.87282149159097,0.39454078877928017,443.4579748080163,16.084837508901188,0.3511753771875098,0.43790620037105055,413.6292262848783,473.28672333115423,15.495903645985516,16.673771371816862
"['Lignin (wt%)', 'Co-polyol type (PTHF)', 'r', 'Isocyanate (wt%)', 'Isocyonate type', 'tin(II) octoate', 'Sratio(%)']",7,400,0.365030322885517,449.0073193921503,15.901745930568012,0.26785939270249337,0.46220125306854065,376.6121975827931,521.4024412015075,14.900470187921641,16.903021673214383,0.3901044336186029,446.8842621855747,16.15489391640974,0.34729241132868904,0.4329164559085168,416.0290192471008,477.7395051240486,15.554401129354682,16.755386703464797
"['Lignin (wt%)', 'Co-polyol type (PTHF)', 'r', 'Isocyanate (wt%)', 'Isocyonate type', 'tin(II) octoate', 'Sratio(%)']",7,500,0.3657333741746009,448.4871867172825,15.879074623993997,0.26707150853371536,0.4643952398154864,375.0545603549489,521.9198130796161,14.867554592292334,16.890594655695658,0.3886868855562249,447.9103691482687,16.173283700015467,0.34615592543129076,0.431217845681159,417.3568045404648,478.46393375607266,15.578579367355443,16.76798803267549
"['Lignin (wt%)', 'Co-polyol type (PTHF)', 'r', 'Isocyanate (wt%)', 'Isocyonate type', 'tin(II) octoate', 'Sratio(%)']",7,600,0.36588474612533356,448.44450218077344,15.879485006091993,0.266813463574219,0.46495602867644814,374.5384955264115,522.3505088351354,14.863643935704536,16.89532607647945,0.38849581080995843,448.044961234122,16.180596912072538,0.3457492071203405,0.43124241449957634,417.36861813535427,478.72130433288976,15.57694633157141,16.784247492573666
"['Lignin (wt%)', 'Co-polyol type (PTHF)', 'r', 'Isocyanate (wt%)', 'Isocyonate type', 'tin(II) octoate', 'Sratio(%)']",7,700,0.3658996743085615,448.44225495727824,15.873608555289604,0.2666203713589896,0.46517897725813345,374.441338025984,522.4431718885725,14.855697214134011,16.891519896445196,0.3884120647624614,448.1148161814207,16.17100791843741,0.34518721989146955,0.4316369096334532,417.01996556163647,479.2096668012049,15.561778576997321,16.780237259877502
"['Lignin (wt%)', 'Co-polyol type (PTHF)', 'r', 'Isocyanate (wt%)', 'Isocyonate type', 'tin(II) octoate', 'Sratio(%)']",7,800,0.36568991784017274,448.49295294108913,15.872585874806566,0.2671191189289019,0.4642607167514436,375.2484736359425,521.7374322462357,14.854871864661591,16.890299884951542,0.38884674096849875,447.7836355802477,16.15716757005186,0.3465491867883344,0.4311442951486631,417.482706542664,478.08456461783135,15.572975049776852,16.74136009032687
"['Lignin (wt%)', 'Co-polyol type (PTHF)', 'r', 'Isocyanate (wt%)', 'Isocyonate type', 'tin(II) octoate', 'Sratio(%)']",7,900,0.3656005363152781,448.57383968986903,15.874186476597874,0.26666912195215836,0.46453195067839786,375.0220464677406,522.1256329119974,14.846595691977068,16.90177726121868,0.38894420525586487,447.7177156848567,16.152125814309986,0.34635152299509375,0.431536887516636,417.1512088581586,478.28422251155484,15.562703838326577,16.741547790293396
"['Lignin (wt%)', 'Co-polyol type (PTHF)', 'r', 'Isocyanate (wt%)', 'Isocyonate type', 'tin(II) octoate', 'Sratio(%)']",7,1000,0.3651836734483375,448.9375679105916,15.862979166215903,0.2646901437033098,0.46567720319336525,373.94878544855004,523.9263503726332,14.831224082558009,16.894734249873796,0.38890197124882653,447.74517324389655,16.157392557426835,0.34620709825686435,0.4315968442407887,417.11773704287594,478.37260944491715,15.571511699084363,16.743273415769306
"['Lignin (wt%)', 'Co-polyol type (PTHF)', 'r', 'Isocyanate (mmol NCO)', 'Isocyonate type', 'tin(II) octoate', 'Sratio(%)']",7,1,0.3207025488689413,481.85061713137384,16.631199152963706,0.22152950007449268,0.4198755976633899,404.9301303098625,558.7711039528853,15.038475260308324,18.223923045619088,0.34391479897944915,481.0863691436205,16.917676130088914,0.2879503731104318,0.3998792248484665,438.1448898071327,524.0278484801083,15.893312164660673,17.942040095517157
"['Lignin (wt%)', 'Co-polyol type (PTHF)', 'r', 'Isocyanate (mmol NCO)', 'Isocyonate type', 'tin(II) octoate', 'Sratio(%)']",7,10,0.29420968259371055,501.2941757270182,16.490149447067704,0.19940238898802665,0.38901697619939446,419.69092873711384,582.8974227169226,15.15761419274313,17.82268470139228,0.3854261146332689,450.3362963733216,16.29441738892395,0.34380969762170677,0.4270425316448311,420.3610161407275,480.3115766059157,15.678373309336148,16.910461468511752
"['Lignin (wt%)', 'Co-polyol type (PTHF)', 'r', 'Isocyanate (mmol NCO)', 'Isocyonate type', 'tin(II) octoate', 'Sratio(%)']",7,50,0.30701246152428785,494.64459492885874,16.34553150215797,0.1941835446107823,0.4198413784377934,394.12033027518146,595.168859582536,14.853492386210164,17.83757061810578,0.3914103638029932,445.9253052158001,16.11611244683569,0.33727321709026264,0.4455475105157238,406.844930421085,485.0056800105152,15.296645924657009,16.93557896901437
"['Lignin (wt%)', 'Co-polyol type (PTHF)', 'r', 'Isocyanate (mmol NCO)', 'Isocyonate type', 'tin(II) octoate', 'Sratio(%)']",7,100,0.30479725787600237,496.2715746731884,16.32032280229417,0.18652573309083026,0.4230687826611745,391.89433918041357,600.6488101659633,14.7660958813617,17.874549723226643,0.39968368846147867,439.88984977036944,16.021241482072945,0.3516009183057186,0.44776645861723874,404.9238779177086,474.8558216230303,15.27053128452942,16.77195167961647
"['Lignin (wt%)', 'Co-polyol type (PTHF)', 'r', 'Isocyanate (mmol NCO)', 'Isocyonate type', 'tin(II) octoate', 'Sratio(%)']",7,200,0.309829547339853,492.71451598537726,16.293796519864735,0.18711241875560536,0.4325466759241007,385.1131868663985,600.3158451043561,14.74821540786225,17.83937763186722,0.3886757681083842,447.8243772323458,16.163913808955904,0.3303586720755984,0.44699286414117007,406.2583108226469,489.3904436420447,15.273955005690638,17.05387261222117
"['Lignin (wt%)', 'Co-polyol type (PTHF)', 'r', 'Isocyanate (mmol NCO)', 'Isocyonate type', 'tin(II) octoate', 'Sratio(%)']",7,300,0.32196302985760045,484.66239500304334,16.246953509307183,0.207339326741273,0.4365867329739279,380.87249920455963,588.452290801527,14.699908701451573,17.793998317162792,0.38459646897996047,450.8773036401318,16.209238871031662,0.32725395431661897,0.441938983643302,409.6020807639904,492.1525265162732,15.343351245620404,17.07512649644292
"['Lignin (wt%)', 'Co-polyol type (PTHF)', 'r', 'Isocyanate (mmol NCO)', 'Isocyonate type', 'tin(II) octoate', 'Sratio(%)']",7,400,0.3233279794316148,483.6665738384574,16.195359874097054,0.2095400673220041,0.4371158915412255,380.83619853593734,586.4969491409774,14.680745011125106,17.709974737069,0.385731423478589,450.058793071889,16.191046818902382,0.3289351622395033,0.44252768471767473,409.07484441513697,491.04274172864103,15.348162461114677,17.033931176690086
"['Lignin (wt%)', 'Co-polyol type (PTHF)', 'r', 'Isocyanate (mmol NCO)', 'Isocyonate type', 'tin(II) octoate', 'Sratio(%)']",7,500,0.3241571667675652,483.0286172617451,16.180517310046415,0.21018684361736595,0.4381274899177644,380.399238892498,585.6579956309923,14.679330289184467,17.681704330908364,0.3840328016314113,451.3036837563128,16.21032906765395,0.32618188038170537,0.4418837228811172,409.5376504262785,493.0697170863471,15.345973590886075,17.074684544421828
"['Lignin (wt%)', 'Co-polyol type (PTHF)', 'r', 'Isocyanate (mmol NCO)', 'Isocyonate type', 'tin(II) octoate', 'Sratio(%)']",7,600,0.32483207319704893,482.7337519058615,16.115602360697174,0.20833531783624484,0.44132882855785305,377.92262564669556,587.5448781650274,14.590500573939751,17.6407041474546,0.38573829414097793,450.0348570686053,16.167574288112046,0.32864897118020414,0.4428276171017517,409.0217692294228,491.0479449077878,15.326851567527417,17.008297008696676
"['Lignin (wt%)', 'Co-polyol type (PTHF)', 'r', 'Isocyanate (mmol NCO)', 'Isocyonate type', 'tin(II) octoate', 'Sratio(%)']",7,700,0.3247965327825474,482.7380523476181,16.12301323342147,0.20632413588530096,0.4432689296797938,376.2939472090588,589.1821574861774,14.60046780156271,17.645558665280234,0.3844266875683856,450.9724170785729,16.184011819129502,0.32588102867367474,0.44297234646309647,409.0638883292279,492.8809458279179,15.325103287007435,17.042920351251567
"['Lignin (wt%)', 'Co-polyol type (PTHF)', 'r', 'Isocyanate (mmol NCO)', 'Isocyonate type', 'tin(II) octoate', 'Sratio(%)']",7,800,0.3241811060339235,483.2090346252568,16.130848892673917,0.20398294009408624,0.4443792719737608,375.33600102649655,591.082068224017,14.603989907485158,17.657707877862677,0.3845633203470034,450.86857681775166,16.18135029645382,0.3261672637134903,0.4429593769805165,409.0990044370501,492.6381491984532,15.324852402009139,17.037848190898504
"['Lignin (wt%)', 'Co-polyol type (PTHF)', 'r', 'Isocyanate (mmol NCO)', 'Isocyonate type', 'tin(II) octoate', 'Sratio(%)']",7,900,0.3241654423201152,483.22321666526966,16.13434759948425,0.2039697582547027,0.44436112638552766,375.39170372811355,591.0547296024258,14.604618088826031,17.664077110142472,0.38394261934251944,451.3174414331367,16.189050841962096,0.32532525231776116,0.4425599863672777,409.41710526509934,493.2177776011741,15.329620711187816,17.048480972736378
"['Lignin (wt%)', 'Co-polyol type (PTHF)', 'r', 'Isocyanate (mmol NCO)', 'Isocyonate type', 'tin(II) octoate', 'Sratio(%)']",7,1000,0.3239641927154765,483.45880504844564,16.12587562609685,0.2022230961668594,0.4457052892640936,374.2237172403523,592.693892856539,14.588446157475325,17.663305094718375,0.384188427973709,451.147031186391,16.1853361506292,0.32534139770309134,0.44303545824432666,409.0198997208457,493.27416265193636,15.321150265632571,17.04952203562583
"['Lignin (wt%)', 'Co-polyol type (PTHF)', 'r', 'Copolyol (wt%)', 'Isocyanate (wt%)', 'Isocyanate (mmol NCO)', 'Isocyonate type', 'tin(II) octoate']",8,1,0.28546360091882683,501.6154169736068,17.19102898807109,0.15777484725286547,0.41315235458478816,424.8081161350565,578.4227178121571,16.222923969264542,18.159134006877636,0.3085598928099784,506.77880850560103,17.371237850066727,0.25353808901883873,0.3635816966011181,466.0828855331225,547.4747314780795,16.422437459760644,18.32003824037281
"['Lignin (wt%)', 'Co-polyol type (PTHF)', 'r', 'Copolyol (wt%)', 'Isocyanate (wt%)', 'Isocyanate (mmol NCO)', 'Isocyonate type', 'tin(II) octoate']",8,10,0.25612442309981376,529.9898753201487,17.118329772321964,0.14279074835374816,0.36945809784587935,432.30857200126775,627.6711786390297,15.662917423003467,18.57374212164046,0.35452665703265346,473.3027364238031,16.57200254169181,0.3087475972630999,0.400305716802207,437.5623683613028,509.0431044863034,15.730305242527535,17.413699840856083
"['Lignin (wt%)', 'Co-polyol type (PTHF)', 'r', 'Copolyol (wt%)', 'Isocyanate (wt%)', 'Isocyanate (mmol NCO)', 'Isocyonate type', 'tin(II) octoate']",8,50,0.2611948305787829,526.0877036546339,16.856486421956976,0.11969363562328522,0.4026960255342806,410.8634110810202,641.3119962282475,15.187618986857954,18.525353857055997,0.35798954213753664,470.68294520394875,16.536125060330882,0.30809435809419017,0.4078847261808831,432.77300670636447,508.592883701533,15.621319186949762,17.450930933712
"['Lignin (wt%)', 'Co-polyol type (PTHF)', 'r', 'Copolyol (wt%)', 'Isocyanate (wt%)', 'Isocyanate (mmol NCO)', 'Isocyonate type', 'tin(II) octoate']",8,100,0.27262750341804853,517.4054383845653,16.904369839344543,0.13530937892658784,0.4099456279095092,403.777746484405,631.0331302847256,15.35337159683024,18.455368081858847,0.34585345763721664,479.671854044668,16.683249536399565,0.29443066297163467,0.3972762523027986,440.16502390252845,519.1786841868076,15.744180198403662,17.622318874395468
"['Lignin (wt%)', 'Co-polyol type (PTHF)', 'r', 'Copolyol (wt%)', 'Isocyanate (wt%)', 'Isocyanate (mmol NCO)', 'Isocyonate type', 'tin(II) octoate']",8,200,0.2651617158648429,522.8322565281991,16.913530396864505,0.12368702480694999,0.4066364069227358,407.3534572460484,638.3110558103498,15.334949377058475,18.492111416670536,0.3506639646389679,476.0618042591166,16.640144260390677,0.29958283841939043,0.4017450908585453,437.30997283635054,514.8136356818827,15.717481692704256,17.5628068280771
"['Lignin (wt%)', 'Co-polyol type (PTHF)', 'r', 'Copolyol (wt%)', 'Isocyanate (wt%)', 'Isocyanate (mmol NCO)', 'Isocyonate type', 'tin(II) octoate']",8,300,0.2569885388056877,528.6356762061781,17.028480361310574,0.11546220540712016,0.3985148722042553,414.1963057607458,643.0750466516105,15.425312553788022,18.631648168833127,0.35068888190312164,475.9492222700516,16.62328905677157,0.2982795439612226,0.4030982198450207,436.8360495168148,515.0623950232884,15.695655158847417,17.55092295469572
"['Lignin (wt%)', 'Co-polyol type (PTHF)', 'r', 'Copolyol (wt%)', 'Isocyanate (wt%)', 'Isocyanate (mmol NCO)', 'Isocyonate type', 'tin(II) octoate']",8,400,0.25524052905707917,530.2978005665659,17.007060935560013,0.11524823162928535,0.395232826484873,415.129194026967,645.4664071061648,15.381046133590292,18.633075737529733,0.3539265961466323,473.54414617218,16.57228256585865,0.30260232842524426,0.40525086386802034,435.3768822419004,511.7114101024596,15.670254399945614,17.474310731771684
"['Lignin (wt%)', 'Co-polyol type (PTHF)', 'r', 'Copolyol (wt%)', 'Isocyanate (wt%)', 'Isocyanate (mmol NCO)', 'Isocyonate type', 'tin(II) octoate']",8,500,0.26466679361932205,524.048966453273,16.882980687341806,0.11685856027811953,0.41247502696052457,403.0615118188271,645.036421087719,15.191368635476593,18.57459273920702,0.3543186347471551,473.2612471222604,16.559398945988477,0.30126834989300394,0.4073689196013062,433.7928720961938,512.729622148327,15.642499080656734,17.47629881132022
"['Lignin (wt%)', 'Co-polyol type (PTHF)', 'r', 'Copolyol (wt%)', 'Isocyanate (wt%)', 'Isocyanate (mmol NCO)', 'Isocyonate type', 'tin(II) octoate']",8,600,0.26486427481431907,523.799766883872,16.852781053191073,0.1153158654377543,0.41441268419088384,401.59276882662414,646.00676494112,15.13084778791426,18.574714318467887,0.3557212223770704,472.2271498161025,16.537165963603655,0.3022531283426319,0.40918931641150885,432.4759260379756,511.97837359422937,15.617731074717607,17.456600852489704
"['Lignin (wt%)', 'Co-polyol type (PTHF)', 'r', 'Copolyol (wt%)', 'Isocyanate (wt%)', 'Isocyanate (mmol NCO)', 'Isocyonate type', 'tin(II) octoate']",8,700,0.2652497678349025,523.4780541062016,16.83205160922146,0.11509500563944325,0.41540453003036176,400.867053414023,646.0890547983802,15.096620928377302,18.567482290065616,0.35687320860218863,471.3769858403442,16.518293467567613,0.3029553416581528,0.41079107554622446,431.3149968598835,511.43897482080496,15.590797022518817,17.44578991261641
"['Lignin (wt%)', 'Co-polyol type (PTHF)', 'r', 'Copolyol (wt%)', 'Isocyanate (wt%)', 'Isocyanate (mmol NCO)', 'Isocyonate type', 'tin(II) octoate']",8,800,0.26816089258998266,521.4806643384306,16.789070586434256,0.11743316704503975,0.41888861813492556,398.144048924638,644.8172797522233,15.035820547510054,18.542320625358457,0.3568109774294069,471.42117960374816,16.50925069245483,0.30282931948580755,0.4107926353730062,431.3246545931744,511.51770461432193,15.579852685886381,17.43864869902328
"['Lignin (wt%)', 'Co-polyol type (PTHF)', 'r', 'Copolyol (wt%)', 'Isocyanate (wt%)', 'Isocyanate (mmol NCO)', 'Isocyonate type', 'tin(II) octoate']",8,900,0.27159715880931706,518.9682138045952,16.752609765059137,0.12129380851492022,0.4219005091037139,396.0234406291484,641.9129869800419,15.002572984788019,18.502646545330258,0.3555586842571504,472.3272468192413,16.527561153465978,0.29938106951007293,0.4117362990042279,430.7065045461959,513.9479890922867,15.5577634322105,17.497358874721456
"['Lignin (wt%)', 'Co-polyol type (PTHF)', 'r', 'Copolyol (wt%)', 'Isocyanate (wt%)', 'Isocyanate (mmol NCO)', 'Isocyonate type', 'tin(II) octoate']",8,1000,0.27175617950583575,518.8902983748557,16.74413555208279,0.12133708629989476,0.42217527271177674,395.666332350277,642.1142643994343,14.994509920621198,18.49376118354438,0.3556869119025738,472.23290705714925,16.528132805732533,0.29928688235380796,0.4120869414513396,430.45381740601476,514.0119967082837,15.556060005719173,17.500205605745894
"['Lignin (wt%)', 'Co-polyol type (PTHF)', 'r', 'Copolyol (wt%)', 'Isocyanate (wt%)', 'Isocyanate (mmol NCO)', 'Isocyonate type', 'Sratio(%)']",8,1,0.2280438386579569,551.1438158232447,17.639273695968683,0.09658571698739307,0.3595019603285208,435.0590283023129,667.2286033441765,16.288346056496287,18.99020133544108,0.31582627619720965,502.0125105617279,17.52675733670525,0.2642886419966263,0.36736391039779304,460.05539537584565,543.9696257476102,16.576314208718472,18.477200464692025
"['Lignin (wt%)', 'Co-polyol type (PTHF)', 'r', 'Copolyol (wt%)', 'Isocyanate (wt%)', 'Isocyanate (mmol NCO)', 'Isocyonate type', 'Sratio(%)']",8,10,0.26121136375744647,528.5901181842435,16.99127133554088,0.13689641422608922,0.3855263132888037,414.3458847412924,642.8343516271946,15.600850061006097,18.38169261007566,0.3882525325098059,448.69377941899967,16.367719247103338,0.3385724972999536,0.4379325677196582,409.57873529318005,487.8088235448193,15.503289711573629,17.232148782633047
"['Lignin (wt%)', 'Co-polyol type (PTHF)', 'r', 'Copolyol (wt%)', 'Isocyanate (wt%)', 'Isocyanate (mmol NCO)', 'Isocyonate type', 'Sratio(%)']",8,50,0.26563910583591943,526.6342497384237,16.737183881606178,0.1369950506914629,0.39428316098037597,406.8350660305968,646.4334334462505,15.36060670001197,18.113761063200386,0.39457721708331683,444.0463815964745,16.114914615913037,0.338986370356802,0.45016806380983165,401.0877720978242,487.00499109512475,15.20077787633083,17.029051355495245
"['Lignin (wt%)', 'Co-polyol type (PTHF)', 'r', 'Copolyol (wt%)', 'Isocyanate (wt%)', 'Isocyanate (mmol NCO)', 'Isocyonate type', 'Sratio(%)']",8,100,0.2646551699896328,526.8690734348196,16.762801935651503,0.13030306497099353,0.39900727500827204,405.1655163496476,648.5726305199917,15.356922060537062,18.168681810765943,0.39730179475668637,441.94142752245625,16.111242311815026,0.34739381517158135,0.4472097743417914,403.65867801572585,480.22417702918665,15.26517044112474,16.957314182505314
"['Lignin (wt%)', 'Co-polyol type (PTHF)', 'r', 'Copolyol (wt%)', 'Isocyanate (wt%)', 'Isocyanate (mmol NCO)', 'Isocyonate type', 'Sratio(%)']",8,200,0.25015181182483864,537.396277048958,16.961137191207868,0.1162415262030278,0.3840620974466495,413.69522514145456,661.0973289564615,15.614362133953886,18.30791224846185,0.38849413634920266,448.46603405728837,16.229954333593057,0.3341517651712948,0.4428365075271105,406.70812300650226,490.2239451080745,15.374993056743328,17.084915610442785
"['Lignin (wt%)', 'Co-polyol type (PTHF)', 'r', 'Copolyol (wt%)', 'Isocyanate (wt%)', 'Isocyanate (mmol NCO)', 'Isocyonate type', 'Sratio(%)']",8,300,0.2550110865333036,534.1600914787722,16.885110511937903,0.12365743685438288,0.38636473621222434,412.6156394205542,655.7045435369902,15.47163428452077,18.298586739355038,0.3880676284565732,448.80159769796364,16.200631171651757,0.3315690272517,0.44456622966144643,405.3408445748364,492.2623508210909,15.30725602446,17.094006318843512
"['Lignin (wt%)', 'Co-polyol type (PTHF)', 'r', 'Copolyol (wt%)', 'Isocyanate (wt%)', 'Isocyanate (mmol NCO)', 'Isocyonate type', 'Sratio(%)']",8,400,0.26975695956482093,523.553241324583,16.618442703600184,0.13327302723780757,0.4062408918918343,399.497527938667,647.608954710499,15.262394024341976,17.974491382858393,0.38775818694945974,449.0052172193815,16.169502602838588,0.33152892725070554,0.44398744664821393,405.83893845158326,492.17149598717975,15.283032379422238,17.055972826254937
"['Lignin (wt%)', 'Co-polyol type (PTHF)', 'r', 'Copolyol (wt%)', 'Isocyanate (wt%)', 'Isocyanate (mmol NCO)', 'Isocyonate type', 'Sratio(%)']",8,500,0.2673457697045093,525.4924423603485,16.604834071681104,0.12850772078090825,0.40618381862811037,399.13409013349406,651.8507945872029,15.226044563155122,17.983623580207084,0.38725071434696706,449.3690696335804,16.17180875763848,0.3307385079299537,0.44376292076398044,406.0557830401381,492.6823562270227,15.282339998179703,17.06127751709726
"['Lignin (wt%)', 'Co-polyol type (PTHF)', 'r', 'Copolyol (wt%)', 'Isocyanate (wt%)', 'Isocyanate (mmol NCO)', 'Isocyonate type', 'Sratio(%)']",8,600,0.2710122549213925,523.2722532724451,16.56846624673843,0.1296263986045391,0.412398111238246,394.8409469281626,651.7035596167277,15.146529771429389,17.990402722047474,0.387244648109802,449.36332559532696,16.165603194689275,0.33077658373817115,0.4437127124814329,406.1401188900759,492.586532300578,15.275217281017689,17.055989108360862
"['Lignin (wt%)', 'Co-polyol type (PTHF)', 'r', 'Copolyol (wt%)', 'Isocyanate (wt%)', 'Isocyanate (mmol NCO)', 'Isocyonate type', 'Sratio(%)']",8,700,0.2672029482572751,526.4049703063681,16.595027950202567,0.12723698179976944,0.4071689147147807,398.0436168786946,654.7663237340416,15.186511839499042,18.003544060906094,0.38844031392390893,448.51176968398494,16.148282363571965,0.3331807767094149,0.44369985113840293,405.9473551641847,491.07618420378515,15.274934952532574,17.021629774611355
"['Lignin (wt%)', 'Co-polyol type (PTHF)', 'r', 'Copolyol (wt%)', 'Isocyanate (wt%)', 'Isocyanate (mmol NCO)', 'Isocyonate type', 'Sratio(%)']",8,800,0.27302988399662975,521.9143303664557,16.50490660835749,0.1356030959469334,0.4104566720463261,395.8020074323839,648.0266533005275,15.084395863618454,17.925417353096528,0.3894937515313518,447.73735682250236,16.133643159298323,0.3335993019813981,0.4453882010813055,404.74841689839093,490.7262967466138,15.255930323055878,17.011355995540768
"['Lignin (wt%)', 'Co-polyol type (PTHF)', 'r', 'Copolyol (wt%)', 'Isocyanate (wt%)', 'Isocyanate (mmol NCO)', 'Isocyonate type', 'Sratio(%)']",8,900,0.2768145645865957,519.3086675521761,16.46504340668232,0.13825492024108382,0.4153742089321076,392.48723004919594,646.1301050551562,15.033608707969897,17.896478105394742,0.3904627779798493,447.0147796973447,16.096410174632467,0.3355534220054611,0.44537213395423747,404.7960600580974,489.233499336592,15.252280146229388,16.940540203035546
"['Lignin (wt%)', 'Co-polyol type (PTHF)', 'r', 'Copolyol (wt%)', 'Isocyanate (wt%)', 'Isocyanate (mmol NCO)', 'Isocyonate type', 'Sratio(%)']",8,1000,0.27941131403607505,517.2654690596694,16.443082559900045,0.14463823580937105,0.41418439226277903,393.3201065952885,641.2108315240503,15.039177727964947,17.846987391835142,0.3905490443939475,446.9518458570436,16.090666701125336,0.33542555580488287,0.4456725329830121,404.5903922081196,489.3132995059676,15.24433480521783,16.93699859703284
"['Lignin (wt%)', 'Co-polyol type (PTHF)', 'r', 'Copolyol (wt%)', 'Isocyanate (wt%)', 'Isocyanate (mmol NCO)', 'tin(II) octoate', 'Sratio(%)']",8,1,0.30655956613437363,487.9823493047141,16.928865676575214,0.20575301322739642,0.40736611904135084,424.0925124583494,551.8721861510787,16.013164570411288,17.84456678273914,0.3223101866852055,496.7627734838658,17.264418886709816,0.2702407133680453,0.3743796600023657,457.48515667398516,536.0403902937464,16.308936841661065,18.219900931758566
"['Lignin (wt%)', 'Co-polyol type (PTHF)', 'r', 'Copolyol (wt%)', 'Isocyanate (wt%)', 'Isocyanate (mmol NCO)', 'tin(II) octoate', 'Sratio(%)']",8,10,0.29478445749405024,502.5577041493849,16.82517390263526,0.19522462626183507,0.3943442887262654,415.33186665840594,589.7835416403639,15.606595417692102,18.04375238757842,0.3688121867999187,462.6658305173511,16.587079796130272,0.32735703285275297,0.4102673407470844,431.5443810169934,493.7872800177088,15.950414822060454,17.223744770200092
"['Lignin (wt%)', 'Co-polyol type (PTHF)', 'r', 'Copolyol (wt%)', 'Isocyanate (wt%)', 'Isocyanate (mmol NCO)', 'tin(II) octoate', 'Sratio(%)']",8,50,0.30788486030769996,492.79055175289295,16.45008203821434,0.20543480576603618,0.41033491484936374,403.1466839503776,582.4344195554083,15.225678830924966,17.674485245503714,0.37149056077393505,460.8801513735419,16.465154744713992,0.31956897006487606,0.42341215148299405,421.23519050994685,500.5251122371369,15.629628466736209,17.300681022691773
"['Lignin (wt%)', 'Co-polyol type (PTHF)', 'r', 'Copolyol (wt%)', 'Isocyanate (wt%)', 'Isocyanate (mmol NCO)', 'tin(II) octoate', 'Sratio(%)']",8,100,0.3057954731083787,493.71916806224215,16.48029387112292,0.20871152962462317,0.4028794165921342,408.5876487032737,578.8506874212105,15.358191204685427,17.602396537560413,0.374752810441487,458.25467385771344,16.41010465754442,0.32107888450634003,0.428426736376634,418.91393842308173,497.59540929234515,15.600278814120255,17.219930500968584
"['Lignin (wt%)', 'Co-polyol type (PTHF)', 'r', 'Copolyol (wt%)', 'Isocyanate (wt%)', 'Isocyanate (mmol NCO)', 'tin(II) octoate', 'Sratio(%)']",8,200,0.31068555659661934,491.00802478099405,16.374973532454668,0.20856614652848082,0.41280496666475786,399.28750229835686,582.7285472636313,15.287562781521796,17.46238428338754,0.37515452922873943,458.0021674359797,16.43220259507089,0.32343657687175537,0.4268724815857235,419.9058252974131,496.09850957454626,15.654157153867265,17.210248036274518
"['Lignin (wt%)', 'Co-polyol type (PTHF)', 'r', 'Copolyol (wt%)', 'Isocyanate (wt%)', 'Isocyanate (mmol NCO)', 'tin(II) octoate', 'Sratio(%)']",8,300,0.3090107192360494,492.242037430064,16.428695519708203,0.20975909519930233,0.4082623432727964,403.57536706145623,580.9087077986717,15.214984979726696,17.642406059689712,0.37506218941719194,458.1674552025881,16.409280026387897,0.32200601279505736,0.4281183660393265,418.44187420294213,497.89303620223404,15.63819525253969,17.180364800236106
"['Lignin (wt%)', 'Co-polyol type (PTHF)', 'r', 'Copolyol (wt%)', 'Isocyanate (wt%)', 'Isocyanate (mmol NCO)', 'tin(II) octoate', 'Sratio(%)']",8,400,0.3096879916814854,491.99591387534076,16.398826549830197,0.20815445212956796,0.4112215312334029,401.6306327373113,582.3611950133702,15.157498597753214,17.64015450190718,0.37434529050788157,458.6886288760825,16.398792077425647,0.321850546162346,0.42684003485341715,419.3495869147257,498.02767083743925,15.63816970011979,17.159414454731504
"['Lignin (wt%)', 'Co-polyol type (PTHF)', 'r', 'Copolyol (wt%)', 'Isocyanate (wt%)', 'Isocyanate (mmol NCO)', 'tin(II) octoate', 'Sratio(%)']",8,500,0.30539869192825886,494.99377244857453,16.46667889758056,0.20413279167169956,0.40666459218481815,404.73426818310384,585.2532767140452,15.205736604058828,17.727621191102294,0.3733662730433357,459.40564907166953,16.406254117964306,0.32037463420054596,0.42635791188612543,419.6931936589353,499.1181044844038,15.628286470231133,17.184221765697476
"['Lignin (wt%)', 'Co-polyol type (PTHF)', 'r', 'Copolyol (wt%)', 'Isocyanate (wt%)', 'Isocyanate (mmol NCO)', 'tin(II) octoate', 'Sratio(%)']",8,600,0.30507784030499646,495.3850892744451,16.465488170533625,0.20146984774828333,0.40868583286170956,403.1108133132388,587.6593652356514,15.198330152543816,17.732646188523436,0.3734646881075179,459.31284289789016,16.388620480889674,0.320403495171888,0.42652588104314776,419.6851009463965,498.9405848493838,15.593380547987122,17.183860413792228
"['Lignin (wt%)', 'Co-polyol type (PTHF)', 'r', 'Copolyol (wt%)', 'Isocyanate (wt%)', 'Isocyanate (mmol NCO)', 'tin(II) octoate', 'Sratio(%)']",8,700,0.3075818680319381,493.6651626837726,16.394264368674587,0.20251496577911776,0.41264877028475844,400.2460968355113,587.084228532034,15.111568663792315,17.67696007355686,0.3747367273081237,458.369694813228,16.339910339130466,0.3217376928006626,0.42773576181558476,418.87817843656177,497.8612111898943,15.571639865899096,17.108180812361837
"['Lignin (wt%)', 'Co-polyol type (PTHF)', 'r', 'Copolyol (wt%)', 'Isocyanate (wt%)', 'Isocyanate (mmol NCO)', 'tin(II) octoate', 'Sratio(%)']",8,800,0.30769252296461425,493.5594797421451,16.391969914238437,0.20227792741248612,0.41310711851674237,399.7647283927312,587.354231091559,15.1183325214392,17.665607307037675,0.37507531176559505,458.1174924084263,16.33296058594171,0.3221125294768473,0.4280380940543428,418.6696588364008,497.5653259804518,15.566661999573864,17.099259172309555
"['Lignin (wt%)', 'Co-polyol type (PTHF)', 'r', 'Copolyol (wt%)', 'Isocyanate (wt%)', 'Isocyanate (mmol NCO)', 'tin(II) octoate', 'Sratio(%)']",8,900,0.30716142051965456,493.7984735921083,16.353660673732616,0.2027065282531118,0.4116163127861973,400.7508940071577,586.8460531770588,15.072446991379561,17.63487435608567,0.37504691335608875,458.13870470427037,16.32142860435755,0.32240805398135086,0.42768577273082664,418.9085464895657,497.368862918975,15.565570270017918,17.07728693869718
"['Lignin (wt%)', 'Co-polyol type (PTHF)', 'r', 'Copolyol (wt%)', 'Isocyanate (wt%)', 'Isocyanate (mmol NCO)', 'tin(II) octoate', 'Sratio(%)']",8,1000,0.307307364631462,493.7518530661532,16.337538666549968,0.20239784305664393,0.4122168862062801,400.1837543755446,587.3199517567618,15.055163156402667,17.619914176697268,0.3750025355434069,458.17814864559443,16.32025236186262,0.3221235116418584,0.42788155944495543,418.74483997816145,497.6114573130274,15.562525086161957,17.07797963756329
"['Lignin (wt%)', 'Co-polyol type (PTHF)', 'r', 'Copolyol (wt%)', 'Isocyanate (wt%)', 'Isocyonate type', 'tin(II) octoate', 'Sratio(%)']",8,1,0.33981024378375685,464.34124777526193,16.040896287540782,0.22261252762372113,0.45700795994379256,388.62722001529585,540.055275535228,14.802033486216008,17.279759088865557,0.3462249053737605,478.9889144643622,16.849262107581698,0.30083517237498725,0.39161463837253374,446.2408317197175,511.7369972090069,16.018847764709555,17.67967645045384
"['Lignin (wt%)', 'Co-polyol type (PTHF)', 'r', 'Copolyol (wt%)', 'Isocyanate (wt%)', 'Isocyonate type', 'tin(II) octoate', 'Sratio(%)']",8,10,0.349952319272446,460.14804094851263,16.09836215610155,0.2523780804405137,0.44752655810437836,386.7755589586827,533.5205229383425,14.897440551548812,17.29928376065429,0.39158495691018425,445.61356727718885,16.10044756030334,0.35274030081231217,0.4304296130080563,419.38588009057906,471.84125446379863,15.529100757956995,16.67179436264969
"['Lignin (wt%)', 'Co-polyol type (PTHF)', 'r', 'Copolyol (wt%)', 'Isocyanate (wt%)', 'Isocyonate type', 'tin(II) octoate', 'Sratio(%)']",8,50,0.3800680919235935,437.95807563815896,15.478136775438951,0.2795191150409838,0.48061706880620314,366.28858267129255,509.6275686050254,14.506570846524818,16.449702704353083,0.40051532503634285,439.2688866853832,15.9074973363309,0.3584809177010694,0.4425497323716163,409.00701836922656,469.5307550015399,15.300394333538206,16.514600339123596
"['Lignin (wt%)', 'Co-polyol type (PTHF)', 'r', 'Copolyol (wt%)', 'Isocyanate (wt%)', 'Isocyonate type', 'tin(II) octoate', 'Sratio(%)']",8,100,0.3642102447062011,449.75617754327476,15.725039710436931,0.2720633274207127,0.4563571619916895,381.9302929933998,517.5820620931497,14.668323906061312,16.781755514812552,0.3997811194270421,439.72513316481246,15.910089822316667,0.35651599957586544,0.44304623927821873,409.291358752788,470.1589075768369,15.288134598027474,16.53204504660586
"['Lignin (wt%)', 'Co-polyol type (PTHF)', 'r', 'Copolyol (wt%)', 'Isocyanate (wt%)', 'Isocyonate type', 'tin(II) octoate', 'Sratio(%)']",8,200,0.35341279682794785,457.72966443004,15.731586550503343,0.25946784760021496,0.44735774605568074,386.6225170926622,528.8368117674178,14.669007143429974,16.794165957576713,0.4059218946677035,435.38076989188585,15.820037934391019,0.3649821405268752,0.4468616488085318,405.38254498990636,465.37899479386533,15.247253753205168,16.39282211557687
"['Lignin (wt%)', 'Co-polyol type (PTHF)', 'r', 'Copolyol (wt%)', 'Isocyanate (wt%)', 'Isocyonate type', 'tin(II) octoate', 'Sratio(%)']",8,300,0.3563256938079801,455.57745155279173,15.689494056432043,0.25999780508290704,0.4526535825330532,383.8372122021598,527.3176909034237,14.563445939364366,16.81554217349972,0.40205887985775046,438.22021876796043,15.89405038161198,0.36355635300452455,0.4405614067109764,409.88735789678225,466.5530796391386,15.369513010649635,16.418587752574325
"['Lignin (wt%)', 'Co-polyol type (PTHF)', 'r', 'Copolyol (wt%)', 'Isocyanate (wt%)', 'Isocyonate type', 'tin(II) octoate', 'Sratio(%)']",8,400,0.3566552790830286,455.39101014981645,15.67627329817898,0.2590065481247534,0.4543040100413038,382.75449148757195,528.027528812061,14.56556185818249,16.786984738175473,0.40058026158062654,439.26575554236445,15.89636850086668,0.36093467171404914,0.44022585144720394,410.45678051661884,468.07473056811006,15.355390369374811,16.43734663235855
"['Lignin (wt%)', 'Co-polyol type (PTHF)', 'r', 'Copolyol (wt%)', 'Isocyanate (wt%)', 'Isocyonate type', 'tin(II) octoate', 'Sratio(%)']",8,500,0.35470415108809195,456.57498165840025,15.719437791338333,0.25847643849048085,0.45093186368570304,385.5934231984265,527.556540118374,14.660503301385798,16.778372281290867,0.398835953311086,440.5224542515887,15.92603899254478,0.35835233234786423,0.4393195742743078,411.28013302336217,469.7647754798153,15.358611795239165,16.493466189850395
"['Lignin (wt%)', 'Co-polyol type (PTHF)', 'r', 'Copolyol (wt%)', 'Isocyanate (wt%)', 'Isocyonate type', 'tin(II) octoate', 'Sratio(%)']",8,600,0.3548196666954965,456.6151390720303,15.737560769410484,0.25980732173464427,0.4498320116563488,386.32154366224773,526.9087344818129,14.686225116342918,16.78889642247805,0.3981667716192568,440.99683421512765,15.93047331207095,0.35782348825509525,0.43851005498341833,411.99139486846883,470.00227356178647,15.36172538022504,16.499221243916857
"['Lignin (wt%)', 'Co-polyol type (PTHF)', 'r', 'Copolyol (wt%)', 'Isocyanate (wt%)', 'Isocyonate type', 'tin(II) octoate', 'Sratio(%)']",8,700,0.3555348771192388,456.0237111359899,15.715949203842452,0.2608719138343837,0.45019784040409394,386.31535093255565,525.7320713394241,14.676446910006197,16.75545149767871,0.398235300883574,440.93514775962274,15.92348468742349,0.35731487313857496,0.43915572862857305,411.59944689411395,470.2708486251315,15.347508644675068,16.499460730171915
"['Lignin (wt%)', 'Co-polyol type (PTHF)', 'r', 'Copolyol (wt%)', 'Isocyanate (wt%)', 'Isocyonate type', 'tin(II) octoate', 'Sratio(%)']",8,800,0.3555260665689661,455.9488104212596,15.710341265598055,0.2597069531121591,0.4513451800257732,385.61762789407777,526.2799929484414,14.659461076425256,16.761221454770855,0.39855064871820767,440.6935895053607,15.908555354221182,0.3577124101022471,0.43938888733416825,411.50761729059485,469.87956172012656,15.339589304578798,16.477521403863566
"['Lignin (wt%)', 'Co-polyol type (PTHF)', 'r', 'Copolyol (wt%)', 'Isocyanate (wt%)', 'Isocyonate type', 'tin(II) octoate', 'Sratio(%)']",8,900,0.3600376525434018,453.30849167687455,15.68458440954095,0.26821990629006376,0.45185539879673986,383.2328256719753,523.3841576817738,14.620808294638065,16.748360524443832,0.3984319025217877,440.7815638070175,15.907212678036933,0.35739783538670805,0.4394659696568673,411.4407061697416,470.1224214442934,15.335637768471814,16.47878758760205
"['Lignin (wt%)', 'Co-polyol type (PTHF)', 'r', 'Copolyol (wt%)', 'Isocyanate (wt%)', 'Isocyonate type', 'tin(II) octoate', 'Sratio(%)']",8,1000,0.36138087407264124,452.3697239927095,15.658939608478287,0.26900718675208635,0.45375456139319614,381.8995681622702,522.8398798231489,14.587221205977691,16.730658010978882,0.39808672994011773,441.0341697709271,15.910351819109867,0.35686723236273576,0.4393062275174997,411.5464198522905,470.52191968956373,15.335630536357517,16.485073101862216
"['Lignin (wt%)', 'Co-polyol type (PTHF)', 'r', 'Copolyol (wt%)', 'Isocyanate (mmol NCO)', 'Isocyonate type', 'tin(II) octoate', 'Sratio(%)']",8,1,0.3098434252094002,485.96960943347494,16.955429524735575,0.21109979632975684,0.4085870540890436,422.20773097282915,549.7314878941207,16.061014452685995,17.849844596785154,0.32034606170219304,498.2931222891345,17.368939277361665,0.26456835500233317,0.3761237684020529,455.98894386119565,540.5973007170734,16.327200248883425,18.410678305839905
"['Lignin (wt%)', 'Co-polyol type (PTHF)', 'r', 'Copolyol (wt%)', 'Isocyanate (mmol NCO)', 'Isocyonate type', 'tin(II) octoate', 'Sratio(%)']",8,10,0.28864982941703227,505.74516927535086,16.650428193733575,0.18363118530777722,0.3936684735262873,417.5793246465415,593.9110139041602,15.329491476283046,17.971364911184104,0.3754190523474976,457.63047545509164,16.502151942224614,0.32762212247328476,0.4232159822217105,423.22964705869464,492.03130385148864,15.724920610081734,17.279383274367497
"['Lignin (wt%)', 'Co-polyol type (PTHF)', 'r', 'Copolyol (wt%)', 'Isocyanate (mmol NCO)', 'Isocyonate type', 'tin(II) octoate', 'Sratio(%)']",8,50,0.30462744735296826,497.8162818860998,16.256819527889434,0.18005835998480527,0.4291965347211313,384.2930974208076,611.3394663513919,14.80277288781132,17.71086616796755,0.37985230864143615,454.6094482510516,16.262078561315445,0.32030413693489906,0.43940048034797324,410.46085729492523,498.758039207178,15.298174586673191,17.225982535957698
"['Lignin (wt%)', 'Co-polyol type (PTHF)', 'r', 'Copolyol (wt%)', 'Isocyanate (mmol NCO)', 'Isocyonate type', 'tin(II) octoate', 'Sratio(%)']",8,100,0.3088719759489237,493.72042237472306,16.18178542727304,0.1768730927353118,0.44087085916253554,378.7585919851173,608.6822527643288,14.659659988266295,17.703910866279788,0.3880662992981482,448.537746224002,16.12927359605026,0.3325631901803421,0.44356940841595427,407.5814811201131,489.49401132789086,15.251733202017677,17.006813990082847
"['Lignin (wt%)', 'Co-polyol type (PTHF)', 'r', 'Copolyol (wt%)', 'Isocyanate (mmol NCO)', 'Isocyonate type', 'tin(II) octoate', 'Sratio(%)']",8,200,0.3067529400054816,495.75291440004685,16.233411119031835,0.17597627960889883,0.43752960040206434,379.5943363002776,611.9114924998162,14.838349753777909,17.628472484285762,0.38897128207739395,447.88205095628643,16.147806397126008,0.3340403663051605,0.4439021978496274,407.3947047550424,488.36939715753044,15.322849548718255,16.972763245533763
"['Lignin (wt%)', 'Co-polyol type (PTHF)', 'r', 'Copolyol (wt%)', 'Isocyanate (mmol NCO)', 'Isocyonate type', 'tin(II) octoate', 'Sratio(%)']",8,300,0.3104314654456554,492.9750837576582,16.157737033038035,0.18108847035235595,0.43977446053895486,378.7923782971937,607.1577892181226,14.701948595291682,17.61352547078439,0.38462911340912315,451.1102964894144,16.179537655602367,0.32786553799196255,0.44139268882628374,409.00976263293853,493.21083034589026,15.331281184373807,17.027794126830926
"['Lignin (wt%)', 'Co-polyol type (PTHF)', 'r', 'Copolyol (wt%)', 'Isocyanate (mmol NCO)', 'Isocyonate type', 'tin(II) octoate', 'Sratio(%)']",8,400,0.30614805649067894,495.7188948026166,16.21667128608525,0.18016450977386622,0.43213160320749167,383.71401941990155,607.7237701853317,14.857484463137443,17.57585810903306,0.3853169616744302,450.58409904441453,16.130001499088472,0.3285059582097045,0.44212796513915587,408.5164900225733,492.65170806625576,15.256231343562643,17.0037716546143
"['Lignin (wt%)', 'Co-polyol type (PTHF)', 'r', 'Copolyol (wt%)', 'Isocyanate (mmol NCO)', 'Isocyonate type', 'tin(II) octoate', 'Sratio(%)']",8,500,0.31101996509294116,493.20034393512634,16.17988004012861,0.18704474453012138,0.43499518565576095,379.8842094606608,606.5164784095919,14.81104256968966,17.548717510567556,0.3845728963043321,451.08030254278384,16.124162105953467,0.3268723466647054,0.44227344594395884,408.6801428346285,493.4804622509392,15.247832996591288,17.000491215315645
"['Lignin (wt%)', 'Co-polyol type (PTHF)', 'r', 'Copolyol (wt%)', 'Isocyanate (mmol NCO)', 'Isocyonate type', 'tin(II) octoate', 'Sratio(%)']",8,600,0.31107663372488525,493.48770223991335,16.17949481488157,0.1816283501523643,0.44052491729740617,376.5054370064105,610.4699674734162,14.677562262054321,17.681427367708817,0.3832786242753604,452.0228080180611,16.137754919260672,0.32501365336742455,0.4415435951832963,409.24979152443046,494.7958245116917,15.25230710124681,17.023202737274534
"['Lignin (wt%)', 'Co-polyol type (PTHF)', 'r', 'Copolyol (wt%)', 'Isocyanate (mmol NCO)', 'Isocyonate type', 'tin(II) octoate', 'Sratio(%)']",8,700,0.30820118987670253,495.79291220815594,16.211304289249746,0.17905089138423932,0.4373514883691657,378.6336715596011,612.9521528567108,14.701571197774381,17.72103738072511,0.38389295241248017,451.56703538196336,16.122610563109248,0.3253355684986141,0.4424503363263462,408.60068645450116,494.53338430942557,15.23709403759417,17.008127088624327
"['Lignin (wt%)', 'Co-polyol type (PTHF)', 'r', 'Copolyol (wt%)', 'Isocyanate (mmol NCO)', 'Isocyonate type', 'tin(II) octoate', 'Sratio(%)']",8,800,0.3081802026722459,495.87982174051706,16.202328106028098,0.17836345815563148,0.4379969471888603,378.1002317263657,613.6594117546684,14.696409633147685,17.70824657890851,0.3851469037163374,450.6612534175574,16.08121398543411,0.3270838128530245,0.4432099945796503,407.94916908202873,493.3733377530861,15.211497777301382,16.95093019356684
"['Lignin (wt%)', 'Co-polyol type (PTHF)', 'r', 'Copolyol (wt%)', 'Isocyanate (mmol NCO)', 'Isocyonate type', 'tin(II) octoate', 'Sratio(%)']",8,900,0.3122728834681208,493.081131282133,16.112561639179056,0.18552581617371053,0.4390199507625311,376.6569829652097,609.5052795990563,14.642994994644326,17.582128283713786,0.3854844728427017,450.40317175073625,16.057867205181644,0.3279011441994399,0.44306780148596353,408.1154736742805,492.690869827192,15.210679467447477,16.90505494291581
"['Lignin (wt%)', 'Co-polyol type (PTHF)', 'r', 'Copolyol (wt%)', 'Isocyanate (mmol NCO)', 'Isocyonate type', 'tin(II) octoate', 'Sratio(%)']",8,1000,0.31282307672209375,492.6704345804953,16.098696945344436,0.18604155395517818,0.4396045994890093,376.24036064223884,609.1005085187517,14.631917405728096,17.565476484960776,0.3852883237685832,450.5527540342053,16.059630843607255,0.32731434174846136,0.443262305788705,407.953623215483,493.1518848529276,15.206718057965771,16.91254362924874
"['Lignin (wt%)', 'Co-polyol type (PTHF)', 'r', 'Isocyanate (wt%)', 'Isocyanate (mmol NCO)', 'Isocyonate type', 'tin(II) octoate', 'Sratio(%)']",8,1,0.2862101215209041,505.4095702854994,16.796524411463025,0.17446927421012537,0.3979509688316828,422.2283767457491,588.5907638252497,15.280995079679442,18.312053743246608,0.35498385798527377,472.92006660695426,16.700131887531278,0.30570459736188477,0.40426311860866276,435.0665860635884,510.77354715032016,15.741054853219373,17.65920892184318
"['Lignin (wt%)', 'Co-polyol type (PTHF)', 'r', 'Isocyanate (wt%)', 'Isocyanate (mmol NCO)', 'Isocyonate type', 'tin(II) octoate', 'Sratio(%)']",8,10,0.27597833824374807,513.0269354780997,16.85530138588327,0.17492600195783023,0.3770306745296659,431.7165798474855,594.337291108714,15.707982511516677,18.002620260249863,0.3903891317191889,446.882666142549,16.325137440949014,0.3444929194881981,0.43628534395017965,412.2751678488509,481.4901644362471,15.610169417309118,17.04010546458891
"['Lignin (wt%)', 'Co-polyol type (PTHF)', 'r', 'Isocyanate (wt%)', 'Isocyanate (mmol NCO)', 'Isocyonate type', 'tin(II) octoate', 'Sratio(%)']",8,50,0.29564051379017037,500.90969991707215,16.6263424150145,0.18768492672662213,0.4035961008537186,408.76770891280484,593.0516909213395,15.362252588190305,17.890432241838692,0.39216160773090636,445.7011004035341,16.20658969475938,0.34619496475210787,0.43812825070970485,410.36037917911557,481.04182162795263,15.522574932705167,16.890604456813595
"['Lignin (wt%)', 'Co-polyol type (PTHF)', 'r', 'Isocyanate (wt%)', 'Isocyanate (mmol NCO)', 'Isocyonate type', 'tin(II) octoate', 'Sratio(%)']",8,100,0.2798062378896337,510.581974735509,16.697688794941065,0.16028071136944105,0.3993317644098264,415.794215820759,605.3697336502589,15.54314173508552,17.85223585479661,0.3948903238281286,443.6027348560352,16.17998505573197,0.34977490383531334,0.4400057438209439,409.5187195909433,477.68675012112715,15.468665560774152,16.891304550689785
"['Lignin (wt%)', 'Co-polyol type (PTHF)', 'r', 'Isocyanate (wt%)', 'Isocyanate (mmol NCO)', 'Isocyonate type', 'tin(II) octoate', 'Sratio(%)']",8,200,0.2813288958636155,509.6776024478257,16.709080012373125,0.16247208341514288,0.4001857083120881,413.9453581876329,605.4098467080184,15.52224181462446,17.895918210121792,0.3857398493668876,450.19877381869657,16.319707487074204,0.3352683088496837,0.43621138988409147,413.07734383449167,487.32020380290146,15.544883517210138,17.09453145693827
"['Lignin (wt%)', 'Co-polyol type (PTHF)', 'r', 'Isocyanate (wt%)', 'Isocyanate (mmol NCO)', 'Isocyonate type', 'tin(II) octoate', 'Sratio(%)']",8,300,0.29746801410283086,498.92056726723587,16.567066616068153,0.18813070604877238,0.40680532215688936,407.64213455651037,590.1989999779614,15.35003354289641,17.784099689239895,0.38279618619438416,452.4280845019337,16.35408604096754,0.33541365330354833,0.43017871908522,417.06680872331134,487.7893602805561,15.647806100056036,17.06036598187905
"['Lignin (wt%)', 'Co-polyol type (PTHF)', 'r', 'Isocyanate (wt%)', 'Isocyanate (mmol NCO)', 'Isocyonate type', 'tin(II) octoate', 'Sratio(%)']",8,400,0.29934852302135034,497.9543228929635,16.56444051977188,0.19038730619682803,0.40830973984587265,405.40066164695685,590.5079841389702,15.32415423370672,17.80472680583704,0.38108875451385404,453.70681772122606,16.385929337014637,0.3323135781793733,0.4298639308483348,417.12355381565044,490.2900816268017,15.638977599087434,17.13288107494184
"['Lignin (wt%)', 'Co-polyol type (PTHF)', 'r', 'Isocyanate (wt%)', 'Isocyanate (mmol NCO)', 'Isocyonate type', 'tin(II) octoate', 'Sratio(%)']",8,500,0.29710936116834946,499.52272342453335,16.568740102923375,0.1857757473773173,0.40844297495938164,405.3690494966986,593.6763973523681,15.307285208500508,17.830194997346243,0.37928390988792265,455.0390241467336,16.408515436001025,0.3288173374201766,0.4297504823556687,417.21859100055906,492.85945729290813,15.624131762255686,17.192899109746364
"['Lignin (wt%)', 'Co-polyol type (PTHF)', 'r', 'Isocyanate (wt%)', 'Isocyanate (mmol NCO)', 'Isocyonate type', 'tin(II) octoate', 'Sratio(%)']",8,600,0.3037371257905277,495.63175883358656,16.516383632594334,0.18802819927691183,0.41944605230414356,397.23519660707257,594.0283210601006,15.17992087465127,17.852846390537398,0.3805420867154515,454.10829538339806,16.374595927751017,0.3286717681036309,0.43241240532727204,415.3282102978266,492.8883804689695,15.56875631560223,17.180435539899804
"['Lignin (wt%)', 'Co-polyol type (PTHF)', 'r', 'Isocyanate (wt%)', 'Isocyanate (mmol NCO)', 'Isocyonate type', 'tin(II) octoate', 'Sratio(%)']",8,700,0.297113209474601,500.8350087314008,16.53043283748622,0.1752730735765291,0.4189533453726729,396.1732470955182,605.4967703672834,15.169598782269114,17.891266892703328,0.3813415178070817,453.54232210661394,16.352594440270426,0.32886289687439374,0.43382013873976966,414.21141424475655,492.8732299684713,15.526059223637292,17.17912965690356
"['Lignin (wt%)', 'Co-polyol type (PTHF)', 'r', 'Isocyanate (wt%)', 'Isocyanate (mmol NCO)', 'Isocyonate type', 'tin(II) octoate', 'Sratio(%)']",8,800,0.29641154800927694,501.3366653001205,16.531218800117895,0.17441068826105047,0.41841240775750344,396.3841461014507,606.2891844987903,15.17268261716667,17.889754983069118,0.3823662234177763,452.7791987450977,16.3140547221382,0.3311798565332302,0.43355259030232246,414.4552894703245,491.1031080198709,15.525100823995235,17.103008620281162
"['Lignin (wt%)', 'Co-polyol type (PTHF)', 'r', 'Isocyanate (wt%)', 'Isocyanate (mmol NCO)', 'Isocyonate type', 'tin(II) octoate', 'Sratio(%)']",8,900,0.29679148881253375,501.0644954050178,16.505094096685188,0.1745814931803374,0.4190014844447301,396.0653751909025,606.0636156191331,15.14992834429205,17.860259849078325,0.3821884865931091,452.91615545571693,16.319788903216544,0.3301968459229839,0.43418012726323435,413.9861969117294,491.84611399970447,15.51387765218154,17.125700154251547
"['Lignin (wt%)', 'Co-polyol type (PTHF)', 'r', 'Isocyanate (wt%)', 'Isocyanate (mmol NCO)', 'Isocyonate type', 'tin(II) octoate', 'Sratio(%)']",8,1000,0.3016940689273083,497.3042375505882,16.47838277804201,0.1825404340618314,0.42084770379278524,395.21826255912356,599.3902125420528,15.130207895774944,17.826557660309078,0.379911268376611,454.53351800206076,16.35983331135852,0.32782652216605,0.43199601458717196,415.86500961136124,493.2020263927603,15.566533147627167,17.153133475089874
"['Lignin (wt%)', 'Co-polyol type (PTHF)', 'r', 'Copolyol (wt%)', 'Isocyanate (wt%)', 'Isocyanate (mmol NCO)', 'Isocyonate type', 'tin(II) octoate', 'Sratio(%)']",9,1,0.2993638094064872,494.37707205189116,17.05000573074478,0.20346709999848803,0.39526051881448643,429.83244757500586,558.9216965287765,16.105412583239893,17.994598878249665,0.31800790623201497,500.01573258782946,17.329575162335153,0.2636611848370209,0.37235462762700905,458.49790785370806,541.5335573219509,16.319219075012366,18.33993124965794
"['Lignin (wt%)', 'Co-polyol type (PTHF)', 'r', 'Copolyol (wt%)', 'Isocyanate (wt%)', 'Isocyanate (mmol NCO)', 'Isocyonate type', 'tin(II) octoate', 'Sratio(%)']",9,10,0.2925095196391939,503.73521058806244,16.88871991125405,0.18369668043816284,0.401322358840225,412.21810462330035,595.2523165528245,15.693298960824725,18.084140861683373,0.36365079573131315,466.45108433647664,16.67313983403728,0.31910283690778196,0.40819875455484433,433.11001630721495,499.79215236573833,15.972224333082448,17.37405533499211
"['Lignin (wt%)', 'Co-polyol type (PTHF)', 'r', 'Copolyol (wt%)', 'Isocyanate (wt%)', 'Isocyanate (mmol NCO)', 'Isocyonate type', 'tin(II) octoate', 'Sratio(%)']",9,50,0.29908836313600057,499.55473080793837,16.64516366590691,0.19900084842293417,0.39917587784906694,409.79732854511974,589.312133070757,15.41059155883247,17.879735772981352,0.3724165596673164,460.16206464134666,16.434096425042174,0.319161064880793,0.4256720544538398,419.7884321476023,500.535697135091,15.574176338421031,17.294016511663315
"['Lignin (wt%)', 'Co-polyol type (PTHF)', 'r', 'Copolyol (wt%)', 'Isocyanate (wt%)', 'Isocyanate (mmol NCO)', 'Isocyonate type', 'tin(II) octoate', 'Sratio(%)']",9,100,0.3039185440804408,494.97669189717806,16.583205977842407,0.2081085684043432,0.39972851975653834,410.8210078271986,579.1323759671575,15.455274775651425,17.71113718003339,0.37320099747804375,459.3715231839913,16.421763773399995,0.3207838587406407,0.4256181362154468,421.0405738796415,497.70247248834113,15.642887661762193,17.2006398850378
"['Lignin (wt%)', 'Co-polyol type (PTHF)', 'r', 'Copolyol (wt%)', 'Isocyanate (wt%)', 'Isocyanate (mmol NCO)', 'Isocyonate type', 'tin(II) octoate', 'Sratio(%)']",9,200,0.30194913337816776,497.361549747983,16.53284967501686,0.1995361056695938,0.4043621610867417,404.57350163784406,590.149597858122,15.4377739581885,17.627925391845217,0.3737489038160936,459.01330904430563,16.43465724071205,0.32218084838646927,0.42531695924571794,421.1061010871125,496.92051700149875,15.67837478884734,17.19093969257676
"['Lignin (wt%)', 'Co-polyol type (PTHF)', 'r', 'Copolyol (wt%)', 'Isocyanate (wt%)', 'Isocyanate (mmol NCO)', 'Isocyonate type', 'tin(II) octoate', 'Sratio(%)']",9,300,0.30648730601764945,494.2702565644332,16.523399034159596,0.20819292077614138,0.40478169125915753,405.6966254272028,582.8438877016637,15.298869677021752,17.74792839129744,0.3739798240156634,458.9335400555354,16.431524897217535,0.32138670189655283,0.4265729461347739,419.6860535760897,498.1810265349811,15.682453905378253,17.180595889056818
"['Lignin (wt%)', 'Co-polyol type (PTHF)', 'r', 'Copolyol (wt%)', 'Isocyanate (wt%)', 'Isocyanate (mmol NCO)', 'Isocyonate type', 'tin(II) octoate', 'Sratio(%)']",9,400,0.3084169917698807,493.0329476922264,16.50273320193017,0.20883879976830816,0.4079951837714532,403.69269087281504,582.3732045116378,15.27547039285022,17.72999601101012,0.372679901246903,459.8761302755537,16.437066079589222,0.3207749121464615,0.4245848903473445,421.1501398150548,498.6021207360526,15.695832313360475,17.17829984581797
"['Lignin (wt%)', 'Co-polyol type (PTHF)', 'r', 'Copolyol (wt%)', 'Isocyanate (wt%)', 'Isocyanate (mmol NCO)', 'Isocyonate type', 'tin(II) octoate', 'Sratio(%)']",9,500,0.3029433523935349,497.05923857688185,16.552247048394943,0.20315853774615655,0.4027281670409133,406.50895991208137,587.6095172416823,15.318974894783182,17.785519202006704,0.3717311647776576,460.58024110325596,16.436601316806744,0.3191927941330391,0.42426953542227613,421.3330188856863,499.82746332082564,15.669854661538308,17.20334797207518
"['Lignin (wt%)', 'Co-polyol type (PTHF)', 'r', 'Copolyol (wt%)', 'Isocyanate (wt%)', 'Isocyanate (mmol NCO)', 'Isocyonate type', 'tin(II) octoate', 'Sratio(%)']",9,600,0.30363212171122855,496.80581297921697,16.55150318158562,0.20226193685292015,0.40500230656953695,404.4357654689955,589.1758604894385,15.313822530734933,17.789183832436308,0.3710517245987903,461.07242894675164,16.4470211149058,0.3184637318249443,0.42363971737263634,421.83038352555695,500.31447436794633,15.673669618038184,17.22037261177342
"['Lignin (wt%)', 'Co-polyol type (PTHF)', 'r', 'Copolyol (wt%)', 'Isocyanate (wt%)', 'Isocyanate (mmol NCO)', 'Isocyonate type', 'tin(II) octoate', 'Sratio(%)']",9,700,0.30446782938243483,495.9742937033734,16.469834669657565,0.20248772495375195,0.4064479338111177,403.5884620266147,588.3601253801321,15.223077740278095,17.716591599037038,0.37350410513340504,459.2505023393509,16.358528315235986,0.3208763799753707,0.42613183029143936,420.1619922689915,498.3390124097102,15.60251460419329,17.11454202627868
"['Lignin (wt%)', 'Co-polyol type (PTHF)', 'r', 'Copolyol (wt%)', 'Isocyanate (wt%)', 'Isocyanate (mmol NCO)', 'Isocyonate type', 'tin(II) octoate', 'Sratio(%)']",9,800,0.3114219823040013,490.7235566070449,16.336018361096528,0.20439181553945546,0.41845214906854716,395.91986077523006,585.5272524388597,15.113211952654638,17.55882476953842,0.3723939283124603,460.031815782562,16.3392488894386,0.320225353400501,0.42456250322441963,421.4720163249988,498.5916152401252,15.576654728519143,17.10184305035806
"['Lignin (wt%)', 'Co-polyol type (PTHF)', 'r', 'Copolyol (wt%)', 'Isocyanate (wt%)', 'Isocyanate (mmol NCO)', 'Isocyonate type', 'tin(II) octoate', 'Sratio(%)']",9,900,0.312032790626399,490.31736296431717,16.32564038944418,0.2059160339776681,0.4181495472751299,396.0504116809714,584.5843142476629,15.10212512572973,17.549155653158635,0.37228032846281167,460.1157471540885,16.334540009033848,0.32021879586912905,0.4243418610564943,421.6118502312715,498.61964407690556,15.576031516946415,17.09304850112128
"['Lignin (wt%)', 'Co-polyol type (PTHF)', 'r', 'Copolyol (wt%)', 'Isocyanate (wt%)', 'Isocyanate (mmol NCO)', 'Isocyonate type', 'tin(II) octoate', 'Sratio(%)']",9,1000,0.31294176403187074,489.74344678009686,16.302828003449505,0.2066328090795313,0.4192507189842102,395.08803150293,584.3988620572637,15.07602415050907,17.52963185638994,0.3724352961284211,460.0090342607009,16.331213363496573,0.3201904769996233,0.4246801152572189,421.3430959649015,498.6749725565003,15.571498503057914,17.090928223935233
